Numéro ANFR,Date dernière demande ANFR,Date dernière décision ANFR,Lieu-dit,Adresse 1,Adresse 2,Adresse 3,Code INSEE de la commune,Ville issue du code INSEE,Numéro du support,Support mutualisé oui/non,Stations sur le support,Nature du support,Hauteur du support,Latitude,Longitude,Altitude à la base NGF,Numéro de l'aérien,Azimut (degrés),Hauteur de l'antenne / sol
0592751606,17/04/2025,07/11/2025,,63 R KLÉBER,,,59220,FACHES-THUMESNIL,3092295,non,,Immeuble,"17,3",50°35'25''N,3°4'26''E,56,9730802,75.0,"16,2"
0592751606,17/04/2025,07/11/2025,,63 R KLÉBER,,,59220,FACHES-THUMESNIL,3092295,non,,Immeuble,"17,3",50°35'25''N,3°4'26''E,56,9730804,200.0,"16,2"
0592751606,17/04/2025,07/11/2025,,63 R KLÉBER,,,59220,FACHES-THUMESNIL,3092295,non,,Immeuble,"17,3",50°35'25''N,3°4'26''E,56,9730800,330.0,"16,2"
0592751576,12/09/2024,11/10/2024,,GARE LILLE EUROPE,AV LE CORBUSIER,,59350,LILLE,3025788,non,,Bâtiment,13,50°38'24''N,3°4'29''E,25,9430041,150.0,"4,5"
0592751576,12/09/2024,11/10/2024,,GARE LILLE EUROPE,AV LE CORBUSIER,,59350,LILLE,3025788,non,,Bâtiment,13,50°38'24''N,3°4'29''E,25,9430039,123.0,2
0592751576,12/09/2024,11/10/2024,,GARE LILLE EUROPE,AV LE CORBUSIER,,59350,LILLE,3025788,non,,Bâtiment,13,50°38'24''N,3°4'29''E,25,9430045,118.0,2
0592751576,12/09/2024,11/10/2024,,GARE LILLE EUROPE,AV LE CORBUSIER,,59350,LILLE,3025788,non,,Bâtiment,13,50°38'24''N,3°4'29''E,25,9430043,290.0,"4,5"
0592751576,12/09/2024,11/10/2024,,GARE LILLE EUROPE,AV LE CORBUSIER,,59350,LILLE,3025788,non,,Bâtiment,13,50°38'24''N,3°4'29''E,25,9430037,345.0,2
0592751575,23/08/2024,20/09/2024,,32 BD DE MULHOUSE,,,59512,ROUBAIX,3019557,non,,Bâtiment,"29,4",50°41'7''N,3°11'41''E,21,9405021,285.0,28
0592751575,23/08/2024,20/09/2024,,32 BD DE MULHOUSE,,,59512,ROUBAIX,3019557,non,,Bâtiment,"29,4",50°41'7''N,3°11'41''E,21,9405017,70.0,28
0592751575,23/08/2024,20/09/2024,,32 BD DE MULHOUSE,,,59512,ROUBAIX,3019557,non,,Bâtiment,"29,4",50°41'7''N,3°11'41''E,21,9405019,185.0,28
0592751573,24/02/2025,28/03/2025,,84 RUE FRANCOIS HERBO,,,59449,ORCHIES,3007065,oui,,Bâtiment,"54,6",50°28'46''N,3°14'50''E,34,9353348,60.0,"46,1"
0592751573,24/02/2025,28/03/2025,,84 RUE FRANCOIS HERBO,,,59449,ORCHIES,3007065,oui,,Bâtiment,"54,6",50°28'46''N,3°14'50''E,34,9353350,180.0,"46,1"
0592751573,24/02/2025,28/03/2025,,84 RUE FRANCOIS HERBO,,,59449,ORCHIES,3007065,oui,,Bâtiment,"54,6",50°28'46''N,3°14'50''E,34,9353352,300.0,"46,1"
0592751566,06/07/2024,09/08/2024,,9 R DES COULONS,,,59599,TOURCOING,3004959,non,,Immeuble,"21,3",50°43'24''N,3°8'52''E,"47,8",9344710,70.0,"20,2"
0592751566,06/07/2024,09/08/2024,,9 R DES COULONS,,,59599,TOURCOING,3004959,non,,Immeuble,"21,3",50°43'24''N,3°8'52''E,"47,8",9344712,200.0,"20,2"
0592751566,06/07/2024,09/08/2024,,9 R DES COULONS,,,59599,TOURCOING,3004959,non,,Immeuble,"21,3",50°43'24''N,3°8'52''E,"47,8",9344708,320.0,"20,2"
0592751563,26/06/2024,26/07/2024,,42-44 RUE PIERRE CURIE,,,59350,LILLE,3000953,oui,,Immeuble,20,50°38'1''N,3°6'34''E,26,9326038,95.0,"17,5"
0592751563,26/06/2024,26/07/2024,,42-44 RUE PIERRE CURIE,,,59350,LILLE,3000953,oui,,Immeuble,20,50°38'1''N,3°6'34''E,26,9326036,275.0,"17,5"
0592751563,26/06/2024,26/07/2024,,42-44 RUE PIERRE CURIE,,,59350,LILLE,3000953,oui,,Immeuble,20,50°38'1''N,3°6'34''E,26,9326040,185.0,"17,5"
0592751553,25/04/2024,27/05/2024,,303 AVENUE DES NATIONS UNIES,ROND POINT JEAN MONNET,,59512,ROUBAIX,2972558,non,,Bâtiment,"23,2",50°41'34''N,3°10'37''E,19,9202917,10.0,"21,8"
0592751553,25/04/2024,27/05/2024,,303 AVENUE DES NATIONS UNIES,ROND POINT JEAN MONNET,,59512,ROUBAIX,2972558,non,,Bâtiment,"23,2",50°41'34''N,3°10'37''E,19,9202921,200.0,"21,8"
0592751553,25/04/2024,27/05/2024,,303 AVENUE DES NATIONS UNIES,ROND POINT JEAN MONNET,,59512,ROUBAIX,2972558,non,,Bâtiment,"23,2",50°41'34''N,3°10'37''E,19,9202919,100.0,"21,8"
0592751548,18/04/2024,17/05/2024,,105 R DU CHATEAU DELATTRE (RESIDENCE DELATTRE),,,59178,DOUAI,2970612,oui,,Immeuble,37,50°23'45''N,3°4'54''E,22,9192186,0.0,"35,2"
0592751548,18/04/2024,17/05/2024,,105 R DU CHATEAU DELATTRE (RESIDENCE DELATTRE),,,59178,DOUAI,2970612,oui,,Immeuble,37,50°23'45''N,3°4'54''E,22,9192188,90.0,"35,2"
0592751548,18/04/2024,17/05/2024,,105 R DU CHATEAU DELATTRE (RESIDENCE DELATTRE),,,59178,DOUAI,2970612,oui,,Immeuble,37,50°23'45''N,3°4'54''E,22,9192190,180.0,"35,2"
0592751526,14/12/2023,12/01/2024,,2 rue de Lockweiller,Résidence Foch,,59324,JEUMONT,2890528,oui,,Immeuble,28,50°17'52''N,4°5'54''E,125,8878331,10.0,"25,8"
0592751526,14/12/2023,12/01/2024,,2 rue de Lockweiller,Résidence Foch,,59324,JEUMONT,2890528,oui,,Immeuble,28,50°17'52''N,4°5'54''E,125,8878333,110.0,"25,8"
0592751526,14/12/2023,12/01/2024,,2 rue de Lockweiller,Résidence Foch,,59324,JEUMONT,2890528,oui,,Immeuble,28,50°17'52''N,4°5'54''E,125,8878335,220.0,"22,8"
0592751524,01/12/2023,04/01/2024,,172 R JEAN BAPTISTE LEBAS,,,59367,LYS-LEZ-LANNOY,2918894,non,,Immeuble,17,50°40'16''N,3°13'18''E,28,8988502,335.0,"16,1"
0592751524,01/12/2023,04/01/2024,,172 R JEAN BAPTISTE LEBAS,,,59367,LYS-LEZ-LANNOY,2918894,non,,Immeuble,17,50°40'16''N,3°13'18''E,28,8988504,215.0,"16,1"
0592751518,09/11/2023,08/12/2023,,471 RUE Louis Braille,,,59183,DUNKERQUE,2802601,oui,,Immeuble,"19,5",51°1'50''N,2°23'5''E,5,8530967,120.0,"18,3"
0592751518,09/11/2023,08/12/2023,,471 RUE Louis Braille,,,59183,DUNKERQUE,2802601,oui,,Immeuble,"19,5",51°1'50''N,2°23'5''E,5,8530965,30.0,"18,3"
0592751518,09/11/2023,08/12/2023,,471 RUE Louis Braille,,,59183,DUNKERQUE,2802601,oui,,Immeuble,"19,5",51°1'50''N,2°23'5''E,5,8530963,240.0,"18,3"
0592751518,09/11/2023,08/12/2023,,471 RUE Louis Braille,,,59183,DUNKERQUE,2802601,oui,,Immeuble,"19,5",51°1'50''N,2°23'5''E,5,8530971,120.0,"18,9"
0592751518,09/11/2023,08/12/2023,,471 RUE Louis Braille,,,59183,DUNKERQUE,2802601,oui,,Immeuble,"19,5",51°1'50''N,2°23'5''E,5,8530969,30.0,"18,9"
0592751518,09/11/2023,08/12/2023,,471 RUE Louis Braille,,,59183,DUNKERQUE,2802601,oui,,Immeuble,"19,5",51°1'50''N,2°23'5''E,5,8530973,240.0,"18,9"
0592751515,06/10/2023,10/11/2023,Stade Pierre Mauroy,261 Boulevard de Tournai,Tribune Ouest,,59009,VILLENEUVE-D'ASCQ,1918976,oui,,Bâtiment,42,50°36'43''N,3°7'47''E,38,8835292,221.0,"27,1"
0592751515,06/10/2023,10/11/2023,Stade Pierre Mauroy,261 Boulevard de Tournai,Tribune Ouest,,59009,VILLENEUVE-D'ASCQ,1918976,oui,,Bâtiment,42,50°36'43''N,3°7'47''E,38,8835300,255.0,"25,9"
0592751515,06/10/2023,10/11/2023,Stade Pierre Mauroy,261 Boulevard de Tournai,Tribune Ouest,,59009,VILLENEUVE-D'ASCQ,1918976,oui,,Bâtiment,42,50°36'43''N,3°7'47''E,38,8835310,75.0,"25,9"
0592751515,06/10/2023,10/11/2023,Stade Pierre Mauroy,261 Boulevard de Tournai,Tribune Ouest,,59009,VILLENEUVE-D'ASCQ,1918976,oui,,Bâtiment,42,50°36'43''N,3°7'47''E,38,8835294,255.0,"26,4"
0592751515,06/10/2023,10/11/2023,Stade Pierre Mauroy,261 Boulevard de Tournai,Tribune Ouest,,59009,VILLENEUVE-D'ASCQ,1918976,oui,,Bâtiment,42,50°36'43''N,3°7'47''E,38,8835302,255.0,"26,4"
0592751515,06/10/2023,10/11/2023,Stade Pierre Mauroy,261 Boulevard de Tournai,Tribune Ouest,,59009,VILLENEUVE-D'ASCQ,1918976,oui,,Bâtiment,42,50°36'43''N,3°7'47''E,38,8835308,289.0,"27,1"
0592751515,06/10/2023,10/11/2023,Stade Pierre Mauroy,261 Boulevard de Tournai,Tribune Ouest,,59009,VILLENEUVE-D'ASCQ,1918976,oui,,Bâtiment,42,50°36'43''N,3°7'47''E,38,8835306,289.0,"28,3"
0592751515,06/10/2023,10/11/2023,Stade Pierre Mauroy,261 Boulevard de Tournai,Tribune Ouest,,59009,VILLENEUVE-D'ASCQ,1918976,oui,,Bâtiment,42,50°36'43''N,3°7'47''E,38,8835296,255.0,"25,9"
0592751515,06/10/2023,10/11/2023,Stade Pierre Mauroy,261 Boulevard de Tournai,Tribune Ouest,,59009,VILLENEUVE-D'ASCQ,1918976,oui,,Bâtiment,42,50°36'43''N,3°7'47''E,38,8835298,255.0,"26,4"
0592751515,06/10/2023,10/11/2023,Stade Pierre Mauroy,261 Boulevard de Tournai,Tribune Ouest,,59009,VILLENEUVE-D'ASCQ,1918976,oui,,Bâtiment,42,50°36'43''N,3°7'47''E,38,8835304,255.0,"25,9"
0592751515,06/10/2023,10/11/2023,Stade Pierre Mauroy,261 Boulevard de Tournai,Tribune Ouest,,59009,VILLENEUVE-D'ASCQ,1918976,oui,,Bâtiment,42,50°36'43''N,3°7'47''E,38,8835290,221.0,"28,3"
0592751514,06/10/2023,10/11/2023,Stade Pierre Mauroy,261 Boulevard de Tournai,Tribune Sud,,59009,VILLENEUVE-D'ASCQ,1918981,oui,,Bâtiment,42,50°36'40''N,3°7'51''E,38,8835258,165.0,"26,2"
0592751514,06/10/2023,10/11/2023,Stade Pierre Mauroy,261 Boulevard de Tournai,Tribune Sud,,59009,VILLENEUVE-D'ASCQ,1918981,oui,,Bâtiment,42,50°36'40''N,3°7'51''E,38,8835256,165.0,"26,8"
0592751514,06/10/2023,10/11/2023,Stade Pierre Mauroy,261 Boulevard de Tournai,Tribune Sud,,59009,VILLENEUVE-D'ASCQ,1918981,oui,,Bâtiment,42,50°36'40''N,3°7'51''E,38,8835266,345.0,"26,2"
0592751514,06/10/2023,10/11/2023,Stade Pierre Mauroy,261 Boulevard de Tournai,Tribune Sud,,59009,VILLENEUVE-D'ASCQ,1918981,oui,,Bâtiment,42,50°36'40''N,3°7'51''E,38,8835260,165.0,"26,8"
0592751514,06/10/2023,10/11/2023,Stade Pierre Mauroy,261 Boulevard de Tournai,Tribune Sud,,59009,VILLENEUVE-D'ASCQ,1918981,oui,,Bâtiment,42,50°36'40''N,3°7'51''E,38,8835262,165.0,"26,2"
0592751514,06/10/2023,10/11/2023,Stade Pierre Mauroy,261 Boulevard de Tournai,Tribune Sud,,59009,VILLENEUVE-D'ASCQ,1918981,oui,,Bâtiment,42,50°36'40''N,3°7'51''E,38,8835264,345.0,"26,2"
0592751513,06/10/2023,10/11/2023,Stade Pierre Mauroy,261 Boulevard de Tournai,Tribune Est,,59009,VILLENEUVE-D'ASCQ,2879685,oui,,Bâtiment,42,50°36'43''N,3°7'53''E,38,8835270,41.0,"27,1"
0592751513,06/10/2023,10/11/2023,Stade Pierre Mauroy,261 Boulevard de Tournai,Tribune Est,,59009,VILLENEUVE-D'ASCQ,2879685,oui,,Bâtiment,42,50°36'43''N,3°7'53''E,38,8835286,109.0,"27,1"
0592751513,06/10/2023,10/11/2023,Stade Pierre Mauroy,261 Boulevard de Tournai,Tribune Est,,59009,VILLENEUVE-D'ASCQ,2879685,oui,,Bâtiment,42,50°36'43''N,3°7'53''E,38,8835278,75.0,"25,9"
0592751513,06/10/2023,10/11/2023,Stade Pierre Mauroy,261 Boulevard de Tournai,Tribune Est,,59009,VILLENEUVE-D'ASCQ,2879685,oui,,Bâtiment,42,50°36'43''N,3°7'53''E,38,8835280,75.0,"26,4"
0592751513,06/10/2023,10/11/2023,Stade Pierre Mauroy,261 Boulevard de Tournai,Tribune Est,,59009,VILLENEUVE-D'ASCQ,2879685,oui,,Bâtiment,42,50°36'43''N,3°7'53''E,38,8835276,75.0,"26,4"
0592751513,06/10/2023,10/11/2023,Stade Pierre Mauroy,261 Boulevard de Tournai,Tribune Est,,59009,VILLENEUVE-D'ASCQ,2879685,oui,,Bâtiment,42,50°36'43''N,3°7'53''E,38,8835274,75.0,"25,9"
0592751513,06/10/2023,10/11/2023,Stade Pierre Mauroy,261 Boulevard de Tournai,Tribune Est,,59009,VILLENEUVE-D'ASCQ,2879685,oui,,Bâtiment,42,50°36'43''N,3°7'53''E,38,8835272,75.0,"26,4"
0592751513,06/10/2023,10/11/2023,Stade Pierre Mauroy,261 Boulevard de Tournai,Tribune Est,,59009,VILLENEUVE-D'ASCQ,2879685,oui,,Bâtiment,42,50°36'43''N,3°7'53''E,38,8835268,41.0,"28,3"
0592751513,06/10/2023,10/11/2023,Stade Pierre Mauroy,261 Boulevard de Tournai,Tribune Est,,59009,VILLENEUVE-D'ASCQ,2879685,oui,,Bâtiment,42,50°36'43''N,3°7'53''E,38,8835284,109.0,"28,3"
0592751513,06/10/2023,10/11/2023,Stade Pierre Mauroy,261 Boulevard de Tournai,Tribune Est,,59009,VILLENEUVE-D'ASCQ,2879685,oui,,Bâtiment,42,50°36'43''N,3°7'53''E,38,8835282,75.0,"25,9"
0592751513,06/10/2023,10/11/2023,Stade Pierre Mauroy,261 Boulevard de Tournai,Tribune Est,,59009,VILLENEUVE-D'ASCQ,2879685,oui,,Bâtiment,42,50°36'43''N,3°7'53''E,38,8835288,255.0,"25,9"
0592751512,06/10/2023,10/11/2023,Stade Pierre Mauroy,261 Boulevard de Tournai,Tribune Nord,,59009,VILLENEUVE-D'ASCQ,1918986,oui,,Bâtiment,42,50°36'45''N,3°7'50''E,38,8835250,345.0,"26,2"
0592751512,06/10/2023,10/11/2023,Stade Pierre Mauroy,261 Boulevard de Tournai,Tribune Nord,,59009,VILLENEUVE-D'ASCQ,1918986,oui,,Bâtiment,42,50°36'45''N,3°7'50''E,38,8835254,165.0,"26,2"
0592751512,06/10/2023,10/11/2023,Stade Pierre Mauroy,261 Boulevard de Tournai,Tribune Nord,,59009,VILLENEUVE-D'ASCQ,1918986,oui,,Bâtiment,42,50°36'45''N,3°7'50''E,38,8835252,165.0,"26,2"
0592751512,06/10/2023,10/11/2023,Stade Pierre Mauroy,261 Boulevard de Tournai,Tribune Nord,,59009,VILLENEUVE-D'ASCQ,1918986,oui,,Bâtiment,42,50°36'45''N,3°7'50''E,38,8835246,345.0,"26,2"
0592751512,06/10/2023,10/11/2023,Stade Pierre Mauroy,261 Boulevard de Tournai,Tribune Nord,,59009,VILLENEUVE-D'ASCQ,1918986,oui,,Bâtiment,42,50°36'45''N,3°7'50''E,38,8835244,345.0,"26,8"
0592751512,06/10/2023,10/11/2023,Stade Pierre Mauroy,261 Boulevard de Tournai,Tribune Nord,,59009,VILLENEUVE-D'ASCQ,1918986,oui,,Bâtiment,42,50°36'45''N,3°7'50''E,38,8835248,345.0,"26,8"
0592751510,23/04/2025,23/05/2025,,28 à 36 r du commerce,SLE Habitat,,59507,RONCHIN,1415458,oui,,Immeuble,"22,7",50°36'33''N,3°5'0''E,34,8880839,190.0,"18,2"
0592751510,23/04/2025,23/05/2025,,28 à 36 r du commerce,SLE Habitat,,59507,RONCHIN,1415458,oui,,Immeuble,"22,7",50°36'33''N,3°5'0''E,34,8880837,120.0,"18,2"
0592751510,23/04/2025,23/05/2025,,28 à 36 r du commerce,SLE Habitat,,59507,RONCHIN,1415458,oui,,Immeuble,"22,7",50°36'33''N,3°5'0''E,34,9889522,190.0,"18,7"
0592751510,23/04/2025,23/05/2025,,28 à 36 r du commerce,SLE Habitat,,59507,RONCHIN,1415458,oui,,Immeuble,"22,7",50°36'33''N,3°5'0''E,34,8880835,300.0,"18,2"
0592751510,23/04/2025,23/05/2025,,28 à 36 r du commerce,SLE Habitat,,59507,RONCHIN,1415458,oui,,Immeuble,"22,7",50°36'33''N,3°5'0''E,34,9889518,300.0,"18,7"
0592751510,23/04/2025,23/05/2025,,28 à 36 r du commerce,SLE Habitat,,59507,RONCHIN,1415458,oui,,Immeuble,"22,7",50°36'33''N,3°5'0''E,34,9889520,120.0,"18,7"
0592751509,22/09/2023,20/10/2023,,2 AV HENRI POINCARÉ,PARKING 4 CANTONS,,59009,VILLENEUVE-D'ASCQ,2890648,non,,Immeuble,"23,5",50°36'13''N,3°8'21''E,41,8880774,320.0,"22,1"
0592751509,22/09/2023,20/10/2023,,2 AV HENRI POINCARÉ,PARKING 4 CANTONS,,59009,VILLENEUVE-D'ASCQ,2890648,non,,Immeuble,"23,5",50°36'13''N,3°8'21''E,41,8880776,50.0,"22,1"
0592751509,22/09/2023,20/10/2023,,2 AV HENRI POINCARÉ,PARKING 4 CANTONS,,59009,VILLENEUVE-D'ASCQ,2890648,non,,Immeuble,"23,5",50°36'13''N,3°8'21''E,41,8880778,210.0,"22,1"
0592751508,18/04/2025,23/05/2025,,1 R RACINE,,,59299,HEM,2890872,oui,,Immeuble,13,50°40'11''N,3°10'34''E,47,8880770,150.0,"11,5"
0592751508,18/04/2025,23/05/2025,,1 R RACINE,,,59299,HEM,2890872,oui,,Immeuble,13,50°40'11''N,3°10'34''E,47,9885254,150.0,11
0592751508,18/04/2025,23/05/2025,,1 R RACINE,,,59299,HEM,2890872,oui,,Immeuble,13,50°40'11''N,3°10'34''E,47,8880768,330.0,"11,5"
0592751508,18/04/2025,23/05/2025,,1 R RACINE,,,59299,HEM,2890872,oui,,Immeuble,13,50°40'11''N,3°10'34''E,47,8880772,240.0,"11,5"
0592751508,18/04/2025,23/05/2025,,1 R RACINE,,,59299,HEM,2890872,oui,,Immeuble,13,50°40'11''N,3°10'34''E,47,9885256,240.0,11
0592751508,18/04/2025,23/05/2025,,1 R RACINE,,,59299,HEM,2890872,oui,,Immeuble,13,50°40'11''N,3°10'34''E,47,9885252,330.0,11
0592751505,27/03/2025,07/11/2025,,8 R MAUGRÉ,Central Téléphonique des Bleuets,,59350,LILLE,2895236,oui,,Bâtiment,25,50°38'32''N,3°4'7''E,21,8863315,320.0,"23,8"
0592751505,27/03/2025,07/11/2025,,8 R MAUGRÉ,Central Téléphonique des Bleuets,,59350,LILLE,2895236,oui,,Bâtiment,25,50°38'32''N,3°4'7''E,21,8863313,180.0,"23,8"
0592751505,27/03/2025,07/11/2025,,8 R MAUGRÉ,Central Téléphonique des Bleuets,,59350,LILLE,2895236,oui,,Bâtiment,25,50°38'32''N,3°4'7''E,21,8863311,90.0,"23,8"
0592751501,24/01/2024,23/02/2024,,Avenue du président Kennedy,Résiedence Armstrong,,59365,LOUVROIL,2870026,oui,,Immeuble,"26,2",50°15'28''N,3°56'58''E,141,8797904,60.0,"24,8"
0592751501,24/01/2024,23/02/2024,,Avenue du président Kennedy,Résiedence Armstrong,,59365,LOUVROIL,2870026,oui,,Immeuble,"26,2",50°15'28''N,3°56'58''E,141,8797908,330.0,"24,8"
0592751501,24/01/2024,23/02/2024,,Avenue du président Kennedy,Résiedence Armstrong,,59365,LOUVROIL,2870026,oui,,Immeuble,"26,2",50°15'28''N,3°56'58''E,141,8797906,240.0,"24,8"
0592751501,24/01/2024,23/02/2024,,Avenue du président Kennedy,Résiedence Armstrong,,59365,LOUVROIL,2870026,oui,,Immeuble,"26,2",50°15'28''N,3°56'58''E,141,8797912,240.0,"24,9"
0592751501,24/01/2024,23/02/2024,,Avenue du président Kennedy,Résiedence Armstrong,,59365,LOUVROIL,2870026,oui,,Immeuble,"26,2",50°15'28''N,3°56'58''E,141,8797914,330.0,"24,9"
0592751501,24/01/2024,23/02/2024,,Avenue du président Kennedy,Résiedence Armstrong,,59365,LOUVROIL,2870026,oui,,Immeuble,"26,2",50°15'28''N,3°56'58''E,141,8797910,60.0,"24,9"
0592751499,24/06/2025,25/07/2025,,163 Rue EUGENE VARLIN,Résidence Le Carrefour,,59165,CUINCY,2884634,oui,,Immeuble,43,50°23'1''N,3°3'18''E,26,8854315,165.0,"35,6"
0592751499,24/06/2025,25/07/2025,,163 Rue EUGENE VARLIN,Résidence Le Carrefour,,59165,CUINCY,2884634,oui,,Immeuble,43,50°23'1''N,3°3'18''E,26,8854317,256.0,"35,6"
0592751499,24/06/2025,25/07/2025,,163 Rue EUGENE VARLIN,Résidence Le Carrefour,,59165,CUINCY,2884634,oui,,Immeuble,43,50°23'1''N,3°3'18''E,26,9995354,165.0,"35,9"
0592751499,24/06/2025,25/07/2025,,163 Rue EUGENE VARLIN,Résidence Le Carrefour,,59165,CUINCY,2884634,oui,,Immeuble,43,50°23'1''N,3°3'18''E,26,9995356,256.0,"35,9"
0592751499,24/06/2025,25/07/2025,,163 Rue EUGENE VARLIN,Résidence Le Carrefour,,59165,CUINCY,2884634,oui,,Immeuble,43,50°23'1''N,3°3'18''E,26,8854313,0.0,"35,6"
0592751499,24/06/2025,25/07/2025,,163 Rue EUGENE VARLIN,Résidence Le Carrefour,,59165,CUINCY,2884634,oui,,Immeuble,43,50°23'1''N,3°3'18''E,26,9995352,0.0,"37,4"
0592751498,25/08/2023,22/09/2023,,85 R MONGE,,,59512,ROUBAIX,2881601,non,,Bâtiment,30,50°41'23''N,3°11'24''E,23,8843726,160.0,"24,4"
0592751498,25/08/2023,22/09/2023,,85 R MONGE,,,59512,ROUBAIX,2881601,non,,Bâtiment,30,50°41'23''N,3°11'24''E,23,8843728,350.0,"24,4"
0592751498,25/08/2023,22/09/2023,,85 R MONGE,,,59512,ROUBAIX,2881601,non,,Bâtiment,30,50°41'23''N,3°11'24''E,23,8843724,85.0,"24,4"
0592751493,02/07/2024,02/08/2024,,24 Rue LEON DUBLED,,,59606,VALENCIENNES,2854714,non,,Immeuble,"28,3",50°21'14''N,3°29'26''E,49,8739589,90.0,"26,9"
0592751493,02/07/2024,02/08/2024,,24 Rue LEON DUBLED,,,59606,VALENCIENNES,2854714,non,,Immeuble,"28,3",50°21'14''N,3°29'26''E,49,8739591,180.0,"26,9"
0592751493,02/07/2024,02/08/2024,,24 Rue LEON DUBLED,,,59606,VALENCIENNES,2854714,non,,Immeuble,"28,3",50°21'14''N,3°29'26''E,49,8739593,0.0,"26,9"
0592751492,13/06/2023,18/07/2023,,1 R DU CHÂTEAU,,,59343,LESQUIN,2853342,non,,Immeuble,23,50°35'20''N,3°6'35''E,47,8733996,70.0,22
0592751492,13/06/2023,18/07/2023,,1 R DU CHÂTEAU,,,59343,LESQUIN,2853342,non,,Immeuble,23,50°35'20''N,3°6'35''E,47,8733998,145.0,22
0592751492,13/06/2023,18/07/2023,,1 R DU CHÂTEAU,,,59343,LESQUIN,2853342,non,,Immeuble,23,50°35'20''N,3°6'35''E,47,8734000,235.0,22
0592751479,15/06/2023,18/07/2023,,"66, r littré",Hotel BALLADINS,,59350,LILLE,639128,oui,,Immeuble,21,50°37'34''N,3°3'6''E,23,8736982,50.0,"18,5"
0592751479,15/06/2023,18/07/2023,,"66, r littré",Hotel BALLADINS,,59350,LILLE,639128,oui,,Immeuble,21,50°37'34''N,3°3'6''E,23,8736984,300.0,19
0592751477,11/03/2023,14/04/2023,,"31-45, R DES ÉCOLES",,,59367,LYS-LEZ-LANNOY,2813906,non,,Immeuble,"18,6",50°40'21''N,3°12'33''E,"35,5",8588964,320.0,"17,6"
0592751477,11/03/2023,14/04/2023,,"31-45, R DES ÉCOLES",,,59367,LYS-LEZ-LANNOY,2813906,non,,Immeuble,"18,6",50°40'21''N,3°12'33''E,"35,5",8588962,100.0,"17,6"
0592751477,11/03/2023,14/04/2023,,"31-45, R DES ÉCOLES",,,59367,LYS-LEZ-LANNOY,2813906,non,,Immeuble,"18,6",50°40'21''N,3°12'33''E,"35,5",8588960,30.0,"17,6"
0592751475,17/06/2025,18/07/2025,,183 Rue Jean Baptiste Delecluse,,,59163,CROIX,3113328,oui,,Immeuble,19,50°41'5''N,3°8'58''E,42,8658033,130.0,"16,7"
0592751475,17/06/2025,18/07/2025,,183 Rue Jean Baptiste Delecluse,,,59163,CROIX,3113328,oui,,Immeuble,19,50°41'5''N,3°8'58''E,42,8658031,40.0,"16,7"
0592751475,17/06/2025,18/07/2025,,183 Rue Jean Baptiste Delecluse,,,59163,CROIX,3113328,oui,,Immeuble,19,50°41'5''N,3°8'58''E,42,8658035,220.0,"16,7"
0592751475,17/06/2025,18/07/2025,,183 Rue Jean Baptiste Delecluse,,,59163,CROIX,3113328,oui,,Immeuble,19,50°41'5''N,3°8'58''E,42,9975744,220.0,17
0592751475,17/06/2025,18/07/2025,,183 Rue Jean Baptiste Delecluse,,,59163,CROIX,3113328,oui,,Immeuble,19,50°41'5''N,3°8'58''E,42,9975740,40.0,17
0592751475,17/06/2025,18/07/2025,,183 Rue Jean Baptiste Delecluse,,,59163,CROIX,3113328,oui,,Immeuble,19,50°41'5''N,3°8'58''E,42,9975742,130.0,17
0592751463,08/02/2025,14/03/2025,,"9, R GOSSELET",,,59350,LILLE,2784857,oui,,Immeuble,30,50°37'34.790''N,3°3'55.870''E,35,8453467,0.0,"26,8"
0592751463,08/02/2025,14/03/2025,,"9, R GOSSELET",,,59350,LILLE,2784857,oui,,Immeuble,30,50°37'34.790''N,3°3'55.870''E,35,8453469,100.0,"26,8"
0592751463,08/02/2025,14/03/2025,,"9, R GOSSELET",,,59350,LILLE,2784857,oui,,Immeuble,30,50°37'34.790''N,3°3'55.870''E,35,8453471,200.0,"26,8"
0592751437,22/09/2025,07/11/2025,,"173, R DE SOLFÉRINO",,,59350,LILLE,2710167,non,,Immeuble,"27,7",50°37'45''N,3°3'33''E,21,8112018,140.0,"25,2"
0592751437,22/09/2025,07/11/2025,,"173, R DE SOLFÉRINO",,,59350,LILLE,2710167,non,,Immeuble,"27,7",50°37'45''N,3°3'33''E,21,8112026,225.0,"24,6"
0592751437,22/09/2025,07/11/2025,,"173, R DE SOLFÉRINO",,,59350,LILLE,2710167,non,,Immeuble,"27,7",50°37'45''N,3°3'33''E,21,8112028,350.0,"25,2"
0592751437,22/09/2025,07/11/2025,,"173, R DE SOLFÉRINO",,,59350,LILLE,2710167,non,,Immeuble,"27,7",50°37'45''N,3°3'33''E,21,8112020,225.0,25
0592751437,22/09/2025,07/11/2025,,"173, R DE SOLFÉRINO",,,59350,LILLE,2710167,non,,Immeuble,"27,7",50°37'45''N,3°3'33''E,21,8112024,140.0,"24,6"
0592751437,22/09/2025,07/11/2025,,"173, R DE SOLFÉRINO",,,59350,LILLE,2710167,non,,Immeuble,"27,7",50°37'45''N,3°3'33''E,21,8112022,350.0,"24,6"
0592751435,18/04/2025,23/05/2025,,"117, RUE D'ARTOIS",,,59350,LILLE,2709712,non,,Immeuble,"28,7",50°37'15''N,3°3'41''E,"26,7",8110195,195.0,"26,4"
0592751435,18/04/2025,23/05/2025,,"117, RUE D'ARTOIS",,,59350,LILLE,2709712,non,,Immeuble,"28,7",50°37'15''N,3°3'41''E,"26,7",8110197,350.0,"26,4"
0592751435,18/04/2025,23/05/2025,,"117, RUE D'ARTOIS",,,59350,LILLE,2709712,non,,Immeuble,"28,7",50°37'15''N,3°3'41''E,"26,7",8110199,80.0,"26,4"
0592751435,18/04/2025,23/05/2025,,"117, RUE D'ARTOIS",,,59350,LILLE,2709712,non,,Immeuble,"28,7",50°37'15''N,3°3'41''E,"26,7",9885270,80.0,"25,7"
0592751435,18/04/2025,23/05/2025,,"117, RUE D'ARTOIS",,,59350,LILLE,2709712,non,,Immeuble,"28,7",50°37'15''N,3°3'41''E,"26,7",9885272,195.0,"25,7"
0592751435,18/04/2025,23/05/2025,,"117, RUE D'ARTOIS",,,59350,LILLE,2709712,non,,Immeuble,"28,7",50°37'15''N,3°3'41''E,"26,7",9885274,350.0,"25,7"
0592751432,22/09/2025,07/11/2025,,"194, Place DU BARLET",,,59178,DOUAI,2685999,non,,Immeuble,"21,1",50°21'53''N,3°4'56''E,"28,5",8009951,100.0,"20,1"
0592751432,22/09/2025,07/11/2025,,"194, Place DU BARLET",,,59178,DOUAI,2685999,non,,Immeuble,"21,1",50°21'53''N,3°4'56''E,"28,5",8009953,220.0,"20,1"
0592751432,22/09/2025,07/11/2025,,"194, Place DU BARLET",,,59178,DOUAI,2685999,non,,Immeuble,"21,1",50°21'53''N,3°4'56''E,"28,5",8009949,340.0,"20,1"
0592751421,22/06/2022,22/07/2022,,56  RUE EMILE BASLY,,,59014,ANZIN,2672485,non,,Immeuble,"25,3",50°22'20''N,3°30'0''E,"51,7",7954575,150.0,"24,2"
0592751421,22/06/2022,22/07/2022,,56  RUE EMILE BASLY,,,59014,ANZIN,2672485,non,,Immeuble,"25,3",50°22'20''N,3°30'0''E,"51,7",7954573,60.0,"24,2"
0592751421,22/06/2022,22/07/2022,,56  RUE EMILE BASLY,,,59014,ANZIN,2672485,non,,Immeuble,"25,3",50°22'20''N,3°30'0''E,"51,7",7954577,240.0,"24,2"
0592751421,22/06/2022,22/07/2022,,56  RUE EMILE BASLY,,,59014,ANZIN,2672485,non,,Immeuble,"25,3",50°22'20''N,3°30'0''E,"51,7",7954581,150.0,"24,2"
0592751421,22/06/2022,22/07/2022,,56  RUE EMILE BASLY,,,59014,ANZIN,2672485,non,,Immeuble,"25,3",50°22'20''N,3°30'0''E,"51,7",7954583,240.0,"24,2"
0592751421,22/06/2022,22/07/2022,,56  RUE EMILE BASLY,,,59014,ANZIN,2672485,non,,Immeuble,"25,3",50°22'20''N,3°30'0''E,"51,7",7954579,60.0,"24,2"
0592751408,27/08/2025,26/09/2025,,36 RUE LAVOISIER,,,59507,RONCHIN,2633219,non,,Immeuble,29,50°36'3''N,3°4'38''E,41,7783748,10.0,"16,6"
0592751408,27/08/2025,26/09/2025,,36 RUE LAVOISIER,,,59507,RONCHIN,2633219,non,,Immeuble,29,50°36'3''N,3°4'38''E,41,7783740,240.0,"17,1"
0592751408,27/08/2025,26/09/2025,,36 RUE LAVOISIER,,,59507,RONCHIN,2633219,non,,Immeuble,29,50°36'3''N,3°4'38''E,41,7783744,140.0,"17,6"
0592751408,27/08/2025,26/09/2025,,36 RUE LAVOISIER,,,59507,RONCHIN,2633219,non,,Immeuble,29,50°36'3''N,3°4'38''E,41,7783738,140.0,"17,1"
0592751408,27/08/2025,26/09/2025,,36 RUE LAVOISIER,,,59507,RONCHIN,2633219,non,,Immeuble,29,50°36'3''N,3°4'38''E,41,7783746,240.0,"17,6"
0592751408,27/08/2025,26/09/2025,,36 RUE LAVOISIER,,,59507,RONCHIN,2633219,non,,Immeuble,29,50°36'3''N,3°4'38''E,41,7783742,10.0,"17,2"
0592751407,27/08/2025,26/09/2025,,"3, R PAUL BOURGET",,,59350,LILLE,2632390,non,,Immeuble,"38,3",50°36'13''N,3°3'17''E,40,7780221,80.0,"37,3"
0592751407,27/08/2025,26/09/2025,,"3, R PAUL BOURGET",,,59350,LILLE,2632390,non,,Immeuble,"38,3",50°36'13''N,3°3'17''E,40,7780223,215.0,"37,3"
0592751407,27/08/2025,26/09/2025,,"3, R PAUL BOURGET",,,59350,LILLE,2632390,non,,Immeuble,"38,3",50°36'13''N,3°3'17''E,40,7780225,305.0,"38,2"
0592751407,27/08/2025,26/09/2025,,"3, R PAUL BOURGET",,,59350,LILLE,2632390,non,,Immeuble,"38,3",50°36'13''N,3°3'17''E,40,7780229,215.0,"38,2"
0592751407,27/08/2025,26/09/2025,,"3, R PAUL BOURGET",,,59350,LILLE,2632390,non,,Immeuble,"38,3",50°36'13''N,3°3'17''E,40,7780219,305.0,"37,3"
0592751407,27/08/2025,26/09/2025,,"3, R PAUL BOURGET",,,59350,LILLE,2632390,non,,Immeuble,"38,3",50°36'13''N,3°3'17''E,40,7780227,80.0,"38,2"
0592751405,26/09/2025,07/11/2025,,Rue DE CANNES,,,59350,LILLE,2629202,non,,Immeuble,39,50°36'24''N,3°2'37''E,35,7768930,210.0,"37,1"
0592751405,26/09/2025,07/11/2025,,Rue DE CANNES,,,59350,LILLE,2629202,non,,Immeuble,39,50°36'24''N,3°2'37''E,35,7768926,0.0,"37,1"
0592751405,26/09/2025,07/11/2025,,Rue DE CANNES,,,59350,LILLE,2629202,non,,Immeuble,39,50°36'24''N,3°2'37''E,35,7768934,120.0,"36,6"
0592751405,26/09/2025,07/11/2025,,Rue DE CANNES,,,59350,LILLE,2629202,non,,Immeuble,39,50°36'24''N,3°2'37''E,35,7768928,120.0,"37,1"
0592751405,26/09/2025,07/11/2025,,Rue DE CANNES,,,59350,LILLE,2629202,non,,Immeuble,39,50°36'24''N,3°2'37''E,35,7768936,210.0,"36,6"
0592751405,26/09/2025,07/11/2025,,Rue DE CANNES,,,59350,LILLE,2629202,non,,Immeuble,39,50°36'24''N,3°2'37''E,35,7768932,0.0,"36,6"
0592751402,22/11/2022,23/12/2022,,263 AV LELIEVRE,,,59360,LOOS,2823897,oui,,Immeuble,16,50°37'3''N,3°1'1''E,17,7771168,70.0,"14,8"
0592751402,22/11/2022,23/12/2022,,263 AV LELIEVRE,,,59360,LOOS,2823897,oui,,Immeuble,16,50°37'3''N,3°1'1''E,17,7771178,250.0,"14,8"
0592751402,22/11/2022,23/12/2022,,263 AV LELIEVRE,,,59360,LOOS,2823897,oui,,Immeuble,16,50°37'3''N,3°1'1''E,17,7771172,250.0,"14,8"
0592751402,22/11/2022,23/12/2022,,263 AV LELIEVRE,,,59360,LOOS,2823897,oui,,Immeuble,16,50°37'3''N,3°1'1''E,17,7771170,160.0,"14,8"
0592751402,22/11/2022,23/12/2022,,263 AV LELIEVRE,,,59360,LOOS,2823897,oui,,Immeuble,16,50°37'3''N,3°1'1''E,17,7771176,160.0,"14,8"
0592751402,22/11/2022,23/12/2022,,263 AV LELIEVRE,,,59360,LOOS,2823897,oui,,Immeuble,16,50°37'3''N,3°1'1''E,17,7771174,70.0,"14,8"
0592751398,01/09/2025,03/10/2025,,10 R DE LA VALLEE,,,59606,VALENCIENNES,2610994,non,,Immeuble,21,50°21'47''N,3°30'17''E,51,7688325,70.0,"19,9"
0592751398,01/09/2025,03/10/2025,,10 R DE LA VALLEE,,,59606,VALENCIENNES,2610994,non,,Immeuble,21,50°21'47''N,3°30'17''E,51,7688327,150.0,"19,9"
0592751398,01/09/2025,03/10/2025,,10 R DE LA VALLEE,,,59606,VALENCIENNES,2610994,non,,Immeuble,21,50°21'47''N,3°30'17''E,51,7688323,0.0,"19,9"
0592751398,01/09/2025,03/10/2025,,10 R DE LA VALLEE,,,59606,VALENCIENNES,2610994,non,,Immeuble,21,50°21'47''N,3°30'17''E,51,7688333,150.0,"19,9"
0592751398,01/09/2025,03/10/2025,,10 R DE LA VALLEE,,,59606,VALENCIENNES,2610994,non,,Immeuble,21,50°21'47''N,3°30'17''E,51,7688331,70.0,"19,9"
0592751398,01/09/2025,03/10/2025,,10 R DE LA VALLEE,,,59606,VALENCIENNES,2610994,non,,Immeuble,21,50°21'47''N,3°30'17''E,51,7688329,0.0,"19,9"
0592751395,25/03/2022,25/04/2022,,10-16 RUE JEAN JAURES,BELENCONTRE FIN DE LA GUERRE,,59599,TOURCOING,2807331,oui,,Immeuble,36,50°43'45''N,3°8'57''E,40,7766311,150.0,34
0592751395,25/03/2022,25/04/2022,,10-16 RUE JEAN JAURES,BELENCONTRE FIN DE LA GUERRE,,59599,TOURCOING,2807331,oui,,Immeuble,36,50°43'45''N,3°8'57''E,40,7766315,35.0,"34,9"
0592751395,25/03/2022,25/04/2022,,10-16 RUE JEAN JAURES,BELENCONTRE FIN DE LA GUERRE,,59599,TOURCOING,2807331,oui,,Immeuble,36,50°43'45''N,3°8'57''E,40,7766313,240.0,34
0592751395,25/03/2022,25/04/2022,,10-16 RUE JEAN JAURES,BELENCONTRE FIN DE LA GUERRE,,59599,TOURCOING,2807331,oui,,Immeuble,36,50°43'45''N,3°8'57''E,40,7766309,35.0,34
0592751395,25/03/2022,25/04/2022,,10-16 RUE JEAN JAURES,BELENCONTRE FIN DE LA GUERRE,,59599,TOURCOING,2807331,oui,,Immeuble,36,50°43'45''N,3°8'57''E,40,7766319,240.0,"34,9"
0592751395,25/03/2022,25/04/2022,,10-16 RUE JEAN JAURES,BELENCONTRE FIN DE LA GUERRE,,59599,TOURCOING,2807331,oui,,Immeuble,36,50°43'45''N,3°8'57''E,40,7766317,150.0,"34,9"
0592751394,02/02/2022,04/03/2022,,90 Bd de l'Egalité,OPHLM,,59599,TOURCOING,703347,oui,,Immeuble,27,50°43'48''N,3°10'4''E,38,7668999,10.0,"19,2"
0592751394,02/02/2022,04/03/2022,,90 Bd de l'Egalité,OPHLM,,59599,TOURCOING,703347,oui,,Immeuble,27,50°43'48''N,3°10'4''E,38,7669003,280.0,"19,2"
0592751394,02/02/2022,04/03/2022,,90 Bd de l'Egalité,OPHLM,,59599,TOURCOING,703347,oui,,Immeuble,27,50°43'48''N,3°10'4''E,38,7669001,100.0,"19,2"
0592751394,02/02/2022,04/03/2022,,90 Bd de l'Egalité,OPHLM,,59599,TOURCOING,703347,oui,,Immeuble,27,50°43'48''N,3°10'4''E,38,7669009,280.0,"19,8"
0592751394,02/02/2022,04/03/2022,,90 Bd de l'Egalité,OPHLM,,59599,TOURCOING,703347,oui,,Immeuble,27,50°43'48''N,3°10'4''E,38,7669007,100.0,"19,8"
0592751394,02/02/2022,04/03/2022,,90 Bd de l'Egalité,OPHLM,,59599,TOURCOING,703347,oui,,Immeuble,27,50°43'48''N,3°10'4''E,38,7669005,10.0,"19,8"
0592751390,04/02/2025,07/03/2025,,1 R DU PETIT MOULIN,,,59650,WATTRELOS,2597947,non,,Immeuble,"17,7",50°42'43.747''N,3°11'26.996''E,26,7629665,240.0,"16,3"
0592751390,04/02/2025,07/03/2025,,1 R DU PETIT MOULIN,,,59650,WATTRELOS,2597947,non,,Immeuble,"17,7",50°42'43.747''N,3°11'26.996''E,26,7629663,140.0,"16,3"
0592751390,04/02/2025,07/03/2025,,1 R DU PETIT MOULIN,,,59650,WATTRELOS,2597947,non,,Immeuble,"17,7",50°42'43.747''N,3°11'26.996''E,26,7629661,350.0,"16,3"
0592751390,04/02/2025,07/03/2025,,1 R DU PETIT MOULIN,,,59650,WATTRELOS,2597947,non,,Immeuble,"17,7",50°42'43.747''N,3°11'26.996''E,26,7629667,350.0,"17,3"
0592751390,04/02/2025,07/03/2025,,1 R DU PETIT MOULIN,,,59650,WATTRELOS,2597947,non,,Immeuble,"17,7",50°42'43.747''N,3°11'26.996''E,26,7629671,240.0,"17,3"
0592751390,04/02/2025,07/03/2025,,1 R DU PETIT MOULIN,,,59650,WATTRELOS,2597947,non,,Immeuble,"17,7",50°42'43.747''N,3°11'26.996''E,26,7629669,140.0,"17,3"
0592751388,23/01/2025,21/02/2025,,51 R LÉO LAGRANGE,,,59008,ANICHE,2619252,non,,Immeuble,16,50°19'33''N,3°15'22''E,57,7724815,30.0,15
0592751388,23/01/2025,21/02/2025,,51 R LÉO LAGRANGE,,,59008,ANICHE,2619252,non,,Immeuble,16,50°19'33''N,3°15'22''E,57,7724827,260.0,15
0592751388,23/01/2025,21/02/2025,,51 R LÉO LAGRANGE,,,59008,ANICHE,2619252,non,,Immeuble,16,50°19'33''N,3°15'22''E,57,7724817,150.0,15
0592751388,23/01/2025,21/02/2025,,51 R LÉO LAGRANGE,,,59008,ANICHE,2619252,non,,Immeuble,16,50°19'33''N,3°15'22''E,57,7724823,30.0,15
0592751388,23/01/2025,21/02/2025,,51 R LÉO LAGRANGE,,,59008,ANICHE,2619252,non,,Immeuble,16,50°19'33''N,3°15'22''E,57,7724819,260.0,15
0592751388,23/01/2025,21/02/2025,,51 R LÉO LAGRANGE,,,59008,ANICHE,2619252,non,,Immeuble,16,50°19'33''N,3°15'22''E,57,7724825,150.0,15
0592751384,17/02/2023,17/03/2023,,R LÉONIE VANHOUTTE,RES DE LA LYRE,,59512,ROUBAIX,2586920,non,,Immeuble,"34,8",50°41'7''N,3°12'8''E,25,7576892,250.0,"33,4"
0592751384,17/02/2023,17/03/2023,,R LÉONIE VANHOUTTE,RES DE LA LYRE,,59512,ROUBAIX,2586920,non,,Immeuble,"34,8",50°41'7''N,3°12'8''E,25,7576890,160.0,"33,4"
0592751384,17/02/2023,17/03/2023,,R LÉONIE VANHOUTTE,RES DE LA LYRE,,59512,ROUBAIX,2586920,non,,Immeuble,"34,8",50°41'7''N,3°12'8''E,25,7576894,20.0,"33,4"
0592751384,17/02/2023,17/03/2023,,R LÉONIE VANHOUTTE,RES DE LA LYRE,,59512,ROUBAIX,2586920,non,,Immeuble,"34,8",50°41'7''N,3°12'8''E,25,7576896,20.0,"32,6"
0592751384,17/02/2023,17/03/2023,,R LÉONIE VANHOUTTE,RES DE LA LYRE,,59512,ROUBAIX,2586920,non,,Immeuble,"34,8",50°41'7''N,3°12'8''E,25,7576898,160.0,"32,6"
0592751384,17/02/2023,17/03/2023,,R LÉONIE VANHOUTTE,RES DE LA LYRE,,59512,ROUBAIX,2586920,non,,Immeuble,"34,8",50°41'7''N,3°12'8''E,25,7576888,250.0,"32,6"
0592751383,17/12/2021,14/01/2022,LA MOTTE,RUE DE LILLE,M917,,59279,HALLUIN,2637904,oui,,Immeuble,16,50°46'26''N,3°7'21''E,25,7572846,140.0,"14,5"
0592751383,17/12/2021,14/01/2022,LA MOTTE,RUE DE LILLE,M917,,59279,HALLUIN,2637904,oui,,Immeuble,16,50°46'26''N,3°7'21''E,25,7572848,230.0,"14,6"
0592751383,17/12/2021,14/01/2022,LA MOTTE,RUE DE LILLE,M917,,59279,HALLUIN,2637904,oui,,Immeuble,16,50°46'26''N,3°7'21''E,25,7572844,50.0,"14,5"
0592751383,17/12/2021,14/01/2022,LA MOTTE,RUE DE LILLE,M917,,59279,HALLUIN,2637904,oui,,Immeuble,16,50°46'26''N,3°7'21''E,25,7572854,230.0,"13,7"
0592751383,17/12/2021,14/01/2022,LA MOTTE,RUE DE LILLE,M917,,59279,HALLUIN,2637904,oui,,Immeuble,16,50°46'26''N,3°7'21''E,25,7572850,50.0,"13,9"
0592751383,17/12/2021,14/01/2022,LA MOTTE,RUE DE LILLE,M917,,59279,HALLUIN,2637904,oui,,Immeuble,16,50°46'26''N,3°7'21''E,25,7572852,140.0,"13,9"
0592751381,24/04/2025,,MONT DE FACHES,78-80 AVENUE JEAN-JAURES,,,59507,RONCHIN,3143584,oui,,Bâtiment,"15,4",50°35'28''N,3°5'8''E,56,7579987,320.0,"13,4"
0592751381,24/04/2025,,MONT DE FACHES,78-80 AVENUE JEAN-JAURES,,,59507,RONCHIN,3143584,oui,,Bâtiment,"15,4",50°35'28''N,3°5'8''E,56,7579991,60.0,"13,4"
0592751381,24/04/2025,,MONT DE FACHES,78-80 AVENUE JEAN-JAURES,,,59507,RONCHIN,3143584,oui,,Bâtiment,"15,4",50°35'28''N,3°5'8''E,56,7579989,230.0,"13,4"
0592751381,24/04/2025,,MONT DE FACHES,78-80 AVENUE JEAN-JAURES,,,59507,RONCHIN,3143584,oui,,Bâtiment,"15,4",50°35'28''N,3°5'8''E,56,9885182,320.0,"12,8"
0592751381,24/04/2025,,MONT DE FACHES,78-80 AVENUE JEAN-JAURES,,,59507,RONCHIN,3143584,oui,,Bâtiment,"15,4",50°35'28''N,3°5'8''E,56,9885186,230.0,"12,8"
0592751381,24/04/2025,,MONT DE FACHES,78-80 AVENUE JEAN-JAURES,,,59507,RONCHIN,3143584,oui,,Bâtiment,"15,4",50°35'28''N,3°5'8''E,56,9885184,60.0,"12,8"
0592751380,19/11/2021,17/12/2021,SAINT MAURICE PELLEVOISIN,29 square picardie,,,59350,LILLE,3064048,oui,,Immeuble,21,50°38'56''N,3°5'48''E,36,7446190,310.0,"17,5"
0592751380,19/11/2021,17/12/2021,SAINT MAURICE PELLEVOISIN,29 square picardie,,,59350,LILLE,3064048,oui,,Immeuble,21,50°38'56''N,3°5'48''E,36,7446194,210.0,"17,5"
0592751380,19/11/2021,17/12/2021,SAINT MAURICE PELLEVOISIN,29 square picardie,,,59350,LILLE,3064048,oui,,Immeuble,21,50°38'56''N,3°5'48''E,36,7446192,130.0,"17,5"
0592751380,19/11/2021,17/12/2021,SAINT MAURICE PELLEVOISIN,29 square picardie,,,59350,LILLE,3064048,oui,,Immeuble,21,50°38'56''N,3°5'48''E,36,7446200,210.0,"18,1"
0592751380,19/11/2021,17/12/2021,SAINT MAURICE PELLEVOISIN,29 square picardie,,,59350,LILLE,3064048,oui,,Immeuble,21,50°38'56''N,3°5'48''E,36,7446196,310.0,"18,1"
0592751380,19/11/2021,17/12/2021,SAINT MAURICE PELLEVOISIN,29 square picardie,,,59350,LILLE,3064048,oui,,Immeuble,21,50°38'56''N,3°5'48''E,36,7446198,130.0,"18,1"
0592751379,12/02/2025,14/03/2025,,12-14 rue des cannoniers,,,59350,LILLE,2262786,oui,,Immeuble,36,50°38'23''N,3°4'12''E,19,7529776,70.0,31
0592751379,12/02/2025,14/03/2025,,12-14 rue des cannoniers,,,59350,LILLE,2262786,oui,,Immeuble,36,50°38'23''N,3°4'12''E,19,7529778,270.0,31
0592751379,12/02/2025,14/03/2025,,12-14 rue des cannoniers,,,59350,LILLE,2262786,oui,,Immeuble,36,50°38'23''N,3°4'12''E,19,7529780,70.0,"30,3"
0592751379,12/02/2025,14/03/2025,,12-14 rue des cannoniers,,,59350,LILLE,2262786,oui,,Immeuble,36,50°38'23''N,3°4'12''E,19,7529782,270.0,"30,3"
0592751376,22/11/2022,23/12/2022,,25 RTE DE GONDECOURT,,,59560,SECLIN,2579778,non,,Bâtiment,20,50°32'41.769''N,3°1'7.235''E,25,7540949,80.0,"16,3"
0592751376,22/11/2022,23/12/2022,,25 RTE DE GONDECOURT,,,59560,SECLIN,2579778,non,,Bâtiment,20,50°32'41.769''N,3°1'7.235''E,25,7540943,80.0,"17,3"
0592751376,22/11/2022,23/12/2022,,25 RTE DE GONDECOURT,,,59560,SECLIN,2579778,non,,Bâtiment,20,50°32'41.769''N,3°1'7.235''E,25,7540945,170.0,"19,4"
0592751376,22/11/2022,23/12/2022,,25 RTE DE GONDECOURT,,,59560,SECLIN,2579778,non,,Bâtiment,20,50°32'41.769''N,3°1'7.235''E,25,7540947,250.0,"19,4"
0592751376,22/11/2022,23/12/2022,,25 RTE DE GONDECOURT,,,59560,SECLIN,2579778,non,,Bâtiment,20,50°32'41.769''N,3°1'7.235''E,25,7540951,170.0,"18,4"
0592751376,22/11/2022,23/12/2022,,25 RTE DE GONDECOURT,,,59560,SECLIN,2579778,non,,Bâtiment,20,50°32'41.769''N,3°1'7.235''E,25,7540953,250.0,"18,4"
0592751374,26/02/2025,28/03/2025,,2 MAIL LEONIE VANHOUTTE,,,59410,MONS-EN-BAROEUL,2566179,non,,Immeuble,52,50°38'30''N,3°6'48''E,32,7462392,250.0,"51,2"
0592751374,26/02/2025,28/03/2025,,2 MAIL LEONIE VANHOUTTE,,,59410,MONS-EN-BAROEUL,2566179,non,,Immeuble,52,50°38'30''N,3°6'48''E,32,7462388,20.0,"51,2"
0592751374,26/02/2025,28/03/2025,,2 MAIL LEONIE VANHOUTTE,,,59410,MONS-EN-BAROEUL,2566179,non,,Immeuble,52,50°38'30''N,3°6'48''E,32,7462390,150.0,"51,2"
0592751374,26/02/2025,28/03/2025,,2 MAIL LEONIE VANHOUTTE,,,59410,MONS-EN-BAROEUL,2566179,non,,Immeuble,52,50°38'30''N,3°6'48''E,32,7462394,20.0,"50,8"
0592751374,26/02/2025,28/03/2025,,2 MAIL LEONIE VANHOUTTE,,,59410,MONS-EN-BAROEUL,2566179,non,,Immeuble,52,50°38'30''N,3°6'48''E,32,7462398,250.0,"50,8"
0592751374,26/02/2025,28/03/2025,,2 MAIL LEONIE VANHOUTTE,,,59410,MONS-EN-BAROEUL,2566179,non,,Immeuble,52,50°38'30''N,3°6'48''E,32,7462396,150.0,"50,8"
0592751372,09/09/2022,07/10/2022,,R LUCIE AUBRAC,,,59360,LOOS,2575768,non,,Immeuble,"13,6",50°36'53''N,3°0'12''E,"22,4",7517943,345.0,"12,6"
0592751372,09/09/2022,07/10/2022,,R LUCIE AUBRAC,,,59360,LOOS,2575768,non,,Immeuble,"13,6",50°36'53''N,3°0'12''E,"22,4",7517947,240.0,"12,6"
0592751372,09/09/2022,07/10/2022,,R LUCIE AUBRAC,,,59360,LOOS,2575768,non,,Immeuble,"13,6",50°36'53''N,3°0'12''E,"22,4",7517953,240.0,12
0592751372,09/09/2022,07/10/2022,,R LUCIE AUBRAC,,,59360,LOOS,2575768,non,,Immeuble,"13,6",50°36'53''N,3°0'12''E,"22,4",7517945,130.0,"12,6"
0592751372,09/09/2022,07/10/2022,,R LUCIE AUBRAC,,,59360,LOOS,2575768,non,,Immeuble,"13,6",50°36'53''N,3°0'12''E,"22,4",7517949,345.0,12
0592751372,09/09/2022,07/10/2022,,R LUCIE AUBRAC,,,59360,LOOS,2575768,non,,Immeuble,"13,6",50°36'53''N,3°0'12''E,"22,4",7517951,130.0,12
0592751363,09/03/2023,07/04/2023,,"200, R DU DR SCHWEITZER",,,59299,HEM,2560269,non,,Immeuble,"42,5",50°40'13''N,3°12'2''E,"37,5",7429600,50.0,"37,4"
0592751363,09/03/2023,07/04/2023,,"200, R DU DR SCHWEITZER",,,59299,HEM,2560269,non,,Immeuble,"42,5",50°40'13''N,3°12'2''E,"37,5",7429604,300.0,"37,4"
0592751363,09/03/2023,07/04/2023,,"200, R DU DR SCHWEITZER",,,59299,HEM,2560269,non,,Immeuble,"42,5",50°40'13''N,3°12'2''E,"37,5",7429602,200.0,"37,4"
0592751363,09/03/2023,07/04/2023,,"200, R DU DR SCHWEITZER",,,59299,HEM,2560269,non,,Immeuble,"42,5",50°40'13''N,3°12'2''E,"37,5",7429594,50.0,"38,4"
0592751363,09/03/2023,07/04/2023,,"200, R DU DR SCHWEITZER",,,59299,HEM,2560269,non,,Immeuble,"42,5",50°40'13''N,3°12'2''E,"37,5",7429598,300.0,"38,4"
0592751363,09/03/2023,07/04/2023,,"200, R DU DR SCHWEITZER",,,59299,HEM,2560269,non,,Immeuble,"42,5",50°40'13''N,3°12'2''E,"37,5",7429596,200.0,"38,4"
0592751360,17/09/2025,07/11/2025,,243 -253 r d'Ocres,,,59178,DOUAI,1563367,oui,,Immeuble,"28,4",50°22'39''N,3°4'35''E,28,7303048,245.0,"27,1"
0592751360,17/09/2025,07/11/2025,,243 -253 r d'Ocres,,,59178,DOUAI,1563367,oui,,Immeuble,"28,4",50°22'39''N,3°4'35''E,28,7303052,120.0,"27,1"
0592751360,17/09/2025,07/11/2025,,243 -253 r d'Ocres,,,59178,DOUAI,1563367,oui,,Immeuble,"28,4",50°22'39''N,3°4'35''E,28,7303056,30.0,"27,7"
0592751360,17/09/2025,07/11/2025,,243 -253 r d'Ocres,,,59178,DOUAI,1563367,oui,,Immeuble,"28,4",50°22'39''N,3°4'35''E,28,7303050,30.0,"27,1"
0592751360,17/09/2025,07/11/2025,,243 -253 r d'Ocres,,,59178,DOUAI,1563367,oui,,Immeuble,"28,4",50°22'39''N,3°4'35''E,28,7303058,120.0,"27,7"
0592751360,17/09/2025,07/11/2025,,243 -253 r d'Ocres,,,59178,DOUAI,1563367,oui,,Immeuble,"28,4",50°22'39''N,3°4'35''E,28,7303054,245.0,"27,7"
0592751347,11/03/2025,11/04/2025,,RUE DU 19 MARS 1962,imp de l ecole maternelle,,59491,RAISMES,2468510,non,,Immeuble,"16,2",50°22'54''N,3°29'44''E,31,6988840,90.0,"15,4"
0592751347,11/03/2025,11/04/2025,,RUE DU 19 MARS 1962,imp de l ecole maternelle,,59491,RAISMES,2468510,non,,Immeuble,"16,2",50°22'54''N,3°29'44''E,31,6988842,180.0,"15,4"
0592751347,11/03/2025,11/04/2025,,RUE DU 19 MARS 1962,imp de l ecole maternelle,,59491,RAISMES,2468510,non,,Immeuble,"16,2",50°22'54''N,3°29'44''E,31,6988838,300.0,"15,4"
0592751347,11/03/2025,11/04/2025,,RUE DU 19 MARS 1962,imp de l ecole maternelle,,59491,RAISMES,2468510,non,,Immeuble,"16,2",50°22'54''N,3°29'44''E,31,6988850,180.0,16
0592751347,11/03/2025,11/04/2025,,RUE DU 19 MARS 1962,imp de l ecole maternelle,,59491,RAISMES,2468510,non,,Immeuble,"16,2",50°22'54''N,3°29'44''E,31,6988848,90.0,16
0592751347,11/03/2025,11/04/2025,,RUE DU 19 MARS 1962,imp de l ecole maternelle,,59491,RAISMES,2468510,non,,Immeuble,"16,2",50°22'54''N,3°29'44''E,31,6988846,300.0,16
0592751344,30/01/2025,28/02/2025,"134, BD DE LA LIBERTÉ",RÉSIDENCE GOBELINS,,,59350,LILLE,2466311,non,,Immeuble,"30,5",50°37'42''N,3°4'2''E,"22,7",6977871,170.0,"29,1"
0592751344,30/01/2025,28/02/2025,"134, BD DE LA LIBERTÉ",RÉSIDENCE GOBELINS,,,59350,LILLE,2466311,non,,Immeuble,"30,5",50°37'42''N,3°4'2''E,"22,7",6977869,45.0,"28,6"
0592751344,30/01/2025,28/02/2025,"134, BD DE LA LIBERTÉ",RÉSIDENCE GOBELINS,,,59350,LILLE,2466311,non,,Immeuble,"30,5",50°37'42''N,3°4'2''E,"22,7",6977873,270.0,"28,6"
0592751344,30/01/2025,28/02/2025,"134, BD DE LA LIBERTÉ",RÉSIDENCE GOBELINS,,,59350,LILLE,2466311,non,,Immeuble,"30,5",50°37'42''N,3°4'2''E,"22,7",7046041,270.0,"28,7"
0592751344,30/01/2025,28/02/2025,"134, BD DE LA LIBERTÉ",RÉSIDENCE GOBELINS,,,59350,LILLE,2466311,non,,Immeuble,"30,5",50°37'42''N,3°4'2''E,"22,7",7046039,170.0,"28,7"
0592751344,30/01/2025,28/02/2025,"134, BD DE LA LIBERTÉ",RÉSIDENCE GOBELINS,,,59350,LILLE,2466311,non,,Immeuble,"30,5",50°37'42''N,3°4'2''E,"22,7",7046037,45.0,"27,6"
0592751341,29/09/2022,28/10/2022,,7b Rue Nationale,,,59350,LILLE,2936176,oui,,Bâtiment,34,50°38'12''N,3°3'46''E,16,6882769,140.0,"26,6"
0592751341,29/09/2022,28/10/2022,,7b Rue Nationale,,,59350,LILLE,2936176,oui,,Bâtiment,34,50°38'12''N,3°3'46''E,16,6882767,60.0,"29,2"
0592751341,29/09/2022,28/10/2022,,7b Rue Nationale,,,59350,LILLE,2936176,oui,,Bâtiment,34,50°38'12''N,3°3'46''E,16,6882765,350.0,"26,8"
0592751341,29/09/2022,28/10/2022,,7b Rue Nationale,,,59350,LILLE,2936176,oui,,Bâtiment,34,50°38'12''N,3°3'46''E,16,7058891,140.0,"27,5"
0592751341,29/09/2022,28/10/2022,,7b Rue Nationale,,,59350,LILLE,2936176,oui,,Bâtiment,34,50°38'12''N,3°3'46''E,16,7058887,350.0,"26,2"
0592751341,29/09/2022,28/10/2022,,7b Rue Nationale,,,59350,LILLE,2936176,oui,,Bâtiment,34,50°38'12''N,3°3'46''E,16,7058889,60.0,"29,1"
0592751340,22/10/2022,25/11/2022,,BD ALBERT 1ER,,,59009,VILLENEUVE-D'ASCQ,2444327,non,,Immeuble,"22,9",50°39'21''N,3°8'33''E,22,6879775,150.0,"21,3"
0592751340,22/10/2022,25/11/2022,,BD ALBERT 1ER,,,59009,VILLENEUVE-D'ASCQ,2444327,non,,Immeuble,"22,9",50°39'21''N,3°8'33''E,22,6879773,60.0,"21,3"
0592751340,22/10/2022,25/11/2022,,BD ALBERT 1ER,,,59009,VILLENEUVE-D'ASCQ,2444327,non,,Immeuble,"22,9",50°39'21''N,3°8'33''E,22,6879771,330.0,"21,3"
0592751340,22/10/2022,25/11/2022,,BD ALBERT 1ER,,,59009,VILLENEUVE-D'ASCQ,2444327,non,,Immeuble,"22,9",50°39'21''N,3°8'33''E,22,7058872,150.0,"20,7"
0592751340,22/10/2022,25/11/2022,,BD ALBERT 1ER,,,59009,VILLENEUVE-D'ASCQ,2444327,non,,Immeuble,"22,9",50°39'21''N,3°8'33''E,22,7058868,330.0,"20,7"
0592751340,22/10/2022,25/11/2022,,BD ALBERT 1ER,,,59009,VILLENEUVE-D'ASCQ,2444327,non,,Immeuble,"22,9",50°39'21''N,3°8'33''E,22,7058870,60.0,"20,7"
0592751338,15/11/2022,16/12/2022,,24 R ADRIENNE BOLLAND,,,59178,DOUAI,2437765,non,,Immeuble,"16,1",50°22'24''N,3°3'24''E,43,6849131,120.0,"14,7"
0592751338,15/11/2022,16/12/2022,,24 R ADRIENNE BOLLAND,,,59178,DOUAI,2437765,non,,Immeuble,"16,1",50°22'24''N,3°3'24''E,43,6849133,220.0,"14,7"
0592751338,15/11/2022,16/12/2022,,24 R ADRIENNE BOLLAND,,,59178,DOUAI,2437765,non,,Immeuble,"16,1",50°22'24''N,3°3'24''E,43,6849129,310.0,"14,7"
0592751338,15/11/2022,16/12/2022,,24 R ADRIENNE BOLLAND,,,59178,DOUAI,2437765,non,,Immeuble,"16,1",50°22'24''N,3°3'24''E,43,7030455,310.0,"14,1"
0592751338,15/11/2022,16/12/2022,,24 R ADRIENNE BOLLAND,,,59178,DOUAI,2437765,non,,Immeuble,"16,1",50°22'24''N,3°3'24''E,43,7030459,220.0,"14,1"
0592751338,15/11/2022,16/12/2022,,24 R ADRIENNE BOLLAND,,,59178,DOUAI,2437765,non,,Immeuble,"16,1",50°22'24''N,3°3'24''E,43,7030457,120.0,"14,8"
0592751337,18/11/2022,16/12/2022,,RUE FLORINE GOULOIS,3 rue Voltaire,,59170,DECHY,2440400,non,,Immeuble,"15,5",50°21'15''N,3°7'36''E,28,6861100,50.0,"14,1"
0592751337,18/11/2022,16/12/2022,,RUE FLORINE GOULOIS,3 rue Voltaire,,59170,DECHY,2440400,non,,Immeuble,"15,5",50°21'15''N,3°7'36''E,28,6861102,180.0,"14,1"
0592751337,18/11/2022,16/12/2022,,RUE FLORINE GOULOIS,3 rue Voltaire,,59170,DECHY,2440400,non,,Immeuble,"15,5",50°21'15''N,3°7'36''E,28,7034429,180.0,"14,3"
0592751337,18/11/2022,16/12/2022,,RUE FLORINE GOULOIS,3 rue Voltaire,,59170,DECHY,2440400,non,,Immeuble,"15,5",50°21'15''N,3°7'36''E,28,6861104,270.0,"14,1"
0592751337,18/11/2022,16/12/2022,,RUE FLORINE GOULOIS,3 rue Voltaire,,59170,DECHY,2440400,non,,Immeuble,"15,5",50°21'15''N,3°7'36''E,28,7034427,50.0,"14,3"
0592751337,18/11/2022,16/12/2022,,RUE FLORINE GOULOIS,3 rue Voltaire,,59170,DECHY,2440400,non,,Immeuble,"15,5",50°21'15''N,3°7'36''E,28,7034431,270.0,"14,3"
0592751332,15/06/2024,19/07/2024,,1 AVENUE DE FLANDRE,,,59650,WATTRELOS,2420238,oui,,Immeuble,19,50°42'26.120''N,3°13'43.943''E,35,6767656,180.0,"17,9"
0592751332,15/06/2024,19/07/2024,,1 AVENUE DE FLANDRE,,,59650,WATTRELOS,2420238,oui,,Immeuble,19,50°42'26.120''N,3°13'43.943''E,35,6767654,95.0,"17,6"
0592751332,15/06/2024,19/07/2024,,1 AVENUE DE FLANDRE,,,59650,WATTRELOS,2420238,oui,,Immeuble,19,50°42'26.120''N,3°13'43.943''E,35,6767650,260.0,"17,6"
0592751332,15/06/2024,19/07/2024,,1 AVENUE DE FLANDRE,,,59650,WATTRELOS,2420238,oui,,Immeuble,19,50°42'26.120''N,3°13'43.943''E,35,7031532,95.0,"16,7"
0592751332,15/06/2024,19/07/2024,,1 AVENUE DE FLANDRE,,,59650,WATTRELOS,2420238,oui,,Immeuble,19,50°42'26.120''N,3°13'43.943''E,35,7031530,260.0,"16,7"
0592751332,15/06/2024,19/07/2024,,1 AVENUE DE FLANDRE,,,59650,WATTRELOS,2420238,oui,,Immeuble,19,50°42'26.120''N,3°13'43.943''E,35,7031534,180.0,"16,7"
0592751331,15/06/2021,16/07/2021,,56 RUE MARCEL PAGNOL,,,59507,RONCHIN,2418947,non,,Immeuble,19,50°36'21.364''N,3°5'36.093''E,35,6763437,160.0,"17,5"
0592751331,15/06/2021,16/07/2021,,56 RUE MARCEL PAGNOL,,,59507,RONCHIN,2418947,non,,Immeuble,19,50°36'21.364''N,3°5'36.093''E,35,6763439,270.0,"17,5"
0592751331,15/06/2021,16/07/2021,,56 RUE MARCEL PAGNOL,,,59507,RONCHIN,2418947,non,,Immeuble,19,50°36'21.364''N,3°5'36.093''E,35,6763435,30.0,"17,5"
0592751331,15/06/2021,16/07/2021,,56 RUE MARCEL PAGNOL,,,59507,RONCHIN,2418947,non,,Immeuble,19,50°36'21.364''N,3°5'36.093''E,35,7030474,30.0,"16,6"
0592751331,15/06/2021,16/07/2021,,56 RUE MARCEL PAGNOL,,,59507,RONCHIN,2418947,non,,Immeuble,19,50°36'21.364''N,3°5'36.093''E,35,7030476,160.0,"16,6"
0592751331,15/06/2021,16/07/2021,,56 RUE MARCEL PAGNOL,,,59507,RONCHIN,2418947,non,,Immeuble,19,50°36'21.364''N,3°5'36.093''E,35,7030478,270.0,"16,6"
0592751329,15/06/2021,16/07/2021,,200 RUE DE LA PAIX,RUE DE LA BRASSERIE,,59569,SIN-LE-NOBLE,2774367,oui,,Bâtiment,17,50°21'53''N,3°6'16''E,31,6738209,330.0,"14,5"
0592751329,15/06/2021,16/07/2021,,200 RUE DE LA PAIX,RUE DE LA BRASSERIE,,59569,SIN-LE-NOBLE,2774367,oui,,Bâtiment,17,50°21'53''N,3°6'16''E,31,6738213,150.0,"14,5"
0592751329,15/06/2021,16/07/2021,,200 RUE DE LA PAIX,RUE DE LA BRASSERIE,,59569,SIN-LE-NOBLE,2774367,oui,,Bâtiment,17,50°21'53''N,3°6'16''E,31,6738211,60.0,"14,5"
0592751329,15/06/2021,16/07/2021,,200 RUE DE LA PAIX,RUE DE LA BRASSERIE,,59569,SIN-LE-NOBLE,2774367,oui,,Bâtiment,17,50°21'53''N,3°6'16''E,31,7030446,330.0,"13,8"
0592751329,15/06/2021,16/07/2021,,200 RUE DE LA PAIX,RUE DE LA BRASSERIE,,59569,SIN-LE-NOBLE,2774367,oui,,Bâtiment,17,50°21'53''N,3°6'16''E,31,7030450,150.0,"15,6"
0592751329,15/06/2021,16/07/2021,,200 RUE DE LA PAIX,RUE DE LA BRASSERIE,,59569,SIN-LE-NOBLE,2774367,oui,,Bâtiment,17,50°21'53''N,3°6'16''E,31,7030448,60.0,"13,8"
0592751251,05/02/2025,07/03/2025,,32 R DU 11 NOVEMBRE 1918,,,59646,WASQUEHAL,2380608,non,,Immeuble,29,50°39'53.568''N,3°7'49.373''E,26,6598237,150.0,"27,3"
0592751251,05/02/2025,07/03/2025,,32 R DU 11 NOVEMBRE 1918,,,59646,WASQUEHAL,2380608,non,,Immeuble,29,50°39'53.568''N,3°7'49.373''E,26,6598235,60.0,"27,3"
0592751251,05/02/2025,07/03/2025,,32 R DU 11 NOVEMBRE 1918,,,59646,WASQUEHAL,2380608,non,,Immeuble,29,50°39'53.568''N,3°7'49.373''E,26,6598233,320.0,"27,3"
0592751251,05/02/2025,07/03/2025,,32 R DU 11 NOVEMBRE 1918,,,59646,WASQUEHAL,2380608,non,,Immeuble,29,50°39'53.568''N,3°7'49.373''E,26,8252090,320.0,"27,3"
0592751251,05/02/2025,07/03/2025,,32 R DU 11 NOVEMBRE 1918,,,59646,WASQUEHAL,2380608,non,,Immeuble,29,50°39'53.568''N,3°7'49.373''E,26,8252094,150.0,"27,3"
0592751251,05/02/2025,07/03/2025,,32 R DU 11 NOVEMBRE 1918,,,59646,WASQUEHAL,2380608,non,,Immeuble,29,50°39'53.568''N,3°7'49.373''E,26,8252092,60.0,"27,3"
0592751242,23/07/2025,22/08/2025,,70 Rue Maurice Bouchery,,,59560,SECLIN,2793662,oui,,Immeuble,"16,8",50°33'12''N,3°1'42''E,33,6510155,40.0,"13,5"
0592751242,23/07/2025,22/08/2025,,70 Rue Maurice Bouchery,,,59560,SECLIN,2793662,oui,,Immeuble,"16,8",50°33'12''N,3°1'42''E,33,6510157,290.0,"13,5"
0592751242,23/07/2025,22/08/2025,,70 Rue Maurice Bouchery,,,59560,SECLIN,2793662,oui,,Immeuble,"16,8",50°33'12''N,3°1'42''E,33,6510159,150.0,"13,5"
0592751242,23/07/2025,22/08/2025,,70 Rue Maurice Bouchery,,,59560,SECLIN,2793662,oui,,Immeuble,"16,8",50°33'12''N,3°1'42''E,33,7058859,40.0,"13,1"
0592751242,23/07/2025,22/08/2025,,70 Rue Maurice Bouchery,,,59560,SECLIN,2793662,oui,,Immeuble,"16,8",50°33'12''N,3°1'42''E,33,7058861,150.0,"13,1"
0592751242,23/07/2025,22/08/2025,,70 Rue Maurice Bouchery,,,59560,SECLIN,2793662,oui,,Immeuble,"16,8",50°33'12''N,3°1'42''E,33,7058863,290.0,"13,1"
0592751241,28/01/2025,28/02/2025,,21 PLACE PIERRE MENDES,,,59350,LILLE,2692907,oui,,Bâtiment,33,50°38'15''N,3°3'36''E,26,6745530,60.0,"31,6"
0592751241,28/01/2025,28/02/2025,,21 PLACE PIERRE MENDES,,,59350,LILLE,2692907,oui,,Bâtiment,33,50°38'15''N,3°3'36''E,26,6745532,220.0,"29,1"
0592751241,28/01/2025,28/02/2025,,21 PLACE PIERRE MENDES,,,59350,LILLE,2692907,oui,,Bâtiment,33,50°38'15''N,3°3'36''E,26,6745528,335.0,"31,6"
0592751241,28/01/2025,28/02/2025,,21 PLACE PIERRE MENDES,,,59350,LILLE,2692907,oui,,Bâtiment,33,50°38'15''N,3°3'36''E,26,9280430,220.0,30
0592751241,28/01/2025,28/02/2025,,21 PLACE PIERRE MENDES,,,59350,LILLE,2692907,oui,,Bâtiment,33,50°38'15''N,3°3'36''E,26,9280426,355.0,"32,5"
0592751241,28/01/2025,28/02/2025,,21 PLACE PIERRE MENDES,,,59350,LILLE,2692907,oui,,Bâtiment,33,50°38'15''N,3°3'36''E,26,9280428,60.0,"32,5"
0592751240,06/08/2022,09/09/2022,,40 R EUGÈNE JACQUET,La Cité des échanges,,59378,MARCQ-EN-BAROEUL,2377120,non,,Bâtiment,18,50°39'37''N,3°6'41''E,25,6584732,310.0,"16,6"
0592751240,06/08/2022,09/09/2022,,40 R EUGÈNE JACQUET,La Cité des échanges,,59378,MARCQ-EN-BAROEUL,2377120,non,,Bâtiment,18,50°39'37''N,3°6'41''E,25,6584736,220.0,"16,6"
0592751240,06/08/2022,09/09/2022,,40 R EUGÈNE JACQUET,La Cité des échanges,,59378,MARCQ-EN-BAROEUL,2377120,non,,Bâtiment,18,50°39'37''N,3°6'41''E,25,6584734,95.0,"16,6"
0592751240,06/08/2022,09/09/2022,,40 R EUGÈNE JACQUET,La Cité des échanges,,59378,MARCQ-EN-BAROEUL,2377120,non,,Bâtiment,18,50°39'37''N,3°6'41''E,25,7128369,310.0,"16,6"
0592751240,06/08/2022,09/09/2022,,40 R EUGÈNE JACQUET,La Cité des échanges,,59378,MARCQ-EN-BAROEUL,2377120,non,,Bâtiment,18,50°39'37''N,3°6'41''E,25,7128371,95.0,"16,6"
0592751240,06/08/2022,09/09/2022,,40 R EUGÈNE JACQUET,La Cité des échanges,,59378,MARCQ-EN-BAROEUL,2377120,non,,Bâtiment,18,50°39'37''N,3°6'41''E,25,7128367,220.0,"16,6"
0592751234,26/09/2025,24/10/2025,,265 AVENUE DE JEMEPPE,,,59178,DOUAI,2333292,non,,Immeuble,"26,8",50°21'37.512''N,3°4'21.341''E,26,6405722,140.0,"25,4"
0592751234,26/09/2025,24/10/2025,,265 AVENUE DE JEMEPPE,,,59178,DOUAI,2333292,non,,Immeuble,"26,8",50°21'37.512''N,3°4'21.341''E,26,6405724,250.0,"25,3"
0592751234,26/09/2025,24/10/2025,,265 AVENUE DE JEMEPPE,,,59178,DOUAI,2333292,non,,Immeuble,"26,8",50°21'37.512''N,3°4'21.341''E,26,6405720,350.0,"25,3"
0592751228,04/09/2024,04/10/2024,,R SQ FLANDRE,,,59350,LILLE,2320015,non,,Immeuble,"19,7",50°37'27''N,3°7'4''E,31,6361237,180.0,"18,3"
0592751228,04/09/2024,04/10/2024,,R SQ FLANDRE,,,59350,LILLE,2320015,non,,Immeuble,"19,7",50°37'27''N,3°7'4''E,31,6361239,260.0,"18,3"
0592751228,04/09/2024,04/10/2024,,R SQ FLANDRE,,,59350,LILLE,2320015,non,,Immeuble,"19,7",50°37'27''N,3°7'4''E,31,6361235,20.0,"18,3"
0592751228,04/09/2024,04/10/2024,,R SQ FLANDRE,,,59350,LILLE,2320015,non,,Immeuble,"19,7",50°37'27''N,3°7'4''E,31,9419417,180.0,"17,7"
0592751228,04/09/2024,04/10/2024,,R SQ FLANDRE,,,59350,LILLE,2320015,non,,Immeuble,"19,7",50°37'27''N,3°7'4''E,31,9419419,260.0,"17,7"
0592751228,04/09/2024,04/10/2024,,R SQ FLANDRE,,,59350,LILLE,2320015,non,,Immeuble,"19,7",50°37'27''N,3°7'4''E,31,9419415,20.0,"17,7"
0592751217,17/02/2024,22/03/2024,,Rue de CARIHEM,,,59512,ROUBAIX,2298753,non,,Immeuble,"19,2",50°41'5''N,3°12'48''E,23,6289049,90.0,"17,2"
0592751217,17/02/2024,22/03/2024,,Rue de CARIHEM,,,59512,ROUBAIX,2298753,non,,Immeuble,"19,2",50°41'5''N,3°12'48''E,23,8223143,190.0,"16,4"
0592751217,17/02/2024,22/03/2024,,Rue de CARIHEM,,,59512,ROUBAIX,2298753,non,,Immeuble,"19,2",50°41'5''N,3°12'48''E,23,6289051,190.0,"17,2"
0592751217,17/02/2024,22/03/2024,,Rue de CARIHEM,,,59512,ROUBAIX,2298753,non,,Immeuble,"19,2",50°41'5''N,3°12'48''E,23,6289047,0.0,"17,2"
0592751217,17/02/2024,22/03/2024,,Rue de CARIHEM,,,59512,ROUBAIX,2298753,non,,Immeuble,"19,2",50°41'5''N,3°12'48''E,23,8223139,0.0,"16,4"
0592751217,17/02/2024,22/03/2024,,Rue de CARIHEM,,,59512,ROUBAIX,2298753,non,,Immeuble,"19,2",50°41'5''N,3°12'48''E,23,8223141,90.0,"16,4"
0592751213,13/06/2023,18/07/2023,,R PASTEUR RESIDENCE PASTEUR,,,59360,LOOS,2277621,non,,Immeuble,"19,4",50°36'58''N,3°0'43''E,21,6216024,120.0,"18,3"
0592751213,13/06/2023,18/07/2023,,R PASTEUR RESIDENCE PASTEUR,,,59360,LOOS,2277621,non,,Immeuble,"19,4",50°36'58''N,3°0'43''E,21,6216022,10.0,"17,9"
0592751213,13/06/2023,18/07/2023,,R PASTEUR RESIDENCE PASTEUR,,,59360,LOOS,2277621,non,,Immeuble,"19,4",50°36'58''N,3°0'43''E,21,6216026,210.0,"18,3"
0592751211,11/11/2022,09/12/2022,Parc Europe,340 bis av de la Marne,Hôtel ibis,,59378,MARCQ-EN-BAROEUL,2194654,oui,,Bâtiment,25,50°40'32''N,3°6'59''E,21,6196410,150.0,"19,4"
0592751211,11/11/2022,09/12/2022,Parc Europe,340 bis av de la Marne,Hôtel ibis,,59378,MARCQ-EN-BAROEUL,2194654,oui,,Bâtiment,25,50°40'32''N,3°6'59''E,21,6196408,60.0,"19,4"
0592751211,11/11/2022,09/12/2022,Parc Europe,340 bis av de la Marne,Hôtel ibis,,59378,MARCQ-EN-BAROEUL,2194654,oui,,Bâtiment,25,50°40'32''N,3°6'59''E,21,6196412,240.0,"19,4"
0592751211,11/11/2022,09/12/2022,Parc Europe,340 bis av de la Marne,Hôtel ibis,,59378,MARCQ-EN-BAROEUL,2194654,oui,,Bâtiment,25,50°40'32''N,3°6'59''E,21,7079020,150.0,"18,5"
0592751211,11/11/2022,09/12/2022,Parc Europe,340 bis av de la Marne,Hôtel ibis,,59378,MARCQ-EN-BAROEUL,2194654,oui,,Bâtiment,25,50°40'32''N,3°6'59''E,21,7079016,240.0,"18,5"
0592751211,11/11/2022,09/12/2022,Parc Europe,340 bis av de la Marne,Hôtel ibis,,59378,MARCQ-EN-BAROEUL,2194654,oui,,Bâtiment,25,50°40'32''N,3°6'59''E,21,7079018,60.0,"18,5"
0592751206,30/08/2022,30/09/2022,,274 BD CLEMENCEAU,,,59378,MARCQ-EN-BAROEUL,2268740,non,,Bâtiment,"26,4",50°39'35''N,3°5'57''E,26,6185772,0.0,21
0592751206,30/08/2022,30/09/2022,,274 BD CLEMENCEAU,,,59378,MARCQ-EN-BAROEUL,2268740,non,,Bâtiment,"26,4",50°39'35''N,3°5'57''E,26,6185776,255.0,21
0592751206,30/08/2022,30/09/2022,,274 BD CLEMENCEAU,,,59378,MARCQ-EN-BAROEUL,2268740,non,,Bâtiment,"26,4",50°39'35''N,3°5'57''E,26,7066351,255.0,"20,3"
0592751206,30/08/2022,30/09/2022,,274 BD CLEMENCEAU,,,59378,MARCQ-EN-BAROEUL,2268740,non,,Bâtiment,"26,4",50°39'35''N,3°5'57''E,26,7066349,85.0,"20,3"
0592751206,30/08/2022,30/09/2022,,274 BD CLEMENCEAU,,,59378,MARCQ-EN-BAROEUL,2268740,non,,Bâtiment,"26,4",50°39'35''N,3°5'57''E,26,7066347,0.0,"20,3"
0592751206,30/08/2022,30/09/2022,,274 BD CLEMENCEAU,,,59378,MARCQ-EN-BAROEUL,2268740,non,,Bâtiment,"26,4",50°39'35''N,3°5'57''E,26,6185774,85.0,21
0592751203,08/03/2024,05/04/2024,,48/50 RUE LOUIS LELOIR,,,59599,TOURCOING,2271197,non,,Immeuble,"26,9",50°43'2''N,3°9'48''E,43,6193495,150.0,"25,5"
0592751203,08/03/2024,05/04/2024,,48/50 RUE LOUIS LELOIR,,,59599,TOURCOING,2271197,non,,Immeuble,"26,9",50°43'2''N,3°9'48''E,43,6193493,50.0,"25,5"
0592751203,08/03/2024,05/04/2024,,48/50 RUE LOUIS LELOIR,,,59599,TOURCOING,2271197,non,,Immeuble,"26,9",50°43'2''N,3°9'48''E,43,6193497,260.0,"25,5"
0592751203,08/03/2024,05/04/2024,,48/50 RUE LOUIS LELOIR,,,59599,TOURCOING,2271197,non,,Immeuble,"26,9",50°43'2''N,3°9'48''E,43,8305987,50.0,"24,6"
0592751203,08/03/2024,05/04/2024,,48/50 RUE LOUIS LELOIR,,,59599,TOURCOING,2271197,non,,Immeuble,"26,9",50°43'2''N,3°9'48''E,43,8305991,260.0,"24,6"
0592751203,08/03/2024,05/04/2024,,48/50 RUE LOUIS LELOIR,,,59599,TOURCOING,2271197,non,,Immeuble,"26,9",50°43'2''N,3°9'48''E,43,8305989,150.0,"24,6"
0592751194,21/10/2022,25/11/2022,,169 RUE DU FAUBOURG D'ARRAS,,,59220,FACHES-THUMESNIL,2263463,non,,Immeuble,"16,4",50°36'21''N,3°3'32''E,37,6168041,220.0,16
0592751194,21/10/2022,25/11/2022,,169 RUE DU FAUBOURG D'ARRAS,,,59220,FACHES-THUMESNIL,2263463,non,,Immeuble,"16,4",50°36'21''N,3°3'32''E,37,6168043,100.0,16
0592751194,21/10/2022,25/11/2022,,169 RUE DU FAUBOURG D'ARRAS,,,59220,FACHES-THUMESNIL,2263463,non,,Immeuble,"16,4",50°36'21''N,3°3'32''E,37,7389928,220.0,15
0592751194,21/10/2022,25/11/2022,,169 RUE DU FAUBOURG D'ARRAS,,,59220,FACHES-THUMESNIL,2263463,non,,Immeuble,"16,4",50°36'21''N,3°3'32''E,37,6168045,340.0,16
0592751194,21/10/2022,25/11/2022,,169 RUE DU FAUBOURG D'ARRAS,,,59220,FACHES-THUMESNIL,2263463,non,,Immeuble,"16,4",50°36'21''N,3°3'32''E,37,7389924,340.0,15
0592751194,21/10/2022,25/11/2022,,169 RUE DU FAUBOURG D'ARRAS,,,59220,FACHES-THUMESNIL,2263463,non,,Immeuble,"16,4",50°36'21''N,3°3'32''E,37,7389926,100.0,15
0592751184,23/01/2025,21/02/2025,,RUE PAUL ELUARD,Résidence Les Tilleuls,,59032,AULNOY-LEZ-VALENCIENNES,2246871,oui,,Immeuble,"26,3",50°19'53''N,3°30'50''E,62,6106221,195.0,"24,8"
0592751184,23/01/2025,21/02/2025,,RUE PAUL ELUARD,Résidence Les Tilleuls,,59032,AULNOY-LEZ-VALENCIENNES,2246871,oui,,Immeuble,"26,3",50°19'53''N,3°30'50''E,62,6106219,50.0,"24,8"
0592751184,23/01/2025,21/02/2025,,RUE PAUL ELUARD,Résidence Les Tilleuls,,59032,AULNOY-LEZ-VALENCIENNES,2246871,oui,,Immeuble,"26,3",50°19'53''N,3°30'50''E,62,6106223,285.0,"24,8"
0592751184,23/01/2025,21/02/2025,,RUE PAUL ELUARD,Résidence Les Tilleuls,,59032,AULNOY-LEZ-VALENCIENNES,2246871,oui,,Immeuble,"26,3",50°19'53''N,3°30'50''E,62,7117431,285.0,"25,3"
0592751184,23/01/2025,21/02/2025,,RUE PAUL ELUARD,Résidence Les Tilleuls,,59032,AULNOY-LEZ-VALENCIENNES,2246871,oui,,Immeuble,"26,3",50°19'53''N,3°30'50''E,62,7117433,50.0,"25,3"
0592751184,23/01/2025,21/02/2025,,RUE PAUL ELUARD,Résidence Les Tilleuls,,59032,AULNOY-LEZ-VALENCIENNES,2246871,oui,,Immeuble,"26,3",50°19'53''N,3°30'50''E,62,7117435,195.0,"25,3"
0592751182,13/02/2024,15/03/2024,,144  R SARAZIN,,,59178,DOUAI,2237510,non,,Bâtiment,35,50°21'28''N,3°5'8''E,26,6074515,120.0,"30,1"
0592751182,13/02/2024,15/03/2024,,144  R SARAZIN,,,59178,DOUAI,2237510,non,,Bâtiment,35,50°21'28''N,3°5'8''E,26,6074517,210.0,"30,1"
0592751182,13/02/2024,15/03/2024,,144  R SARAZIN,,,59178,DOUAI,2237510,non,,Bâtiment,35,50°21'28''N,3°5'8''E,26,6074513,300.0,"30,1"
0592751180,13/02/2025,14/03/2025,,73 R D'ISLY,RESIDENCE BERANGER,,59350,LILLE,2230710,non,,Bâtiment,"22,5",50°37'20.184''N,3°2'11.185''E,22,6051824,20.0,"21,3"
0592751180,13/02/2025,14/03/2025,,73 R D'ISLY,RESIDENCE BERANGER,,59350,LILLE,2230710,non,,Bâtiment,"22,5",50°37'20.184''N,3°2'11.185''E,22,6051826,280.0,"21,3"
0592751180,13/02/2025,14/03/2025,,73 R D'ISLY,RESIDENCE BERANGER,,59350,LILLE,2230710,non,,Bâtiment,"22,5",50°37'20.184''N,3°2'11.185''E,22,7128391,150.0,"20,8"
0592751180,13/02/2025,14/03/2025,,73 R D'ISLY,RESIDENCE BERANGER,,59350,LILLE,2230710,non,,Bâtiment,"22,5",50°37'20.184''N,3°2'11.185''E,22,6051828,150.0,"21,5"
0592751180,13/02/2025,14/03/2025,,73 R D'ISLY,RESIDENCE BERANGER,,59350,LILLE,2230710,non,,Bâtiment,"22,5",50°37'20.184''N,3°2'11.185''E,22,7128389,20.0,"20,8"
0592751180,13/02/2025,14/03/2025,,73 R D'ISLY,RESIDENCE BERANGER,,59350,LILLE,2230710,non,,Bâtiment,"22,5",50°37'20.184''N,3°2'11.185''E,22,7128387,280.0,"20,8"
0592751179,19/06/2025,18/07/2025,,RUE DENIS CORDONNIER,,,59477,PROVIN,2217610,non,,Immeuble,22,50°30'54''N,2°54'43''E,23,6005682,290.0,"18,9"
0592751179,19/06/2025,18/07/2025,,RUE DENIS CORDONNIER,,,59477,PROVIN,2217610,non,,Immeuble,22,50°30'54''N,2°54'43''E,23,6005680,160.0,"18,9"
0592751179,19/06/2025,18/07/2025,,RUE DENIS CORDONNIER,,,59477,PROVIN,2217610,non,,Immeuble,22,50°30'54''N,2°54'43''E,23,6005678,40.0,"18,9"
0592751179,19/06/2025,18/07/2025,,RUE DENIS CORDONNIER,,,59477,PROVIN,2217610,non,,Immeuble,22,50°30'54''N,2°54'43''E,23,7389902,290.0,"18,4"
0592751179,19/06/2025,18/07/2025,,RUE DENIS CORDONNIER,,,59477,PROVIN,2217610,non,,Immeuble,22,50°30'54''N,2°54'43''E,23,7389898,160.0,"18,4"
0592751179,19/06/2025,18/07/2025,,RUE DENIS CORDONNIER,,,59477,PROVIN,2217610,non,,Immeuble,22,50°30'54''N,2°54'43''E,23,7389900,40.0,"18,4"
0592751171,25/09/2024,25/10/2024,,11 ALL MARTIN LUTHER KING,,,59599,TOURCOING,2210703,non,,Immeuble,20,50°43'7''N,3°10'13''E,40,5980894,60.0,"16,2"
0592751171,25/09/2024,25/10/2024,,11 ALL MARTIN LUTHER KING,,,59599,TOURCOING,2210703,non,,Immeuble,20,50°43'7''N,3°10'13''E,40,5980896,230.0,"16,2"
0592751171,25/09/2024,25/10/2024,,11 ALL MARTIN LUTHER KING,,,59599,TOURCOING,2210703,non,,Immeuble,20,50°43'7''N,3°10'13''E,40,5980898,330.0,"16,2"
0592751169,12/02/2025,14/03/2025,,77 RUE DE FONTENOY,RESIDENCE FONTENOY,,59350,LILLE,2208898,non,,Immeuble,"28,5",50°37'11''N,3°4'13''E,25,5974679,110.0,"27,4"
0592751169,12/02/2025,14/03/2025,,77 RUE DE FONTENOY,RESIDENCE FONTENOY,,59350,LILLE,2208898,non,,Immeuble,"28,5",50°37'11''N,3°4'13''E,25,5974681,210.0,"27,4"
0592751169,12/02/2025,14/03/2025,,77 RUE DE FONTENOY,RESIDENCE FONTENOY,,59350,LILLE,2208898,non,,Immeuble,"28,5",50°37'11''N,3°4'13''E,25,7885151,110.0,"23,6"
0592751169,12/02/2025,14/03/2025,,77 RUE DE FONTENOY,RESIDENCE FONTENOY,,59350,LILLE,2208898,non,,Immeuble,"28,5",50°37'11''N,3°4'13''E,25,5974677,320.0,"27,4"
0592751169,12/02/2025,14/03/2025,,77 RUE DE FONTENOY,RESIDENCE FONTENOY,,59350,LILLE,2208898,non,,Immeuble,"28,5",50°37'11''N,3°4'13''E,25,7885149,320.0,"23,6"
0592751169,12/02/2025,14/03/2025,,77 RUE DE FONTENOY,RESIDENCE FONTENOY,,59350,LILLE,2208898,non,,Immeuble,"28,5",50°37'11''N,3°4'13''E,25,7885153,210.0,"23,6"
0592751168,20/01/2023,17/02/2023,,13 AV INDUSTRIELLE,,,59386,MARQUETTE-LEZ-LILLE,2203198,non,,Bâtiment,"14,4",50°40'40''N,3°3'26''E,19,8437810,3.0,7
0592751168,20/01/2023,17/02/2023,,13 AV INDUSTRIELLE,,,59386,MARQUETTE-LEZ-LILLE,2203198,non,,Bâtiment,"14,4",50°40'40''N,3°3'26''E,19,8437808,3.0,7
0592751168,20/01/2023,17/02/2023,,13 AV INDUSTRIELLE,,,59386,MARQUETTE-LEZ-LILLE,2203198,non,,Bâtiment,"14,4",50°40'40''N,3°3'26''E,19,8437812,3.0,7
0592751168,20/01/2023,17/02/2023,,13 AV INDUSTRIELLE,,,59386,MARQUETTE-LEZ-LILLE,2203198,non,,Bâtiment,"14,4",50°40'40''N,3°3'26''E,19,8437806,3.0,7
0592751168,20/01/2023,17/02/2023,,13 AV INDUSTRIELLE,,,59386,MARQUETTE-LEZ-LILLE,2203198,non,,Bâtiment,"14,4",50°40'40''N,3°3'26''E,19,8437814,3.0,7
0592751156,06/02/2024,08/03/2024,,"385, R DU CLINQUET",RESIDENCE CLINQUET,,59599,TOURCOING,2184481,non,,Bâtiment,21,50°43'30''N,3°7'46''E,32,5882950,290.0,19
0592751156,06/02/2024,08/03/2024,,"385, R DU CLINQUET",RESIDENCE CLINQUET,,59599,TOURCOING,2184481,non,,Bâtiment,21,50°43'30''N,3°7'46''E,32,5882948,170.0,19
0592751156,06/02/2024,08/03/2024,,"385, R DU CLINQUET",RESIDENCE CLINQUET,,59599,TOURCOING,2184481,non,,Bâtiment,21,50°43'30''N,3°7'46''E,32,5882946,10.0,19
0592751151,20/02/2025,21/03/2025,,1-5 RES DE L EUROPE,PL DE L'EUROPE,,59457,PERENCHIES,2180524,oui,,Immeuble,27,50°40'17''N,2°58'27''E,31,5867048,205.0,"18,1"
0592751151,20/02/2025,21/03/2025,,1-5 RES DE L EUROPE,PL DE L'EUROPE,,59457,PERENCHIES,2180524,oui,,Immeuble,27,50°40'17''N,2°58'27''E,31,5867046,90.0,"18,1"
0592751151,20/02/2025,21/03/2025,,1-5 RES DE L EUROPE,PL DE L'EUROPE,,59457,PERENCHIES,2180524,oui,,Immeuble,27,50°40'17''N,2°58'27''E,31,5867044,295.0,"18,1"
0592751151,20/02/2025,21/03/2025,,1-5 RES DE L EUROPE,PL DE L'EUROPE,,59457,PERENCHIES,2180524,oui,,Immeuble,27,50°40'17''N,2°58'27''E,31,9740617,205.0,"18,1"
0592751151,20/02/2025,21/03/2025,,1-5 RES DE L EUROPE,PL DE L'EUROPE,,59457,PERENCHIES,2180524,oui,,Immeuble,27,50°40'17''N,2°58'27''E,31,9740619,295.0,"18,1"
0592751151,20/02/2025,21/03/2025,,1-5 RES DE L EUROPE,PL DE L'EUROPE,,59457,PERENCHIES,2180524,oui,,Immeuble,27,50°40'17''N,2°58'27''E,31,9740621,90.0,"18,1"
0592751145,12/02/2025,14/03/2025,,R de la Briqueterie,Résidence Lion d'OR,,59350,LILLE,546361,oui,,Bâtiment,"31,2",50°38'35''N,3°5'21''E,34,5843741,0.0,"25,2"
0592751145,12/02/2025,14/03/2025,,R de la Briqueterie,Résidence Lion d'OR,,59350,LILLE,546361,oui,,Bâtiment,"31,2",50°38'35''N,3°5'21''E,34,5843743,90.0,"25,2"
0592751145,12/02/2025,14/03/2025,,R de la Briqueterie,Résidence Lion d'OR,,59350,LILLE,546361,oui,,Bâtiment,"31,2",50°38'35''N,3°5'21''E,34,5843745,180.0,"25,2"
0592751145,12/02/2025,14/03/2025,,R de la Briqueterie,Résidence Lion d'OR,,59350,LILLE,546361,oui,,Bâtiment,"31,2",50°38'35''N,3°5'21''E,34,7004428,0.0,"24,3"
0592751145,12/02/2025,14/03/2025,,R de la Briqueterie,Résidence Lion d'OR,,59350,LILLE,546361,oui,,Bâtiment,"31,2",50°38'35''N,3°5'21''E,34,7004432,180.0,"24,3"
0592751145,12/02/2025,14/03/2025,,R de la Briqueterie,Résidence Lion d'OR,,59350,LILLE,546361,oui,,Bâtiment,"31,2",50°38'35''N,3°5'21''E,34,7004430,90.0,"24,3"
0592751144,04/02/2025,07/03/2025,,2 rue Guillaume de Mortagne,rue Henri Mansard,,59599,TOURCOING,1292161,oui,,Immeuble,34,50°44'11''N,3°10'33''E,39,5833474,240.0,"30,3"
0592751144,04/02/2025,07/03/2025,,2 rue Guillaume de Mortagne,rue Henri Mansard,,59599,TOURCOING,1292161,oui,,Immeuble,34,50°44'11''N,3°10'33''E,39,5833472,120.0,"30,3"
0592751144,04/02/2025,07/03/2025,,2 rue Guillaume de Mortagne,rue Henri Mansard,,59599,TOURCOING,1292161,oui,,Immeuble,34,50°44'11''N,3°10'33''E,39,5833470,0.0,"30,3"
0592751144,04/02/2025,07/03/2025,,2 rue Guillaume de Mortagne,rue Henri Mansard,,59599,TOURCOING,1292161,oui,,Immeuble,34,50°44'11''N,3°10'33''E,39,7442522,240.0,"31,2"
0592751144,04/02/2025,07/03/2025,,2 rue Guillaume de Mortagne,rue Henri Mansard,,59599,TOURCOING,1292161,oui,,Immeuble,34,50°44'11''N,3°10'33''E,39,7442518,0.0,"31,2"
0592751144,04/02/2025,07/03/2025,,2 rue Guillaume de Mortagne,rue Henri Mansard,,59599,TOURCOING,1292161,oui,,Immeuble,34,50°44'11''N,3°10'33''E,39,7442520,120.0,"31,2"
0592751143,23/01/2025,21/02/2025,,3 R R RIEUX,,,59560,SECLIN,2225226,non,,Immeuble,25,50°32'27''N,3°1'35''E,27,6032738,90.0,"24,1"
0592751143,23/01/2025,21/02/2025,,3 R R RIEUX,,,59560,SECLIN,2225226,non,,Immeuble,25,50°32'27''N,3°1'35''E,27,6032736,340.0,"24,1"
0592751143,23/01/2025,21/02/2025,,3 R R RIEUX,,,59560,SECLIN,2225226,non,,Immeuble,25,50°32'27''N,3°1'35''E,27,6032740,240.0,"24,1"
0592751143,23/01/2025,21/02/2025,,3 R R RIEUX,,,59560,SECLIN,2225226,non,,Immeuble,25,50°32'27''N,3°1'35''E,27,7124921,90.0,"24,8"
0592751143,23/01/2025,21/02/2025,,3 R R RIEUX,,,59560,SECLIN,2225226,non,,Immeuble,25,50°32'27''N,3°1'35''E,27,7124919,340.0,"24,8"
0592751143,23/01/2025,21/02/2025,,3 R R RIEUX,,,59560,SECLIN,2225226,non,,Immeuble,25,50°32'27''N,3°1'35''E,27,7124917,240.0,"24,8"
0592751138,25/06/2025,25/07/2025,,9 IMPASSE STRICANNE,,,59350,LILLE,2157880,non,,Immeuble,"20,5",50°36'44''N,3°4'34''E,"30,7",5787551,300.0,19
0592751138,25/06/2025,25/07/2025,,9 IMPASSE STRICANNE,,,59350,LILLE,2157880,non,,Immeuble,"20,5",50°36'44''N,3°4'34''E,"30,7",5787553,125.0,19
0592751138,25/06/2025,25/07/2025,,9 IMPASSE STRICANNE,,,59350,LILLE,2157880,non,,Immeuble,"20,5",50°36'44''N,3°4'34''E,"30,7",5787555,210.0,19
0592751137,05/02/2025,07/03/2025,,R DE MULHOUSE,,,59599,TOURCOING,2157953,non,,Immeuble,"17,7",50°42'58.126''N,3°9'1.629''E,37,5787857,100.0,"16,3"
0592751137,05/02/2025,07/03/2025,,R DE MULHOUSE,,,59599,TOURCOING,2157953,non,,Immeuble,"17,7",50°42'58.126''N,3°9'1.629''E,37,5787855,325.0,"16,3"
0592751137,05/02/2025,07/03/2025,,R DE MULHOUSE,,,59599,TOURCOING,2157953,non,,Immeuble,"17,7",50°42'58.126''N,3°9'1.629''E,37,7447672,215.0,"15,3"
0592751137,05/02/2025,07/03/2025,,R DE MULHOUSE,,,59599,TOURCOING,2157953,non,,Immeuble,"17,7",50°42'58.126''N,3°9'1.629''E,37,5787859,215.0,"16,3"
0592751137,05/02/2025,07/03/2025,,R DE MULHOUSE,,,59599,TOURCOING,2157953,non,,Immeuble,"17,7",50°42'58.126''N,3°9'1.629''E,37,7447670,100.0,"15,3"
0592751137,05/02/2025,07/03/2025,,R DE MULHOUSE,,,59599,TOURCOING,2157953,non,,Immeuble,"17,7",50°42'58.126''N,3°9'1.629''E,37,7447668,325.0,"15,3"
0592751134,12/02/2025,14/03/2025,,92 R D'HAUBOURDIN,,,59220,FACHES-THUMESNIL,2139580,oui,,Bâtiment,15,50°36'0''N,3°4'5''E,40,5721258,0.0,"13,9"
0592751134,12/02/2025,14/03/2025,,92 R D'HAUBOURDIN,,,59220,FACHES-THUMESNIL,2139580,oui,,Bâtiment,15,50°36'0''N,3°4'5''E,40,5721254,90.0,"13,2"
0592751134,12/02/2025,14/03/2025,,92 R D'HAUBOURDIN,,,59220,FACHES-THUMESNIL,2139580,oui,,Bâtiment,15,50°36'0''N,3°4'5''E,40,5721252,270.0,"13,9"
0592751133,06/12/2022,06/01/2023,,45-49 r de la cloche,Résidence Majestic,,59599,TOURCOING,2138560,oui,,Bâtiment,30,50°43'23''N,3°9'49''E,37,5718626,150.0,"29,4"
0592751133,06/12/2022,06/01/2023,,45-49 r de la cloche,Résidence Majestic,,59599,TOURCOING,2138560,oui,,Bâtiment,30,50°43'23''N,3°9'49''E,37,5718622,240.0,"29,4"
0592751133,06/12/2022,06/01/2023,,45-49 r de la cloche,Résidence Majestic,,59599,TOURCOING,2138560,oui,,Bâtiment,30,50°43'23''N,3°9'49''E,37,5718624,10.0,"29,4"
0592751133,06/12/2022,06/01/2023,,45-49 r de la cloche,Résidence Majestic,,59599,TOURCOING,2138560,oui,,Bâtiment,30,50°43'23''N,3°9'49''E,37,6738684,240.0,"28,5"
0592751133,06/12/2022,06/01/2023,,45-49 r de la cloche,Résidence Majestic,,59599,TOURCOING,2138560,oui,,Bâtiment,30,50°43'23''N,3°9'49''E,37,6738682,150.0,"28,5"
0592751133,06/12/2022,06/01/2023,,45-49 r de la cloche,Résidence Majestic,,59599,TOURCOING,2138560,oui,,Bâtiment,30,50°43'23''N,3°9'49''E,37,6738680,10.0,"28,5"
0592751132,16/10/2022,18/11/2022,,82 r corneille,Résidence CORNEILLE,,59009,VILLENEUVE-D'ASCQ,1653646,oui,,Immeuble,"67,3",50°37'25''N,3°8'33''E,29,5685252,80.0,"45,6"
0592751132,16/10/2022,18/11/2022,,82 r corneille,Résidence CORNEILLE,,59009,VILLENEUVE-D'ASCQ,1653646,oui,,Immeuble,"67,3",50°37'25''N,3°8'33''E,29,5685254,210.0,"45,6"
0592751132,16/10/2022,18/11/2022,,82 r corneille,Résidence CORNEILLE,,59009,VILLENEUVE-D'ASCQ,1653646,oui,,Immeuble,"67,3",50°37'25''N,3°8'33''E,29,5685250,340.0,"45,6"
0592751132,16/10/2022,18/11/2022,,82 r corneille,Résidence CORNEILLE,,59009,VILLENEUVE-D'ASCQ,1653646,oui,,Immeuble,"67,3",50°37'25''N,3°8'33''E,29,7857530,210.0,"44,6"
0592751132,16/10/2022,18/11/2022,,82 r corneille,Résidence CORNEILLE,,59009,VILLENEUVE-D'ASCQ,1653646,oui,,Immeuble,"67,3",50°37'25''N,3°8'33''E,29,7857526,340.0,"44,6"
0592751132,16/10/2022,18/11/2022,,82 r corneille,Résidence CORNEILLE,,59009,VILLENEUVE-D'ASCQ,1653646,oui,,Immeuble,"67,3",50°37'25''N,3°8'33''E,29,7857528,80.0,"44,6"
0592751131,25/11/2022,23/12/2022,,"20, Rue Charles Gounod",Immeuble 16,,59378,MARCQ-EN-BAROEUL,3121593,oui,,Immeuble,31,50°40'2''N,3°5'9''E,20,5683430,355.0,"27,8"
0592751131,25/11/2022,23/12/2022,,"20, Rue Charles Gounod",Immeuble 16,,59378,MARCQ-EN-BAROEUL,3121593,oui,,Immeuble,31,50°40'2''N,3°5'9''E,20,5683434,240.0,29
0592751131,25/11/2022,23/12/2022,,"20, Rue Charles Gounod",Immeuble 16,,59378,MARCQ-EN-BAROEUL,3121593,oui,,Immeuble,31,50°40'2''N,3°5'9''E,20,5683432,110.0,29
0592751131,25/11/2022,23/12/2022,,"20, Rue Charles Gounod",Immeuble 16,,59378,MARCQ-EN-BAROEUL,3121593,oui,,Immeuble,31,50°40'2''N,3°5'9''E,20,7069790,355.0,"28,2"
0592751131,25/11/2022,23/12/2022,,"20, Rue Charles Gounod",Immeuble 16,,59378,MARCQ-EN-BAROEUL,3121593,oui,,Immeuble,31,50°40'2''N,3°5'9''E,20,7069792,110.0,"28,1"
0592751131,25/11/2022,23/12/2022,,"20, Rue Charles Gounod",Immeuble 16,,59378,MARCQ-EN-BAROEUL,3121593,oui,,Immeuble,31,50°40'2''N,3°5'9''E,20,7069788,240.0,"28,1"
0592751130,23/09/2022,21/10/2022,,R DE L'ABBÉ COUSIN,,,59350,LILLE,2129013,non,,Bâtiment,18,50°37'28.989''N,3°5'30.668''E,28,5683422,290.0,16
0592751130,23/09/2022,21/10/2022,,R DE L'ABBÉ COUSIN,,,59350,LILLE,2129013,non,,Bâtiment,18,50°37'28.989''N,3°5'30.668''E,28,5683426,185.0,16
0592751130,23/09/2022,21/10/2022,,R DE L'ABBÉ COUSIN,,,59350,LILLE,2129013,non,,Bâtiment,18,50°37'28.989''N,3°5'30.668''E,28,5683424,85.0,16
0592751130,23/09/2022,21/10/2022,,R DE L'ABBÉ COUSIN,,,59350,LILLE,2129013,non,,Bâtiment,18,50°37'28.989''N,3°5'30.668''E,28,6551902,85.0,"15,1"
0592751130,23/09/2022,21/10/2022,,R DE L'ABBÉ COUSIN,,,59350,LILLE,2129013,non,,Bâtiment,18,50°37'28.989''N,3°5'30.668''E,28,6551900,290.0,"15,6"
0592751130,23/09/2022,21/10/2022,,R DE L'ABBÉ COUSIN,,,59350,LILLE,2129013,non,,Bâtiment,18,50°37'28.989''N,3°5'30.668''E,28,6551904,185.0,"15,6"
0592751127,29/04/2023,02/06/2023,,r Jules Watteuw,res Calmette,,59508,RONCQ,2125778,oui,,Bâtiment,19,50°44'12''N,3°7'11''E,42,5670168,180.0,"17,5"
0592751127,29/04/2023,02/06/2023,,r Jules Watteuw,res Calmette,,59508,RONCQ,2125778,oui,,Bâtiment,19,50°44'12''N,3°7'11''E,42,5670166,60.0,"17,5"
0592751127,29/04/2023,02/06/2023,,r Jules Watteuw,res Calmette,,59508,RONCQ,2125778,oui,,Bâtiment,19,50°44'12''N,3°7'11''E,42,5670170,300.0,"17,5"
0592751127,29/04/2023,02/06/2023,,r Jules Watteuw,res Calmette,,59508,RONCQ,2125778,oui,,Bâtiment,19,50°44'12''N,3°7'11''E,42,7389910,180.0,"17,4"
0592751127,29/04/2023,02/06/2023,,r Jules Watteuw,res Calmette,,59508,RONCQ,2125778,oui,,Bâtiment,19,50°44'12''N,3°7'11''E,42,7389912,300.0,"17,4"
0592751127,29/04/2023,02/06/2023,,r Jules Watteuw,res Calmette,,59508,RONCQ,2125778,oui,,Bâtiment,19,50°44'12''N,3°7'11''E,42,7389908,60.0,"17,4"
0592751126,08/09/2022,07/10/2022,,1000 AV DE DUNKERQUE ,Groupe Rénovation Bât E3 ,,59350,LILLE,2123671,oui,,Immeuble,21,50°38'40''N,2°58'43''E,46,5663967,70.0,"19,1"
0592751126,08/09/2022,07/10/2022,,1000 AV DE DUNKERQUE ,Groupe Rénovation Bât E3 ,,59350,LILLE,2123671,oui,,Immeuble,21,50°38'40''N,2°58'43''E,46,5663969,200.0,"19,1"
0592751126,08/09/2022,07/10/2022,,1000 AV DE DUNKERQUE ,Groupe Rénovation Bât E3 ,,59350,LILLE,2123671,oui,,Immeuble,21,50°38'40''N,2°58'43''E,46,5663965,340.0,"19,1"
0592751126,08/09/2022,07/10/2022,,1000 AV DE DUNKERQUE ,Groupe Rénovation Bât E3 ,,59350,LILLE,2123671,oui,,Immeuble,21,50°38'40''N,2°58'43''E,46,6957451,340.0,"18,5"
0592751126,08/09/2022,07/10/2022,,1000 AV DE DUNKERQUE ,Groupe Rénovation Bât E3 ,,59350,LILLE,2123671,oui,,Immeuble,21,50°38'40''N,2°58'43''E,46,6957453,70.0,"18,5"
0592751126,08/09/2022,07/10/2022,,1000 AV DE DUNKERQUE ,Groupe Rénovation Bât E3 ,,59350,LILLE,2123671,oui,,Immeuble,21,50°38'40''N,2°58'43''E,46,6957455,200.0,"18,5"
0592751125,14/09/2022,14/10/2022,,10 R LOUIS SURY,,,59585,TEMPLEMARS,2123303,non,,Bâtiment,21,50°34'46''N,3°3'2''E,35,5663924,10.0,"17,6"
0592751125,14/09/2022,14/10/2022,,10 R LOUIS SURY,,,59585,TEMPLEMARS,2123303,non,,Bâtiment,21,50°34'46''N,3°3'2''E,35,5663926,120.0,"17,6"
0592751125,14/09/2022,14/10/2022,,10 R LOUIS SURY,,,59585,TEMPLEMARS,2123303,non,,Bâtiment,21,50°34'46''N,3°3'2''E,35,5663928,260.0,"17,6"
0592751125,14/09/2022,14/10/2022,,10 R LOUIS SURY,,,59585,TEMPLEMARS,2123303,non,,Bâtiment,21,50°34'46''N,3°3'2''E,35,6551892,120.0,19
0592751125,14/09/2022,14/10/2022,,10 R LOUIS SURY,,,59585,TEMPLEMARS,2123303,non,,Bâtiment,21,50°34'46''N,3°3'2''E,35,6551890,10.0,19
0592751125,14/09/2022,14/10/2022,,10 R LOUIS SURY,,,59585,TEMPLEMARS,2123303,non,,Bâtiment,21,50°34'46''N,3°3'2''E,35,6551894,260.0,19
0592751124,19/09/2023,20/10/2023,,15 AV ANDRÉ DILIGENT,,,59512,ROUBAIX,2124502,non,,Immeuble,32,50°41'16''N,3°10'38''E,30,5667455,180.0,"26,1"
0592751124,19/09/2023,20/10/2023,,15 AV ANDRÉ DILIGENT,,,59512,ROUBAIX,2124502,non,,Immeuble,32,50°41'16''N,3°10'38''E,30,5667461,60.0,"26,1"
0592751124,19/09/2023,20/10/2023,,15 AV ANDRÉ DILIGENT,,,59512,ROUBAIX,2124502,non,,Immeuble,32,50°41'16''N,3°10'38''E,30,5667457,300.0,"26,1"
0592751115,03/04/2025,30/04/2025,,"149, r anatole de la forge",,,59350,LILLE,2173170,oui,,Bâtiment,29,50°37'46''N,3°5'50''E,26,5841652,90.0,"27,2"
0592751115,03/04/2025,30/04/2025,,"149, r anatole de la forge",,,59350,LILLE,2173170,oui,,Bâtiment,29,50°37'46''N,3°5'50''E,26,5841654,200.0,"27,2"
0592751115,03/04/2025,30/04/2025,,"149, r anatole de la forge",,,59350,LILLE,2173170,oui,,Bâtiment,29,50°37'46''N,3°5'50''E,26,5841650,300.0,"27,2"
0592751098,12/02/2025,14/03/2025,,70-72 façade de l'Esplanade,,,59350,LILLE,639734,oui,,Immeuble,36,50°38'41''N,3°3'7''E,20,5550364,30.0,"24,9"
0592751098,12/02/2025,14/03/2025,,70-72 façade de l'Esplanade,,,59350,LILLE,639734,oui,,Immeuble,36,50°38'41''N,3°3'7''E,20,5550366,120.0,"25,1"
0592751098,12/02/2025,14/03/2025,,70-72 façade de l'Esplanade,,,59350,LILLE,639734,oui,,Immeuble,36,50°38'41''N,3°3'7''E,20,5550368,240.0,"24,9"
0592751097,23/01/2025,21/02/2025,,47 R JEAN MERMOZ,,,59268,LA GORGUE,2090809,non,,Bâtiment,30,50°38'22''N,2°42'47''E,17,5549262,20.0,"27,2"
0592751097,23/01/2025,21/02/2025,,47 R JEAN MERMOZ,,,59268,LA GORGUE,2090809,non,,Bâtiment,30,50°38'22''N,2°42'47''E,17,5549266,220.0,"27,2"
0592751097,23/01/2025,21/02/2025,,47 R JEAN MERMOZ,,,59268,LA GORGUE,2090809,non,,Bâtiment,30,50°38'22''N,2°42'47''E,17,5549264,100.0,"27,2"
0592751097,23/01/2025,21/02/2025,,47 R JEAN MERMOZ,,,59268,LA GORGUE,2090809,non,,Bâtiment,30,50°38'22''N,2°42'47''E,17,7600361,20.0,"29,3"
0592751097,23/01/2025,21/02/2025,,47 R JEAN MERMOZ,,,59268,LA GORGUE,2090809,non,,Bâtiment,30,50°38'22''N,2°42'47''E,17,7600363,100.0,"29,3"
0592751097,23/01/2025,21/02/2025,,47 R JEAN MERMOZ,,,59268,LA GORGUE,2090809,non,,Bâtiment,30,50°38'22''N,2°42'47''E,17,7600365,220.0,"29,3"
0592751077,28/10/2022,02/12/2022,,317 R VERTE,,,59163,CROIX,2053574,oui,,Immeuble,35,50°40'25''N,3°9'41''E,32,5412221,40.0,"32,1"
0592751077,28/10/2022,02/12/2022,,317 R VERTE,,,59163,CROIX,2053574,oui,,Immeuble,35,50°40'25''N,3°9'41''E,32,5412219,130.0,"32,1"
0592751077,28/10/2022,02/12/2022,,317 R VERTE,,,59163,CROIX,2053574,oui,,Immeuble,35,50°40'25''N,3°9'41''E,32,6569713,130.0,"31,5"
0592751077,28/10/2022,02/12/2022,,317 R VERTE,,,59163,CROIX,2053574,oui,,Immeuble,35,50°40'25''N,3°9'41''E,32,5412217,310.0,"32,1"
0592751077,28/10/2022,02/12/2022,,317 R VERTE,,,59163,CROIX,2053574,oui,,Immeuble,35,50°40'25''N,3°9'41''E,32,6569711,40.0,"31,5"
0592751077,28/10/2022,02/12/2022,,317 R VERTE,,,59163,CROIX,2053574,oui,,Immeuble,35,50°40'25''N,3°9'41''E,32,6569715,310.0,"31,5"
0592751073,01/03/2025,04/04/2025,,211 bd de Tournai,Hotel Park Inn,,59009,VILLENEUVE-D'ASCQ,2905562,oui,,Bâtiment,33,50°36'47''N,3°8'0''E,42,5270496,145.0,"32,4"
0592751073,01/03/2025,04/04/2025,,211 bd de Tournai,Hotel Park Inn,,59009,VILLENEUVE-D'ASCQ,2905562,oui,,Bâtiment,33,50°36'47''N,3°8'0''E,42,5270494,55.0,"32,4"
0592751073,01/03/2025,04/04/2025,,211 bd de Tournai,Hotel Park Inn,,59009,VILLENEUVE-D'ASCQ,2905562,oui,,Bâtiment,33,50°36'47''N,3°8'0''E,42,5270492,315.0,"32,4"
0592751031,22/02/2023,24/03/2023,,87 r pierre brosselette,,,59512,ROUBAIX,905491,oui,,Immeuble,"46,4",50°40'17''N,3°11'36''E,39,5142236,70.0,"41,6"
0592751031,22/02/2023,24/03/2023,,87 r pierre brosselette,,,59512,ROUBAIX,905491,oui,,Immeuble,"46,4",50°40'17''N,3°11'36''E,39,5142248,330.0,"41,6"
0592751031,22/02/2023,24/03/2023,,87 r pierre brosselette,,,59512,ROUBAIX,905491,oui,,Immeuble,"46,4",50°40'17''N,3°11'36''E,39,5142238,200.0,"41,6"
0592751031,22/02/2023,24/03/2023,,87 r pierre brosselette,,,59512,ROUBAIX,905491,oui,,Immeuble,"46,4",50°40'17''N,3°11'36''E,39,6835784,200.0,"40,6"
0592751031,22/02/2023,24/03/2023,,87 r pierre brosselette,,,59512,ROUBAIX,905491,oui,,Immeuble,"46,4",50°40'17''N,3°11'36''E,39,6835782,70.0,"40,6"
0592751031,22/02/2023,24/03/2023,,87 r pierre brosselette,,,59512,ROUBAIX,905491,oui,,Immeuble,"46,4",50°40'17''N,3°11'36''E,39,6835780,330.0,"40,6"
0592751029,25/06/2024,26/07/2024,,18 AV JULIEN RENARD,,,59179,DOUCHY-LES-MINES,1975280,non,,Immeuble,33,50°18'0.291''N,3°23'31.892''E,47,5142250,180.0,"37,6"
0592751029,25/06/2024,26/07/2024,,18 AV JULIEN RENARD,,,59179,DOUCHY-LES-MINES,1975280,non,,Immeuble,33,50°18'0.291''N,3°23'31.892''E,47,5142254,40.0,"37,6"
0592751029,25/06/2024,26/07/2024,,18 AV JULIEN RENARD,,,59179,DOUCHY-LES-MINES,1975280,non,,Immeuble,33,50°18'0.291''N,3°23'31.892''E,47,5142252,300.0,"37,6"
0592751026,12/02/2025,14/03/2025,,1 R CONSTANTINE,Résidence Pré Catelan,,59368,LA MADELEINE,2052512,oui,,Immeuble,22,50°39'15''N,3°3'33''E,21,5188501,310.0,"20,3"
0592751026,12/02/2025,14/03/2025,,1 R CONSTANTINE,Résidence Pré Catelan,,59368,LA MADELEINE,2052512,oui,,Immeuble,22,50°39'15''N,3°3'33''E,21,5188503,80.0,"20,3"
0592751026,12/02/2025,14/03/2025,,1 R CONSTANTINE,Résidence Pré Catelan,,59368,LA MADELEINE,2052512,oui,,Immeuble,22,50°39'15''N,3°3'33''E,21,5188505,170.0,"20,3"
0592751026,12/02/2025,14/03/2025,,1 R CONSTANTINE,Résidence Pré Catelan,,59368,LA MADELEINE,2052512,oui,,Immeuble,22,50°39'15''N,3°3'33''E,21,8252402,310.0,"20,4"
0592751026,12/02/2025,14/03/2025,,1 R CONSTANTINE,Résidence Pré Catelan,,59368,LA MADELEINE,2052512,oui,,Immeuble,22,50°39'15''N,3°3'33''E,21,8252400,170.0,"20,4"
0592751026,12/02/2025,14/03/2025,,1 R CONSTANTINE,Résidence Pré Catelan,,59368,LA MADELEINE,2052512,oui,,Immeuble,22,50°39'15''N,3°3'33''E,21,8252398,80.0,"20,4"
0592751025,12/02/2025,14/03/2025,,1/5 R JEAN MERMOZ,,,59386,MARQUETTE-LEZ-LILLE,1988170,non,,Immeuble,20,50°40'9''N,3°4'7''E,18,5188493,150.0,"19,3"
0592751025,12/02/2025,14/03/2025,,1/5 R JEAN MERMOZ,,,59386,MARQUETTE-LEZ-LILLE,1988170,non,,Immeuble,20,50°40'9''N,3°4'7''E,18,5188495,20.0,"18,4"
0592751025,12/02/2025,14/03/2025,,1/5 R JEAN MERMOZ,,,59386,MARQUETTE-LEZ-LILLE,1988170,non,,Immeuble,20,50°40'9''N,3°4'7''E,18,5188497,280.0,"18,4"
0592751024,02/02/2024,01/03/2024,,33 AVENUE BERNADETTE,,,59368,LA MADELEINE,2925704,oui,,Immeuble,21,50°39'23''N,3°4'38''E,34,5132919,260.0,"15,8"
0592751024,02/02/2024,01/03/2024,,33 AVENUE BERNADETTE,,,59368,LA MADELEINE,2925704,oui,,Immeuble,21,50°39'23''N,3°4'38''E,34,5132915,70.0,"15,8"
0592751024,02/02/2024,01/03/2024,,33 AVENUE BERNADETTE,,,59368,LA MADELEINE,2925704,oui,,Immeuble,21,50°39'23''N,3°4'38''E,34,5132917,150.0,"15,8"
0592751007,27/04/2023,26/05/2023,,"91, r de la république-entrée 3",Résidence les Chataigniers,,59183,DUNKERQUE,861218,oui,,Immeuble,34,51°1'43''N,2°21'20''E,4,384047,0.0,"32,4"
0592751007,27/04/2023,26/05/2023,,"91, r de la république-entrée 3",Résidence les Chataigniers,,59183,DUNKERQUE,861218,oui,,Immeuble,34,51°1'43''N,2°21'20''E,4,7854098,240.0,"33,3"
0592751007,27/04/2023,26/05/2023,,"91, r de la république-entrée 3",Résidence les Chataigniers,,59183,DUNKERQUE,861218,oui,,Immeuble,34,51°1'43''N,2°21'20''E,4,384049,120.0,"32,4"
0592751007,27/04/2023,26/05/2023,,"91, r de la république-entrée 3",Résidence les Chataigniers,,59183,DUNKERQUE,861218,oui,,Immeuble,34,51°1'43''N,2°21'20''E,4,384051,240.0,"32,4"
0592751007,27/04/2023,26/05/2023,,"91, r de la république-entrée 3",Résidence les Chataigniers,,59183,DUNKERQUE,861218,oui,,Immeuble,34,51°1'43''N,2°21'20''E,4,7854094,120.0,"33,3"
0592751007,27/04/2023,26/05/2023,,"91, r de la république-entrée 3",Résidence les Chataigniers,,59183,DUNKERQUE,861218,oui,,Immeuble,34,51°1'43''N,2°21'20''E,4,7854096,0.0,"33,3"
0592750999,10/02/2023,17/03/2023,,690 AVENUE DE LA REPUBLIQUE,,,59350,LILLE,2194647,oui,,Immeuble,"32,8",50°39'20''N,3°5'16''E,34,4857487,270.0,"28,3"
0592750999,10/02/2023,17/03/2023,,690 AVENUE DE LA REPUBLIQUE,,,59350,LILLE,2194647,oui,,Immeuble,"32,8",50°39'20''N,3°5'16''E,34,4857485,150.0,"28,9"
0592750999,10/02/2023,17/03/2023,,690 AVENUE DE LA REPUBLIQUE,,,59350,LILLE,2194647,oui,,Immeuble,"32,8",50°39'20''N,3°5'16''E,34,4857483,40.0,"28,9"
0592750998,01/08/2022,02/09/2022,,Résidence Argonne,Cité Verdun,,59036,AVESNES-SUR-HELPE,682068,oui,,Immeuble,"22,7",50°7'7''N,3°54'50''E,176,702058,280.0,"20,4"
0592750998,01/08/2022,02/09/2022,,Résidence Argonne,Cité Verdun,,59036,AVESNES-SUR-HELPE,682068,oui,,Immeuble,"22,7",50°7'7''N,3°54'50''E,176,702056,160.0,"20,4"
0592750998,01/08/2022,02/09/2022,,Résidence Argonne,Cité Verdun,,59036,AVESNES-SUR-HELPE,682068,oui,,Immeuble,"22,7",50°7'7''N,3°54'50''E,176,702054,60.0,"20,4"
0592750986,14/03/2024,12/04/2024,,R DU DR SCHWEITZER,TOUR C,,59512,ROUBAIX,1880513,oui,,Immeuble,28,50°41'24.033''N,3°11'6.520''E,27,4821581,0.0,27
0592750986,14/03/2024,12/04/2024,,R DU DR SCHWEITZER,TOUR C,,59512,ROUBAIX,1880513,oui,,Immeuble,28,50°41'24.033''N,3°11'6.520''E,27,4821585,270.0,27
0592750986,14/03/2024,12/04/2024,,R DU DR SCHWEITZER,TOUR C,,59512,ROUBAIX,1880513,oui,,Immeuble,28,50°41'24.033''N,3°11'6.520''E,27,4821583,105.0,27
0592750986,14/03/2024,12/04/2024,,R DU DR SCHWEITZER,TOUR C,,59512,ROUBAIX,1880513,oui,,Immeuble,28,50°41'24.033''N,3°11'6.520''E,27,7442540,105.0,"26,2"
0592750986,14/03/2024,12/04/2024,,R DU DR SCHWEITZER,TOUR C,,59512,ROUBAIX,1880513,oui,,Immeuble,28,50°41'24.033''N,3°11'6.520''E,27,7442542,270.0,"26,2"
0592750986,14/03/2024,12/04/2024,,R DU DR SCHWEITZER,TOUR C,,59512,ROUBAIX,1880513,oui,,Immeuble,28,50°41'24.033''N,3°11'6.520''E,27,7442538,0.0,"26,2"
0592750984,22/02/2024,22/03/2024,,7 pl de la république,,,59606,VALENCIENNES,1887872,oui,,Immeuble,30,50°21'45''N,3°31'15''E,24,4842590,150.0,"21,2"
0592750984,22/02/2024,22/03/2024,,7 pl de la république,,,59606,VALENCIENNES,1887872,oui,,Immeuble,30,50°21'45''N,3°31'15''E,24,4842592,270.0,"21,2"
0592750984,22/02/2024,22/03/2024,,7 pl de la république,,,59606,VALENCIENNES,1887872,oui,,Immeuble,30,50°21'45''N,3°31'15''E,24,4842588,30.0,"21,2"
0592750981,16/06/2022,18/07/2022,Blanc Seau,63 r de mouvaux,,,59512,ROUBAIX,804802,oui,,Immeuble,34,50°41'38''N,3°9'25''E,30,4806503,240.0,"27,3"
0592750981,16/06/2022,18/07/2022,Blanc Seau,63 r de mouvaux,,,59512,ROUBAIX,804802,oui,,Immeuble,34,50°41'38''N,3°9'25''E,30,4806501,175.0,"27,3"
0592750981,16/06/2022,18/07/2022,Blanc Seau,63 r de mouvaux,,,59512,ROUBAIX,804802,oui,,Immeuble,34,50°41'38''N,3°9'25''E,30,4806499,40.0,"27,3"
0592750980,09/09/2022,07/10/2022,,19 RUE LEON JOUHAUX,,,59350,LILLE,1873463,non,,Bâtiment,46,50°38'26''N,3°0'46''E,22,4801117,330.0,"45,1"
0592750980,09/09/2022,07/10/2022,,19 RUE LEON JOUHAUX,,,59350,LILLE,1873463,non,,Bâtiment,46,50°38'26''N,3°0'46''E,22,4801121,230.0,"45,1"
0592750980,09/09/2022,07/10/2022,,19 RUE LEON JOUHAUX,,,59350,LILLE,1873463,non,,Bâtiment,46,50°38'26''N,3°0'46''E,22,4801119,140.0,"45,1"
0592750980,09/09/2022,07/10/2022,,19 RUE LEON JOUHAUX,,,59350,LILLE,1873463,non,,Bâtiment,46,50°38'26''N,3°0'46''E,22,6770937,230.0,"45,6"
0592750980,09/09/2022,07/10/2022,,19 RUE LEON JOUHAUX,,,59350,LILLE,1873463,non,,Bâtiment,46,50°38'26''N,3°0'46''E,22,6770933,330.0,"45,6"
0592750980,09/09/2022,07/10/2022,,19 RUE LEON JOUHAUX,,,59350,LILLE,1873463,non,,Bâtiment,46,50°38'26''N,3°0'46''E,22,6770935,140.0,"45,6"
0592750978,12/02/2025,14/03/2025,,45 RUE DE LA POTONNERIE,,,59512,ROUBAIX,1878490,oui,,Immeuble,23,50°40'58''N,3°11'0''E,32,4816527,130.0,"20,2"
0592750978,12/02/2025,14/03/2025,,45 RUE DE LA POTONNERIE,,,59512,ROUBAIX,1878490,oui,,Immeuble,23,50°40'58''N,3°11'0''E,32,4816529,210.0,"20,2"
0592750978,12/02/2025,14/03/2025,,45 RUE DE LA POTONNERIE,,,59512,ROUBAIX,1878490,oui,,Immeuble,23,50°40'58''N,3°11'0''E,32,4816525,25.0,"20,2"
0592750978,12/02/2025,14/03/2025,,45 RUE DE LA POTONNERIE,,,59512,ROUBAIX,1878490,oui,,Immeuble,23,50°40'58''N,3°11'0''E,32,7377697,130.0,"19,3"
0592750978,12/02/2025,14/03/2025,,45 RUE DE LA POTONNERIE,,,59512,ROUBAIX,1878490,oui,,Immeuble,23,50°40'58''N,3°11'0''E,32,7377699,210.0,"19,3"
0592750978,12/02/2025,14/03/2025,,45 RUE DE LA POTONNERIE,,,59512,ROUBAIX,1878490,oui,,Immeuble,23,50°40'58''N,3°11'0''E,32,7377695,25.0,"19,3"
0592750976,03/04/2024,06/05/2024,,1 pl Vauban,,,59410,MONS-EN-BAROEUL,1878465,oui,,Immeuble,61,50°38'14.678''N,3°6'39.556''E,30,4816661,340.0,"53,6"
0592750976,03/04/2024,06/05/2024,,1 pl Vauban,,,59410,MONS-EN-BAROEUL,1878465,oui,,Immeuble,61,50°38'14.678''N,3°6'39.556''E,30,4816659,240.0,"53,6"
0592750976,03/04/2024,06/05/2024,,1 pl Vauban,,,59410,MONS-EN-BAROEUL,1878465,oui,,Immeuble,61,50°38'14.678''N,3°6'39.556''E,30,6942107,240.0,"53,6"
0592750976,03/04/2024,06/05/2024,,1 pl Vauban,,,59410,MONS-EN-BAROEUL,1878465,oui,,Immeuble,61,50°38'14.678''N,3°6'39.556''E,30,4816663,70.0,"53,6"
0592750976,03/04/2024,06/05/2024,,1 pl Vauban,,,59410,MONS-EN-BAROEUL,1878465,oui,,Immeuble,61,50°38'14.678''N,3°6'39.556''E,30,6942105,70.0,"53,6"
0592750976,03/04/2024,06/05/2024,,1 pl Vauban,,,59410,MONS-EN-BAROEUL,1878465,oui,,Immeuble,61,50°38'14.678''N,3°6'39.556''E,30,6942109,340.0,"53,6"
0592750968,28/05/2024,28/06/2024,,121/139 r de lacroix,,,59512,ROUBAIX,806175,oui,,Bâtiment,31,50°41'50''N,3°11'0''E,26,4828344,40.0,"26,7"
0592750968,28/05/2024,28/06/2024,,121/139 r de lacroix,,,59512,ROUBAIX,806175,oui,,Bâtiment,31,50°41'50''N,3°11'0''E,26,4828338,155.0,"26,7"
0592750968,28/05/2024,28/06/2024,,121/139 r de lacroix,,,59512,ROUBAIX,806175,oui,,Bâtiment,31,50°41'50''N,3°11'0''E,26,4828340,225.0,"26,7"
0592750965,13/02/2025,14/03/2025,,95 BD Vauban,Rés. Olympic,,59350,LILLE,1869679,oui,,Bâtiment,31,50°37'51''N,3°2'43''E,20,4786776,80.0,28
0592750965,13/02/2025,14/03/2025,,95 BD Vauban,Rés. Olympic,,59350,LILLE,1869679,oui,,Bâtiment,31,50°37'51''N,3°2'43''E,20,4786778,260.0,28
0592750965,13/02/2025,14/03/2025,,95 BD Vauban,Rés. Olympic,,59350,LILLE,1869679,oui,,Bâtiment,31,50°37'51''N,3°2'43''E,20,7944090,260.0,"29,2"
0592750965,13/02/2025,14/03/2025,,95 BD Vauban,Rés. Olympic,,59350,LILLE,1869679,oui,,Bâtiment,31,50°37'51''N,3°2'43''E,20,4786774,350.0,28
0592750965,13/02/2025,14/03/2025,,95 BD Vauban,Rés. Olympic,,59350,LILLE,1869679,oui,,Bâtiment,31,50°37'51''N,3°2'43''E,20,7944086,350.0,"29,2"
0592750965,13/02/2025,14/03/2025,,95 BD Vauban,Rés. Olympic,,59350,LILLE,1869679,oui,,Bâtiment,31,50°37'51''N,3°2'43''E,20,7944088,80.0,"29,2"
0592750963,28/05/2024,28/06/2024,,105 r d'anor,Résidence HLM de Tourcoing,,59599,TOURCOING,1870229,oui,,Immeuble,"20,5",50°43'28''N,3°8'14''E,34,4790045,330.0,17
0592750963,28/05/2024,28/06/2024,,105 r d'anor,Résidence HLM de Tourcoing,,59599,TOURCOING,1870229,oui,,Immeuble,"20,5",50°43'28''N,3°8'14''E,34,4790049,250.0,17
0592750963,28/05/2024,28/06/2024,,105 r d'anor,Résidence HLM de Tourcoing,,59599,TOURCOING,1870229,oui,,Immeuble,"20,5",50°43'28''N,3°8'14''E,34,4790047,140.0,17
0592750960,13/02/2025,14/03/2025,,38 Rue Pasteur,,,59220,FACHES-THUMESNIL,3143596,oui,,Immeuble,"20,4",50°36'38''N,3°3'50''E,33,4758178,270.0,18
0592750960,13/02/2025,14/03/2025,,38 Rue Pasteur,,,59220,FACHES-THUMESNIL,3143596,oui,,Immeuble,"20,4",50°36'38''N,3°3'50''E,33,8134061,0.0,"17,9"
0592750960,13/02/2025,14/03/2025,,38 Rue Pasteur,,,59220,FACHES-THUMESNIL,3143596,oui,,Immeuble,"20,4",50°36'38''N,3°3'50''E,33,8134065,270.0,"17,9"
0592750960,13/02/2025,14/03/2025,,38 Rue Pasteur,,,59220,FACHES-THUMESNIL,3143596,oui,,Immeuble,"20,4",50°36'38''N,3°3'50''E,33,4758176,90.0,18
0592750960,13/02/2025,14/03/2025,,38 Rue Pasteur,,,59220,FACHES-THUMESNIL,3143596,oui,,Immeuble,"20,4",50°36'38''N,3°3'50''E,33,4758174,0.0,18
0592750960,13/02/2025,14/03/2025,,38 Rue Pasteur,,,59220,FACHES-THUMESNIL,3143596,oui,,Immeuble,"20,4",50°36'38''N,3°3'50''E,33,8134063,90.0,"17,9"
0592750959,28/01/2025,28/02/2025,,R DE PARIS,,,59350,LILLE,1858117,non,,Immeuble,"31,1",50°38'6''N,3°3'58''E,"20,8",4752220,330.0,"29,5"
0592750959,28/01/2025,28/02/2025,,R DE PARIS,,,59350,LILLE,1858117,non,,Immeuble,"31,1",50°38'6''N,3°3'58''E,"20,8",4752214,90.0,"29,5"
0592750959,28/01/2025,28/02/2025,,R DE PARIS,,,59350,LILLE,1858117,non,,Immeuble,"31,1",50°38'6''N,3°3'58''E,"20,8",4752216,240.0,"29,5"
0592750959,28/01/2025,28/02/2025,,R DE PARIS,,,59350,LILLE,1858117,non,,Immeuble,"31,1",50°38'6''N,3°3'58''E,"20,8",9280421,240.0,"30,7"
0592750959,28/01/2025,28/02/2025,,R DE PARIS,,,59350,LILLE,1858117,non,,Immeuble,"31,1",50°38'6''N,3°3'58''E,"20,8",9280419,90.0,"30,7"
0592750959,28/01/2025,28/02/2025,,R DE PARIS,,,59350,LILLE,1858117,non,,Immeuble,"31,1",50°38'6''N,3°3'58''E,"20,8",9280417,330.0,"30,7"
0592750954,13/02/2025,14/03/2025,,172 BOULEVARD VICTOR HUGO,,,59350,LILLE,2291444,oui,,Immeuble,22,50°37'16''N,3°3'26''E,25,4691857,260.0,"20,8"
0592750954,13/02/2025,14/03/2025,,172 BOULEVARD VICTOR HUGO,,,59350,LILLE,2291444,oui,,Immeuble,22,50°37'16''N,3°3'26''E,25,4691855,180.0,"20,4"
0592750954,13/02/2025,14/03/2025,,172 BOULEVARD VICTOR HUGO,,,59350,LILLE,2291444,oui,,Immeuble,22,50°37'16''N,3°3'26''E,25,4691853,0.0,"20,8"
0592750951,13/03/2023,14/04/2023,,25 SENTIER,,,59599,TOURCOING,1835169,non,,Immeuble,"24,7",50°43'2''N,3°9'17''E,40,4691737,0.0,"22,3"
0592750951,13/03/2023,14/04/2023,,25 SENTIER,,,59599,TOURCOING,1835169,non,,Immeuble,"24,7",50°43'2''N,3°9'17''E,40,4691739,90.0,"22,3"
0592750951,13/03/2023,14/04/2023,,25 SENTIER,,,59599,TOURCOING,1835169,non,,Immeuble,"24,7",50°43'2''N,3°9'17''E,40,4691741,240.0,"22,3"
0592750951,13/03/2023,14/04/2023,,25 SENTIER,,,59599,TOURCOING,1835169,non,,Immeuble,"24,7",50°43'2''N,3°9'17''E,40,7880368,240.0,"23,2"
0592750951,13/03/2023,14/04/2023,,25 SENTIER,,,59599,TOURCOING,1835169,non,,Immeuble,"24,7",50°43'2''N,3°9'17''E,40,7880366,90.0,"23,2"
0592750951,13/03/2023,14/04/2023,,25 SENTIER,,,59599,TOURCOING,1835169,non,,Immeuble,"24,7",50°43'2''N,3°9'17''E,40,7880364,0.0,"23,2"
0592750950,20/02/2025,21/03/2025,,42 RUE FAIDHERBE,RESIDENCE DE L'AVENIR,,59350,LILLE,1834018,non,,Immeuble,"17,8",50°37'42''N,3°6'45''E,32,4689081,330.0,"16,5"
0592750950,20/02/2025,21/03/2025,,42 RUE FAIDHERBE,RESIDENCE DE L'AVENIR,,59350,LILLE,1834018,non,,Immeuble,"17,8",50°37'42''N,3°6'45''E,32,4689075,60.0,"16,5"
0592750950,20/02/2025,21/03/2025,,42 RUE FAIDHERBE,RESIDENCE DE L'AVENIR,,59350,LILLE,1834018,non,,Immeuble,"17,8",50°37'42''N,3°6'45''E,32,4689077,150.0,"16,5"
0592750950,20/02/2025,21/03/2025,,42 RUE FAIDHERBE,RESIDENCE DE L'AVENIR,,59350,LILLE,1834018,non,,Immeuble,"17,8",50°37'42''N,3°6'45''E,32,9740640,240.0,"17,1"
0592750950,20/02/2025,21/03/2025,,42 RUE FAIDHERBE,RESIDENCE DE L'AVENIR,,59350,LILLE,1834018,non,,Immeuble,"17,8",50°37'42''N,3°6'45''E,32,4689079,240.0,"16,5"
0592750950,20/02/2025,21/03/2025,,42 RUE FAIDHERBE,RESIDENCE DE L'AVENIR,,59350,LILLE,1834018,non,,Immeuble,"17,8",50°37'42''N,3°6'45''E,32,9740638,150.0,"17,1"
0592750950,20/02/2025,21/03/2025,,42 RUE FAIDHERBE,RESIDENCE DE L'AVENIR,,59350,LILLE,1834018,non,,Immeuble,"17,8",50°37'42''N,3°6'45''E,32,9740636,60.0,"17,1"
0592750950,20/02/2025,21/03/2025,,42 RUE FAIDHERBE,RESIDENCE DE L'AVENIR,,59350,LILLE,1834018,non,,Immeuble,"17,8",50°37'42''N,3°6'45''E,32,9740642,330.0,"17,1"
0592750929,04/07/2023,04/08/2023,,22 RUE MOLIERE,,,59512,ROUBAIX,1771988,non,,Bâtiment,38,50°41'23''N,3°12'2''E,24,4504037,315.0,"36,5"
0592750929,04/07/2023,04/08/2023,,22 RUE MOLIERE,,,59512,ROUBAIX,1771988,non,,Bâtiment,38,50°41'23''N,3°12'2''E,24,4504041,235.0,"36,5"
0592750929,04/07/2023,04/08/2023,,22 RUE MOLIERE,,,59512,ROUBAIX,1771988,non,,Bâtiment,38,50°41'23''N,3°12'2''E,24,4504039,60.0,"36,5"
0592750928,28/01/2025,28/02/2025,,42 RUE DES 3 MOLLETTES,,,59350,LILLE,1774097,oui,,Immeuble,18,50°38'27''N,3°3'36''E,20,4502652,140.0,17
0592750928,28/01/2025,28/02/2025,,42 RUE DES 3 MOLLETTES,,,59350,LILLE,1774097,oui,,Immeuble,18,50°38'27''N,3°3'36''E,20,4502654,260.0,17
0592750928,28/01/2025,28/02/2025,,42 RUE DES 3 MOLLETTES,,,59350,LILLE,1774097,oui,,Immeuble,18,50°38'27''N,3°3'36''E,20,4502650,20.0,17
0592750906,10/02/2023,10/03/2023,,13 r de la filature,ancienne usine du Groupement Textile du Nord,,59218,ETROEUNGT,682056,oui,,Bâtiment,34,50°3'34''N,3°55'28''E,162,224571,0.0,"28,4"
0592750906,10/02/2023,10/03/2023,,13 r de la filature,ancienne usine du Groupement Textile du Nord,,59218,ETROEUNGT,682056,oui,,Bâtiment,34,50°3'34''N,3°55'28''E,162,224573,180.0,"28,4"
0592750896,07/03/2025,04/04/2025,,"89, r des Ecoles",Ferme Ponseel,,59260,GHYVELDE,1706220,oui,,Bâtiment,33,51°2'46''N,2°31'10''E,2,25370,240.0,"31,1"
0592750896,07/03/2025,04/04/2025,,"89, r des Ecoles",Ferme Ponseel,,59260,GHYVELDE,1706220,oui,,Bâtiment,33,51°2'46''N,2°31'10''E,2,25368,0.0,"31,1"
0592750896,07/03/2025,04/04/2025,,"89, r des Ecoles",Ferme Ponseel,,59260,GHYVELDE,1706220,oui,,Bâtiment,33,51°2'46''N,2°31'10''E,2,25369,120.0,"31,1"
0592750891,04/04/2023,05/05/2023,,2 PL DE LA LIBÉRATION,,,59291,HAUTMONT,1692048,oui,,Bâtiment,"19,6",50°15'3''N,3°55'10''E,133,625391,120.0,"18,1"
0592750891,04/04/2023,05/05/2023,,2 PL DE LA LIBÉRATION,,,59291,HAUTMONT,1692048,oui,,Bâtiment,"19,6",50°15'3''N,3°55'10''E,133,625393,240.0,"16,3"
0592750891,04/04/2023,05/05/2023,,2 PL DE LA LIBÉRATION,,,59291,HAUTMONT,1692048,oui,,Bâtiment,"19,6",50°15'3''N,3°55'10''E,133,625389,0.0,"18,1"
0592750881,13/04/2023,12/05/2023,,Bd de l'Europe,imm Touraine,,59392,MAUBEUGE,1692067,oui,,Immeuble,"43,8",50°16'23''N,3°58'30''E,133,592558,120.0,"39,8"
0592750881,13/04/2023,12/05/2023,,Bd de l'Europe,imm Touraine,,59392,MAUBEUGE,1692067,oui,,Immeuble,"43,8",50°16'23''N,3°58'30''E,133,592556,0.0,"39,8"
0592750881,13/04/2023,12/05/2023,,Bd de l'Europe,imm Touraine,,59392,MAUBEUGE,1692067,oui,,Immeuble,"43,8",50°16'23''N,3°58'30''E,133,8216016,240.0,"38,9"
0592750881,13/04/2023,12/05/2023,,Bd de l'Europe,imm Touraine,,59392,MAUBEUGE,1692067,oui,,Immeuble,"43,8",50°16'23''N,3°58'30''E,133,592560,240.0,"39,8"
0592750881,13/04/2023,12/05/2023,,Bd de l'Europe,imm Touraine,,59392,MAUBEUGE,1692067,oui,,Immeuble,"43,8",50°16'23''N,3°58'30''E,133,8216012,0.0,"38,9"
0592750881,13/04/2023,12/05/2023,,Bd de l'Europe,imm Touraine,,59392,MAUBEUGE,1692067,oui,,Immeuble,"43,8",50°16'23''N,3°58'30''E,133,8216014,120.0,"38,9"
0592750876,28/07/2023,25/08/2023,,Bd Molière,Rés. Le Vivorde,,59392,MAUBEUGE,560547,oui,,Immeuble,"28,6",50°17'29''N,3°57'50''E,140,26237,260.0,"26,3"
0592750876,28/07/2023,25/08/2023,,Bd Molière,Rés. Le Vivorde,,59392,MAUBEUGE,560547,oui,,Immeuble,"28,6",50°17'29''N,3°57'50''E,140,26235,0.0,"26,3"
0592750876,28/07/2023,25/08/2023,,Bd Molière,Rés. Le Vivorde,,59392,MAUBEUGE,560547,oui,,Immeuble,"28,6",50°17'29''N,3°57'50''E,140,26236,90.0,"26,3"
0592750864,27/04/2023,26/05/2023,,r Raymond Lis,résidence Bizet,,59017,ARMENTIERES,1713520,oui,,Immeuble,"31,1",50°41'32''N,2°53'11''E,14,7854055,120.0,"27,5"
0592750864,27/04/2023,26/05/2023,,r Raymond Lis,résidence Bizet,,59017,ARMENTIERES,1713520,oui,,Immeuble,"31,1",50°41'32''N,2°53'11''E,14,25898,120.0,28
0592750864,27/04/2023,26/05/2023,,r Raymond Lis,résidence Bizet,,59017,ARMENTIERES,1713520,oui,,Immeuble,"31,1",50°41'32''N,2°53'11''E,14,25897,0.0,28
0592750864,27/04/2023,26/05/2023,,r Raymond Lis,résidence Bizet,,59017,ARMENTIERES,1713520,oui,,Immeuble,"31,1",50°41'32''N,2°53'11''E,14,25899,240.0,28
0592750864,27/04/2023,26/05/2023,,r Raymond Lis,résidence Bizet,,59017,ARMENTIERES,1713520,oui,,Immeuble,"31,1",50°41'32''N,2°53'11''E,14,7854057,240.0,"27,5"
0592750864,27/04/2023,26/05/2023,,r Raymond Lis,résidence Bizet,,59017,ARMENTIERES,1713520,oui,,Immeuble,"31,1",50°41'32''N,2°53'11''E,14,7854053,0.0,"27,5"
0592750861,23/11/2020,23/12/2020,,Bd de l'esperance - Res Jean Bart,,,59183,DUNKERQUE,1669247,oui,,Immeuble,"33,8",51°1'45''N,2°20'25''E,4,687609,260.0,"33,5"
0592750861,23/11/2020,23/12/2020,,Bd de l'esperance - Res Jean Bart,,,59183,DUNKERQUE,1669247,oui,,Immeuble,"33,8",51°1'45''N,2°20'25''E,4,687607,140.0,"33,5"
0592750861,23/11/2020,23/12/2020,,Bd de l'esperance - Res Jean Bart,,,59183,DUNKERQUE,1669247,oui,,Immeuble,"33,8",51°1'45''N,2°20'25''E,4,687605,40.0,"33,5"
0592750860,19/05/2025,20/06/2025,,130 Ave de la Libération,Résidence Herbeaux,,59183,DUNKERQUE,705494,oui,,Immeuble,"19,7",51°2'44''N,2°23'19''E,7,26198,240.0,"19,1"
0592750860,19/05/2025,20/06/2025,,130 Ave de la Libération,Résidence Herbeaux,,59183,DUNKERQUE,705494,oui,,Immeuble,"19,7",51°2'44''N,2°23'19''E,7,26197,120.0,"19,1"
0592750860,19/05/2025,20/06/2025,,130 Ave de la Libération,Résidence Herbeaux,,59183,DUNKERQUE,705494,oui,,Immeuble,"19,7",51°2'44''N,2°23'19''E,7,9283013,0.0,"18,5"
0592750860,19/05/2025,20/06/2025,,130 Ave de la Libération,Résidence Herbeaux,,59183,DUNKERQUE,705494,oui,,Immeuble,"19,7",51°2'44''N,2°23'19''E,7,26196,0.0,"19,1"
0592750860,19/05/2025,20/06/2025,,130 Ave de la Libération,Résidence Herbeaux,,59183,DUNKERQUE,705494,oui,,Immeuble,"19,7",51°2'44''N,2°23'19''E,7,9283015,120.0,"18,5"
0592750860,19/05/2025,20/06/2025,,130 Ave de la Libération,Résidence Herbeaux,,59183,DUNKERQUE,705494,oui,,Immeuble,"19,7",51°2'44''N,2°23'19''E,7,9283017,240.0,"18,5"
0592750859,17/01/2023,17/02/2023,,7 r de liège,Institut Infirmier,,59183,DUNKERQUE,705482,oui,,Immeuble,27,51°2'11''N,2°24'6''E,4,26000,0.0,"23,7"
0592750859,17/01/2023,17/02/2023,,7 r de liège,Institut Infirmier,,59183,DUNKERQUE,705482,oui,,Immeuble,27,51°2'11''N,2°24'6''E,4,26002,220.0,"23,7"
0592750859,17/01/2023,17/02/2023,,7 r de liège,Institut Infirmier,,59183,DUNKERQUE,705482,oui,,Immeuble,27,51°2'11''N,2°24'6''E,4,26001,120.0,"23,7"
0592750837,18/06/2025,18/07/2025,,62-68 AV DESANDROUINS,,,59606,VALENCIENNES,1555980,oui,,Bâtiment,"49,5",50°21'38''N,3°30'2''E,50,3866459,290.0,"34,3"
0592750837,18/06/2025,18/07/2025,,62-68 AV DESANDROUINS,,,59606,VALENCIENNES,1555980,oui,,Bâtiment,"49,5",50°21'38''N,3°30'2''E,50,3866457,200.0,"34,3"
0592750837,18/06/2025,18/07/2025,,62-68 AV DESANDROUINS,,,59606,VALENCIENNES,1555980,oui,,Bâtiment,"49,5",50°21'38''N,3°30'2''E,50,3866453,20.0,"34,3"
0592750837,18/06/2025,18/07/2025,,62-68 AV DESANDROUINS,,,59606,VALENCIENNES,1555980,oui,,Bâtiment,"49,5",50°21'38''N,3°30'2''E,50,3866455,110.0,"34,3"
0592750836,08/04/2025,12/05/2025,,29 r eugene jacquet,,,59350,LILLE,633574,oui,,Immeuble,"38,6",50°38'17''N,3°5'0''E,24,3834520,240.0,38
0592750836,08/04/2025,12/05/2025,,29 r eugene jacquet,,,59350,LILLE,633574,oui,,Immeuble,"38,6",50°38'17''N,3°5'0''E,24,3834518,120.0,38
0592750836,08/04/2025,12/05/2025,,29 r eugene jacquet,,,59350,LILLE,633574,oui,,Immeuble,"38,6",50°38'17''N,3°5'0''E,24,3834516,0.0,"38,1"
0592750835,20/09/2023,20/10/2023,,Rue de Berry,Résidence BerryRue de Berry (entrée 2),,59383,MARLY,2232585,oui,,Immeuble,19,50°20'31''N,3°31'10''E,54,3833499,200.0,"17,4"
0592750835,20/09/2023,20/10/2023,,Rue de Berry,Résidence BerryRue de Berry (entrée 2),,59383,MARLY,2232585,oui,,Immeuble,19,50°20'31''N,3°31'10''E,54,8223802,20.0,"16,5"
0592750835,20/09/2023,20/10/2023,,Rue de Berry,Résidence BerryRue de Berry (entrée 2),,59383,MARLY,2232585,oui,,Immeuble,19,50°20'31''N,3°31'10''E,54,3833497,110.0,"17,4"
0592750835,20/09/2023,20/10/2023,,Rue de Berry,Résidence BerryRue de Berry (entrée 2),,59383,MARLY,2232585,oui,,Immeuble,19,50°20'31''N,3°31'10''E,54,3833501,290.0,"17,4"
0592750835,20/09/2023,20/10/2023,,Rue de Berry,Résidence BerryRue de Berry (entrée 2),,59383,MARLY,2232585,oui,,Immeuble,19,50°20'31''N,3°31'10''E,54,3833495,20.0,"17,4"
0592750835,20/09/2023,20/10/2023,,Rue de Berry,Résidence BerryRue de Berry (entrée 2),,59383,MARLY,2232585,oui,,Immeuble,19,50°20'31''N,3°31'10''E,54,8223804,110.0,"17,4"
0592750835,20/09/2023,20/10/2023,,Rue de Berry,Résidence BerryRue de Berry (entrée 2),,59383,MARLY,2232585,oui,,Immeuble,19,50°20'31''N,3°31'10''E,54,8223808,290.0,"17,4"
0592750835,20/09/2023,20/10/2023,,Rue de Berry,Résidence BerryRue de Berry (entrée 2),,59383,MARLY,2232585,oui,,Immeuble,19,50°20'31''N,3°31'10''E,54,8223806,200.0,"16,5"
0592750828,11/07/2025,18/08/2025,,20 R DE L'AMIRAL COURBET,,,59350,LILLE,1456862,non,,Immeuble,19,50°37'50''N,3°5'8''E,26,3572736,220.0,"17,9"
0592750828,11/07/2025,18/08/2025,,20 R DE L'AMIRAL COURBET,,,59350,LILLE,1456862,non,,Immeuble,19,50°37'50''N,3°5'8''E,26,3572732,40.0,"17,9"
0592750828,11/07/2025,18/08/2025,,20 R DE L'AMIRAL COURBET,,,59350,LILLE,1456862,non,,Immeuble,19,50°37'50''N,3°5'8''E,26,3572734,130.0,"17,9"
0592750828,11/07/2025,18/08/2025,,20 R DE L'AMIRAL COURBET,,,59350,LILLE,1456862,non,,Immeuble,19,50°37'50''N,3°5'8''E,26,3572738,310.0,"17,9"
0592750828,11/07/2025,18/08/2025,,20 R DE L'AMIRAL COURBET,,,59350,LILLE,1456862,non,,Immeuble,19,50°37'50''N,3°5'8''E,26,7310612,220.0,"17,6"
0592750828,11/07/2025,18/08/2025,,20 R DE L'AMIRAL COURBET,,,59350,LILLE,1456862,non,,Immeuble,19,50°37'50''N,3°5'8''E,26,7310610,130.0,"17,6"
0592750828,11/07/2025,18/08/2025,,20 R DE L'AMIRAL COURBET,,,59350,LILLE,1456862,non,,Immeuble,19,50°37'50''N,3°5'8''E,26,7310614,310.0,"17,6"
0592750828,11/07/2025,18/08/2025,,20 R DE L'AMIRAL COURBET,,,59350,LILLE,1456862,non,,Immeuble,19,50°37'50''N,3°5'8''E,26,7310616,40.0,"17,6"
0592750819,20/04/2023,22/05/2023,,100 R AMIRAL COURBET,,,59163,CROIX,1423556,non,,Immeuble,"20,3",50°41'6''N,3°9'32''E,38,3471031,70.0,"18,9"
0592750819,20/04/2023,22/05/2023,,100 R AMIRAL COURBET,,,59163,CROIX,1423556,non,,Immeuble,"20,3",50°41'6''N,3°9'32''E,38,3471035,250.0,"18,9"
0592750819,20/04/2023,22/05/2023,,100 R AMIRAL COURBET,,,59163,CROIX,1423556,non,,Immeuble,"20,3",50°41'6''N,3°9'32''E,38,3471033,160.0,"18,9"
0592750819,20/04/2023,22/05/2023,,100 R AMIRAL COURBET,,,59163,CROIX,1423556,non,,Immeuble,"20,3",50°41'6''N,3°9'32''E,38,3471037,340.0,"18,9"
0592750799,22/11/2022,23/12/2022,,"3, pl léonard de vinci",Résidence Sylvestre Verhulst,,59350,LILLE,629955,oui,,Immeuble,33,50°36'35''N,3°2'24''E,33,3471985,0.0,"24,6"
0592750799,22/11/2022,23/12/2022,,"3, pl léonard de vinci",Résidence Sylvestre Verhulst,,59350,LILLE,629955,oui,,Immeuble,33,50°36'35''N,3°2'24''E,33,3471989,180.0,"24,6"
0592750799,22/11/2022,23/12/2022,,"3, pl léonard de vinci",Résidence Sylvestre Verhulst,,59350,LILLE,629955,oui,,Immeuble,33,50°36'35''N,3°2'24''E,33,3471987,90.0,"24,6"
0592750799,22/11/2022,23/12/2022,,"3, pl léonard de vinci",Résidence Sylvestre Verhulst,,59350,LILLE,629955,oui,,Immeuble,33,50°36'35''N,3°2'24''E,33,3471991,270.0,"24,6"
0592750799,22/11/2022,23/12/2022,,"3, pl léonard de vinci",Résidence Sylvestre Verhulst,,59350,LILLE,629955,oui,,Immeuble,33,50°36'35''N,3°2'24''E,33,8141143,0.0,"25,6"
0592750799,22/11/2022,23/12/2022,,"3, pl léonard de vinci",Résidence Sylvestre Verhulst,,59350,LILLE,629955,oui,,Immeuble,33,50°36'35''N,3°2'24''E,33,8141141,270.0,"25,6"
0592750799,22/11/2022,23/12/2022,,"3, pl léonard de vinci",Résidence Sylvestre Verhulst,,59350,LILLE,629955,oui,,Immeuble,33,50°36'35''N,3°2'24''E,33,8141139,180.0,"25,6"
0592750799,22/11/2022,23/12/2022,,"3, pl léonard de vinci",Résidence Sylvestre Verhulst,,59350,LILLE,629955,oui,,Immeuble,33,50°36'35''N,3°2'24''E,33,8141145,90.0,"25,6"
0592750794,24/10/2024,22/11/2024,,118 R ESQUERMOISE,,,59350,LILLE,1371103,non,,Immeuble,"16,6",50°38'20''N,3°3'33''E,19,3286306,,"6,1"
0592750790,20/06/2024,19/07/2024,,ALLEE DES ACACIAS (LOMME),RESIDENCE VILOGIA ACACIAS,,59350,LILLE,2481825,oui,,Immeuble,23,50°39'3''N,2°59'20''E,40,3166588,100.0,"21,1"
0592750790,20/06/2024,19/07/2024,,ALLEE DES ACACIAS (LOMME),RESIDENCE VILOGIA ACACIAS,,59350,LILLE,2481825,oui,,Immeuble,23,50°39'3''N,2°59'20''E,40,3166592,290.0,"21,1"
0592750790,20/06/2024,19/07/2024,,ALLEE DES ACACIAS (LOMME),RESIDENCE VILOGIA ACACIAS,,59350,LILLE,2481825,oui,,Immeuble,23,50°39'3''N,2°59'20''E,40,3166590,200.0,"21,1"
0592750785,23/11/2021,07/11/2025,,4 R DU PROFESSEUR LANGEVIN,,,59350,LILLE,1342290,non,,Bâtiment,"18,5",50°37'3''N,3°5'7''E,32,3157287,310.0,14
0592750785,23/11/2021,07/11/2025,,4 R DU PROFESSEUR LANGEVIN,,,59350,LILLE,1342290,non,,Bâtiment,"18,5",50°37'3''N,3°5'7''E,32,3157289,150.0,14
0592750774,05/11/2022,02/12/2022,,14 BD JEANNE D'ARC,Résidence de la porte d'Arras,,59178,DOUAI,1281891,oui,,Immeuble,27,50°21'59''N,3°4'0''E,28,2903476,30.0,"23,2"
0592750774,05/11/2022,02/12/2022,,14 BD JEANNE D'ARC,Résidence de la porte d'Arras,,59178,DOUAI,1281891,oui,,Immeuble,27,50°21'59''N,3°4'0''E,28,8242275,210.0,"24,2"
0592750774,05/11/2022,02/12/2022,,14 BD JEANNE D'ARC,Résidence de la porte d'Arras,,59178,DOUAI,1281891,oui,,Immeuble,27,50°21'59''N,3°4'0''E,28,2903480,210.0,"23,2"
0592750774,05/11/2022,02/12/2022,,14 BD JEANNE D'ARC,Résidence de la porte d'Arras,,59178,DOUAI,1281891,oui,,Immeuble,27,50°21'59''N,3°4'0''E,28,2903478,120.0,"23,2"
0592750774,05/11/2022,02/12/2022,,14 BD JEANNE D'ARC,Résidence de la porte d'Arras,,59178,DOUAI,1281891,oui,,Immeuble,27,50°21'59''N,3°4'0''E,28,8242273,120.0,"24,2"
0592750774,05/11/2022,02/12/2022,,14 BD JEANNE D'ARC,Résidence de la porte d'Arras,,59178,DOUAI,1281891,oui,,Immeuble,27,50°21'59''N,3°4'0''E,28,8242271,30.0,"24,2"
0592750763,06/04/2024,13/05/2024,,325 Boulevard GAMBETTA,RESIDENCE POINT CENTRAL,,59599,TOURCOING,1058024,non,,Immeuble,"38,5",50°42'33''N,3°9'37''E,35,2903771,260.0,"24,1"
0592750763,06/04/2024,13/05/2024,,325 Boulevard GAMBETTA,RESIDENCE POINT CENTRAL,,59599,TOURCOING,1058024,non,,Immeuble,"38,5",50°42'33''N,3°9'37''E,35,2903767,0.0,"24,1"
0592750763,06/04/2024,13/05/2024,,325 Boulevard GAMBETTA,RESIDENCE POINT CENTRAL,,59599,TOURCOING,1058024,non,,Immeuble,"38,5",50°42'33''N,3°9'37''E,35,6768860,260.0,"24,5"
0592750763,06/04/2024,13/05/2024,,325 Boulevard GAMBETTA,RESIDENCE POINT CENTRAL,,59599,TOURCOING,1058024,non,,Immeuble,"38,5",50°42'33''N,3°9'37''E,35,2903769,180.0,"24,1"
0592750763,06/04/2024,13/05/2024,,325 Boulevard GAMBETTA,RESIDENCE POINT CENTRAL,,59599,TOURCOING,1058024,non,,Immeuble,"38,5",50°42'33''N,3°9'37''E,35,6768856,0.0,"24,5"
0592750763,06/04/2024,13/05/2024,,325 Boulevard GAMBETTA,RESIDENCE POINT CENTRAL,,59599,TOURCOING,1058024,non,,Immeuble,"38,5",50°42'33''N,3°9'37''E,35,6768858,180.0,"24,5"
0592750762,03/01/2023,03/02/2023,,23 R Blanchemaille,Rés L'Avocat,,59512,ROUBAIX,805628,oui,,Immeuble,22,50°41'43''N,3°9'56''E,39,2204010,200.0,"18,7"
0592750762,03/01/2023,03/02/2023,,23 R Blanchemaille,Rés L'Avocat,,59512,ROUBAIX,805628,oui,,Immeuble,22,50°41'43''N,3°9'56''E,39,2204012,340.0,"18,8"
0592750762,03/01/2023,03/02/2023,,23 R Blanchemaille,Rés L'Avocat,,59512,ROUBAIX,805628,oui,,Immeuble,22,50°41'43''N,3°9'56''E,39,2204008,110.0,"18,8"
0592750760,19/07/2023,18/08/2023,,r jehan de tourcoing,Résidence Armancour,,59599,TOURCOING,703353,oui,,Immeuble,32,50°44'22''N,3°11'4''E,35,2095798,0.0,"30,2"
0592750760,19/07/2023,18/08/2023,,r jehan de tourcoing,Résidence Armancour,,59599,TOURCOING,703353,oui,,Immeuble,32,50°44'22''N,3°11'4''E,35,2095802,250.0,"30,2"
0592750760,19/07/2023,18/08/2023,,r jehan de tourcoing,Résidence Armancour,,59599,TOURCOING,703353,oui,,Immeuble,32,50°44'22''N,3°11'4''E,35,2095800,160.0,"30,2"
0592750758,29/09/2022,28/10/2022,,49 R DE LA MONNAIE,,,59350,LILLE,972655,non,,Immeuble,12,50°38'28''N,3°3'45''E,20,2041958,,"7,3"
0592750757,31/08/2022,30/09/2022,,51 R DE GAND,,,59350,LILLE,972639,non,,Immeuble,"14,6",50°38'34.313''N,3°4'0.140''E,20,2041962,,"17,3"
0592750756,14/12/2022,13/01/2023,,103 R LEON GAMBETTA,,,59350,LILLE,972626,non,,Immeuble,15,50°37'49''N,3°3'24''E,19,2041966,,"5,9"
0592750753,14/02/2025,14/03/2025,,54 R R. SALENGRO,,,59650,WATTRELOS,937640,non,,Immeuble,"17,7",50°41'57''N,3°12'46''E,27,1975121,40.0,"16,7"
0592750753,14/02/2025,14/03/2025,,54 R R. SALENGRO,,,59650,WATTRELOS,937640,non,,Immeuble,"17,7",50°41'57''N,3°12'46''E,27,1975125,320.0,"16,7"
0592750753,14/02/2025,14/03/2025,,54 R R. SALENGRO,,,59650,WATTRELOS,937640,non,,Immeuble,"17,7",50°41'57''N,3°12'46''E,27,1975123,240.0,"16,7"
0592750751,26/05/2023,23/06/2023,,10 PL DE LA REPUBLIQUE,,,59009,VILLENEUVE-D'ASCQ,928612,non,,Immeuble,"19,2",50°37'33''N,3°8'58''E,26,1959073,,9
0592750750,06/01/2023,03/02/2023,,51 R de Puebla,,,59350,LILLE,926636,non,,Immeuble,"15,8",50°37'55''N,3°3'18''E,20,1955411,,"7,8"
0592750749,02/02/2024,01/03/2024,,29 R St Vincent de Paul,imm abc export,,59650,WATTRELOS,462573,oui,,Immeuble,17,50°42'16''N,3°12'16''E,28,2303059,290.0,13
0592750749,02/02/2024,01/03/2024,,29 R St Vincent de Paul,imm abc export,,59650,WATTRELOS,462573,oui,,Immeuble,17,50°42'16''N,3°12'16''E,28,2303057,200.0,13
0592750749,02/02/2024,01/03/2024,,29 R St Vincent de Paul,imm abc export,,59650,WATTRELOS,462573,oui,,Immeuble,17,50°42'16''N,3°12'16''E,28,2303055,80.0,13
0592750745,27/02/2025,28/03/2025,,14 r jeanne maillotte,,,59350,LILLE,639758,oui,,Immeuble,26,50°37'54''N,3°3'48''E,20,1845479,240.0,"21,7"
0592750745,27/02/2025,28/03/2025,,14 r jeanne maillotte,,,59350,LILLE,639758,oui,,Immeuble,26,50°37'54''N,3°3'48''E,20,1845475,320.0,"21,7"
0592750745,27/02/2025,28/03/2025,,14 r jeanne maillotte,,,59350,LILLE,639758,oui,,Immeuble,26,50°37'54''N,3°3'48''E,20,1845477,120.0,"21,7"
0592750739,01/02/2025,07/03/2025,,USINE ROQUETTE DE LESTREM,D 946 - D122,Cheminée 3,59400,MERVILLE,812362,non,,Bâtiment,"61,2",50°38'14''N,2°40'50''E,"16,7",1748865,260.0,57
0592750739,01/02/2025,07/03/2025,,USINE ROQUETTE DE LESTREM,D 946 - D122,Cheminée 3,59400,MERVILLE,812362,non,,Bâtiment,"61,2",50°38'14''N,2°40'50''E,"16,7",1748861,90.0,57
0592750739,01/02/2025,07/03/2025,,USINE ROQUETTE DE LESTREM,D 946 - D122,Cheminée 3,59400,MERVILLE,812362,non,,Bâtiment,"61,2",50°38'14''N,2°40'50''E,"16,7",1748863,165.0,57
0592750739,01/02/2025,07/03/2025,,USINE ROQUETTE DE LESTREM,D 946 - D122,Cheminée 3,59400,MERVILLE,812362,non,,Bâtiment,"61,2",50°38'14''N,2°40'50''E,"16,7",7637277,165.0,"58,7"
0592750739,01/02/2025,07/03/2025,,USINE ROQUETTE DE LESTREM,D 946 - D122,Cheminée 3,59400,MERVILLE,812362,non,,Bâtiment,"61,2",50°38'14''N,2°40'50''E,"16,7",7637275,90.0,"58,7"
0592750739,01/02/2025,07/03/2025,,USINE ROQUETTE DE LESTREM,D 946 - D122,Cheminée 3,59400,MERVILLE,812362,non,,Bâtiment,"61,2",50°38'14''N,2°40'50''E,"16,7",7637279,260.0,"58,7"
0592750738,21/02/2025,21/03/2025,,28 R ANATOLE FRANCE,,,59350,LILLE,714663,non,,Immeuble,"28,3",50°38'15''N,3°4'1''E,20,1583823,200.0,"26,6"
0592750738,21/02/2025,21/03/2025,,28 R ANATOLE FRANCE,,,59350,LILLE,714663,non,,Immeuble,"28,3",50°38'15''N,3°4'1''E,20,1583821,350.0,"26,6"
0592750738,21/02/2025,21/03/2025,,28 R ANATOLE FRANCE,,,59350,LILLE,714663,non,,Immeuble,"28,3",50°38'15''N,3°4'1''E,20,9515843,200.0,26
0592750738,21/02/2025,21/03/2025,,28 R ANATOLE FRANCE,,,59350,LILLE,714663,non,,Immeuble,"28,3",50°38'15''N,3°4'1''E,20,1583819,90.0,"26,6"
0592750738,21/02/2025,21/03/2025,,28 R ANATOLE FRANCE,,,59350,LILLE,714663,non,,Immeuble,"28,3",50°38'15''N,3°4'1''E,20,9515841,90.0,26
0592750738,21/02/2025,21/03/2025,,28 R ANATOLE FRANCE,,,59350,LILLE,714663,non,,Immeuble,"28,3",50°38'15''N,3°4'1''E,20,9515845,350.0,26
0592750728,19/10/2022,18/11/2022,,bd  de turin,Tour Lille Europe,Parvis de Rotterdam,59350,LILLE,440564,oui,,Immeuble,95,50°38'16.985''N,3°4'35.992''E,20,3551302,280.0,"104,1"
0592750728,19/10/2022,18/11/2022,,bd  de turin,Tour Lille Europe,Parvis de Rotterdam,59350,LILLE,440564,oui,,Immeuble,95,50°38'16.985''N,3°4'35.992''E,20,6566609,20.0,"104,1"
0592750728,19/10/2022,18/11/2022,,bd  de turin,Tour Lille Europe,Parvis de Rotterdam,59350,LILLE,440564,oui,,Immeuble,95,50°38'16.985''N,3°4'35.992''E,20,3551304,140.0,"104,1"
0592750728,19/10/2022,18/11/2022,,bd  de turin,Tour Lille Europe,Parvis de Rotterdam,59350,LILLE,440564,oui,,Immeuble,95,50°38'16.985''N,3°4'35.992''E,20,3551300,20.0,"104,1"
0592750728,19/10/2022,18/11/2022,,bd  de turin,Tour Lille Europe,Parvis de Rotterdam,59350,LILLE,440564,oui,,Immeuble,95,50°38'16.985''N,3°4'35.992''E,20,6566613,280.0,"104,1"
0592750728,19/10/2022,18/11/2022,,bd  de turin,Tour Lille Europe,Parvis de Rotterdam,59350,LILLE,440564,oui,,Immeuble,95,50°38'16.985''N,3°4'35.992''E,20,6566611,140.0,"104,1"
0592750727,08/04/2025,12/05/2025,,2 R ST-JUST,rue de la convention,,59350,LILLE,547949,oui,,Immeuble,"31,1",50°38'9''N,3°5'40''E,23,1296268,50.0,"29,2"
0592750727,08/04/2025,12/05/2025,,2 R ST-JUST,rue de la convention,,59350,LILLE,547949,oui,,Immeuble,"31,1",50°38'9''N,3°5'40''E,23,1296270,170.0,"29,2"
0592750727,08/04/2025,12/05/2025,,2 R ST-JUST,rue de la convention,,59350,LILLE,547949,oui,,Immeuble,"31,1",50°38'9''N,3°5'40''E,23,1296272,290.0,"29,2"
0592750722,20/01/2023,17/02/2023,,51-53 r du gl de gaulle,,,59352,LINSELLES,1303056,oui,,Immeuble,"19,6",50°44'17''N,3°4'32''E,36,1248722,50.0,"18,3"
0592750722,20/01/2023,17/02/2023,,51-53 r du gl de gaulle,,,59352,LINSELLES,1303056,oui,,Immeuble,"19,6",50°44'17''N,3°4'32''E,36,1248726,300.0,"18,3"
0592750722,20/01/2023,17/02/2023,,51-53 r du gl de gaulle,,,59352,LINSELLES,1303056,oui,,Immeuble,"19,6",50°44'17''N,3°4'32''E,36,1248724,200.0,"18,3"
0592750722,20/01/2023,17/02/2023,,51-53 r du gl de gaulle,,,59352,LINSELLES,1303056,oui,,Immeuble,"19,6",50°44'17''N,3°4'32''E,36,6546117,200.0,"18,6"
0592750722,20/01/2023,17/02/2023,,51-53 r du gl de gaulle,,,59352,LINSELLES,1303056,oui,,Immeuble,"19,6",50°44'17''N,3°4'32''E,36,6546119,300.0,"18,6"
0592750722,20/01/2023,17/02/2023,,51-53 r du gl de gaulle,,,59352,LINSELLES,1303056,oui,,Immeuble,"19,6",50°44'17''N,3°4'32''E,36,6546115,50.0,"18,6"
0592750708,17/05/2024,14/06/2024,LE BOIS DINOIR,R DE NOYELLES - D29,Ancienne Briquetterie,,59476,PROVILLE,438720,oui,,Bâtiment,"25,2",50°9'16''N,3°12'13''E,72,5188196,20.0,"18,8"
0592750708,17/05/2024,14/06/2024,LE BOIS DINOIR,R DE NOYELLES - D29,Ancienne Briquetterie,,59476,PROVILLE,438720,oui,,Bâtiment,"25,2",50°9'16''N,3°12'13''E,72,5188198,110.0,"18,8"
0592750708,17/05/2024,14/06/2024,LE BOIS DINOIR,R DE NOYELLES - D29,Ancienne Briquetterie,,59476,PROVILLE,438720,oui,,Bâtiment,"25,2",50°9'16''N,3°12'13''E,72,5188194,230.0,"18,8"
0592750703,25/07/2025,29/08/2025,,17 R du Président Vincent Auriol,,,59650,WATTRELOS,805566,oui,,Immeuble,30,50°42'15''N,3°14'10''E,35,1028074,120.0,"28,6"
0592750703,25/07/2025,29/08/2025,,17 R du Président Vincent Auriol,,,59650,WATTRELOS,805566,oui,,Immeuble,30,50°42'15''N,3°14'10''E,35,1028072,0.0,"28,6"
0592750703,25/07/2025,29/08/2025,,17 R du Président Vincent Auriol,,,59650,WATTRELOS,805566,oui,,Immeuble,30,50°42'15''N,3°14'10''E,35,1028076,240.0,"28,6"
0592750703,25/07/2025,29/08/2025,,17 R du Président Vincent Auriol,,,59650,WATTRELOS,805566,oui,,Immeuble,30,50°42'15''N,3°14'10''E,35,7914124,0.0,"29,7"
0592750703,25/07/2025,29/08/2025,,17 R du Président Vincent Auriol,,,59650,WATTRELOS,805566,oui,,Immeuble,30,50°42'15''N,3°14'10''E,35,7914126,120.0,"29,7"
0592750703,25/07/2025,29/08/2025,,17 R du Président Vincent Auriol,,,59650,WATTRELOS,805566,oui,,Immeuble,30,50°42'15''N,3°14'10''E,35,7914128,240.0,"29,7"
0592750680,08/02/2025,14/03/2025,,169 Chaussée Gramme,,,59599,TOURCOING,479250,oui,,Bâtiment,34,50°44'15''N,3°9'49''E,42,848227,330.0,"21,3"
0592750680,08/02/2025,14/03/2025,,169 Chaussée Gramme,,,59599,TOURCOING,479250,oui,,Bâtiment,34,50°44'15''N,3°9'49''E,42,848223,120.0,"21,3"
0592750680,08/02/2025,14/03/2025,,169 Chaussée Gramme,,,59599,TOURCOING,479250,oui,,Bâtiment,34,50°44'15''N,3°9'49''E,42,848225,230.0,"21,3"
0592750676,11/06/2024,12/07/2024,,27 rue ROBERT SCHUMAN,,,59183,DUNKERQUE,1680039,oui,,Immeuble,19,51°2'54''N,2°25'52''E,4,4238771,280.0,"17,5"
0592750676,11/06/2024,12/07/2024,,27 rue ROBERT SCHUMAN,,,59183,DUNKERQUE,1680039,oui,,Immeuble,19,51°2'54''N,2°25'52''E,4,4238769,180.0,"17,5"
0592750676,11/06/2024,12/07/2024,,27 rue ROBERT SCHUMAN,,,59183,DUNKERQUE,1680039,oui,,Immeuble,19,51°2'54''N,2°25'52''E,4,4238767,30.0,"17,5"
0592750673,15/03/2024,12/04/2024,,R de la halle,Pl d'armes,,59606,VALENCIENNES,599393,oui,,Immeuble,"32,5",50°21'27''N,3°31'28''E,25,775303,30.0,"29,5"
0592750673,15/03/2024,12/04/2024,,R de la halle,Pl d'armes,,59606,VALENCIENNES,599393,oui,,Immeuble,"32,5",50°21'27''N,3°31'28''E,25,775307,240.0,"29,5"
0592750673,15/03/2024,12/04/2024,,R de la halle,Pl d'armes,,59606,VALENCIENNES,599393,oui,,Immeuble,"32,5",50°21'27''N,3°31'28''E,25,7399709,120.0,31
0592750673,15/03/2024,12/04/2024,,R de la halle,Pl d'armes,,59606,VALENCIENNES,599393,oui,,Immeuble,"32,5",50°21'27''N,3°31'28''E,25,775305,120.0,"29,5"
0592750673,15/03/2024,12/04/2024,,R de la halle,Pl d'armes,,59606,VALENCIENNES,599393,oui,,Immeuble,"32,5",50°21'27''N,3°31'28''E,25,7399711,240.0,31
0592750673,15/03/2024,12/04/2024,,R de la halle,Pl d'armes,,59606,VALENCIENNES,599393,oui,,Immeuble,"32,5",50°21'27''N,3°31'28''E,25,7399707,30.0,31
0592750670,20/10/2022,18/11/2022,,73 R GASTON BARATTE,,,59009,VILLENEUVE-D'ASCQ,958760,non,,Bâtiment,"12,7",50°37'11''N,3°9'35''E,32,752138,,"12,3"
0592750662,23/04/2025,23/05/2025,,pl carpeaux,Résidence Carpeaux,,59606,VALENCIENNES,805379,oui,,Immeuble,29,50°21'34''N,3°31'0''E,23,731238,270.0,"23,3"
0592750662,23/04/2025,23/05/2025,,pl carpeaux,Résidence Carpeaux,,59606,VALENCIENNES,805379,oui,,Immeuble,29,50°21'34''N,3°31'0''E,23,731234,50.0,"23,3"
0592750662,23/04/2025,23/05/2025,,pl carpeaux,Résidence Carpeaux,,59606,VALENCIENNES,805379,oui,,Immeuble,29,50°21'34''N,3°31'0''E,23,731236,140.0,"23,3"
0592750662,23/04/2025,23/05/2025,,pl carpeaux,Résidence Carpeaux,,59606,VALENCIENNES,805379,oui,,Immeuble,29,50°21'34''N,3°31'0''E,23,8694757,50.0,"23,3"
0592750662,23/04/2025,23/05/2025,,pl carpeaux,Résidence Carpeaux,,59606,VALENCIENNES,805379,oui,,Immeuble,29,50°21'34''N,3°31'0''E,23,8694761,270.0,"23,3"
0592750662,23/04/2025,23/05/2025,,pl carpeaux,Résidence Carpeaux,,59606,VALENCIENNES,805379,oui,,Immeuble,29,50°21'34''N,3°31'0''E,23,8694759,140.0,"23,3"
0592750661,19/02/2025,21/03/2025,,5 PL DU MARECHAL LECLERC,,,59350,LILLE,644302,oui,,Immeuble,31,50°37'44''N,3°2'37''E,20,731226,90.0,"28,1"
0592750661,19/02/2025,21/03/2025,,5 PL DU MARECHAL LECLERC,,,59350,LILLE,644302,oui,,Immeuble,31,50°37'44''N,3°2'37''E,20,731228,240.0,"28,1"
0592750661,19/02/2025,21/03/2025,,5 PL DU MARECHAL LECLERC,,,59350,LILLE,644302,oui,,Immeuble,31,50°37'44''N,3°2'37''E,20,731230,330.0,"28,1"
0592750661,19/02/2025,21/03/2025,,5 PL DU MARECHAL LECLERC,,,59350,LILLE,644302,oui,,Immeuble,31,50°37'44''N,3°2'37''E,20,7361871,330.0,"28,6"
0592750661,19/02/2025,21/03/2025,,5 PL DU MARECHAL LECLERC,,,59350,LILLE,644302,oui,,Immeuble,31,50°37'44''N,3°2'37''E,20,8223839,240.0,"28,6"
0592750661,19/02/2025,21/03/2025,,5 PL DU MARECHAL LECLERC,,,59350,LILLE,644302,oui,,Immeuble,31,50°37'44''N,3°2'37''E,20,7361873,90.0,"28,6"
0592750646,02/03/2024,05/04/2024,,1 t r jules guesde,,,59367,LYS-LEZ-LANNOY,476606,oui,,Bâtiment,27,50°40'7''N,3°12'23''E,32,615481,260.0,23
0592750646,02/03/2024,05/04/2024,,1 t r jules guesde,,,59367,LYS-LEZ-LANNOY,476606,oui,,Bâtiment,27,50°40'7''N,3°12'23''E,32,615477,20.0,23
0592750646,02/03/2024,05/04/2024,,1 t r jules guesde,,,59367,LYS-LEZ-LANNOY,476606,oui,,Bâtiment,27,50°40'7''N,3°12'23''E,32,615479,130.0,23
0592750646,02/03/2024,05/04/2024,,1 t r jules guesde,,,59367,LYS-LEZ-LANNOY,476606,oui,,Bâtiment,27,50°40'7''N,3°12'23''E,32,7665770,260.0,23
0592750646,02/03/2024,05/04/2024,,1 t r jules guesde,,,59367,LYS-LEZ-LANNOY,476606,oui,,Bâtiment,27,50°40'7''N,3°12'23''E,32,7665768,130.0,23
0592750646,02/03/2024,05/04/2024,,1 t r jules guesde,,,59367,LYS-LEZ-LANNOY,476606,oui,,Bâtiment,27,50°40'7''N,3°12'23''E,32,7665766,20.0,23
0592750630,17/06/2024,19/07/2024,,R DES JACINTHES,IMM BOURGOGNE,,59291,HAUTMONT,1671908,oui,,Immeuble,17,50°14'38''N,3°55'40''E,170,9278774,210.0,15
0592750630,17/06/2024,19/07/2024,,R DES JACINTHES,IMM BOURGOGNE,,59291,HAUTMONT,1671908,oui,,Immeuble,17,50°14'38''N,3°55'40''E,170,4218680,210.0,"15,6"
0592750630,17/06/2024,19/07/2024,,R DES JACINTHES,IMM BOURGOGNE,,59291,HAUTMONT,1671908,oui,,Immeuble,17,50°14'38''N,3°55'40''E,170,4218678,50.0,"15,6"
0592750630,17/06/2024,19/07/2024,,R DES JACINTHES,IMM BOURGOGNE,,59291,HAUTMONT,1671908,oui,,Immeuble,17,50°14'38''N,3°55'40''E,170,4218682,310.0,"15,6"
0592750630,17/06/2024,19/07/2024,,R DES JACINTHES,IMM BOURGOGNE,,59291,HAUTMONT,1671908,oui,,Immeuble,17,50°14'38''N,3°55'40''E,170,9278772,50.0,15
0592750630,17/06/2024,19/07/2024,,R DES JACINTHES,IMM BOURGOGNE,,59291,HAUTMONT,1671908,oui,,Immeuble,17,50°14'38''N,3°55'40''E,170,9278776,310.0,15
0592750622,16/05/2020,19/06/2020,,r de west-cappel,cheminée,,59499,REXPOEDE,476648,oui,,Bâtiment,30,50°56'14''N,2°32'10''E,20,706664,40.0,"25,7"
0592750622,16/05/2020,19/06/2020,,r de west-cappel,cheminée,,59499,REXPOEDE,476648,oui,,Bâtiment,30,50°56'14''N,2°32'10''E,20,706666,170.0,"25,7"
0592750622,16/05/2020,19/06/2020,,r de west-cappel,cheminée,,59499,REXPOEDE,476648,oui,,Bâtiment,30,50°56'14''N,2°32'10''E,20,706668,245.0,"25,7"
0592750619,14/02/2025,14/03/2025,,389 Av de Dunkerque,,,59350,LILLE,635589,oui,,Immeuble,21,50°38'31''N,3°1'2''E,21,565089,20.0,15
0592750619,14/02/2025,14/03/2025,,389 Av de Dunkerque,,,59350,LILLE,635589,oui,,Immeuble,21,50°38'31''N,3°1'2''E,21,565091,110.0,"15,4"
0592750619,14/02/2025,14/03/2025,,389 Av de Dunkerque,,,59350,LILLE,635589,oui,,Immeuble,21,50°38'31''N,3°1'2''E,21,565093,240.0,"15,3"
0592750619,14/02/2025,14/03/2025,,389 Av de Dunkerque,,,59350,LILLE,635589,oui,,Immeuble,21,50°38'31''N,3°1'2''E,21,7818698,20.0,15
0592750619,14/02/2025,14/03/2025,,389 Av de Dunkerque,,,59350,LILLE,635589,oui,,Immeuble,21,50°38'31''N,3°1'2''E,21,7818702,240.0,"15,3"
0592750619,14/02/2025,14/03/2025,,389 Av de Dunkerque,,,59350,LILLE,635589,oui,,Immeuble,21,50°38'31''N,3°1'2''E,21,7818700,110.0,"15,4"
0592750602,27/10/2022,25/11/2022,,r salvador allende,Résidence Médicale Le Molinel,,59646,WASQUEHAL,804792,oui,,Immeuble,26,50°41'16''N,3°7'2''E,30,538338,120.0,"21,8"
0592750602,27/10/2022,25/11/2022,,r salvador allende,Résidence Médicale Le Molinel,,59646,WASQUEHAL,804792,oui,,Immeuble,26,50°41'16''N,3°7'2''E,30,538336,0.0,"21,8"
0592750602,27/10/2022,25/11/2022,,r salvador allende,Résidence Médicale Le Molinel,,59646,WASQUEHAL,804792,oui,,Immeuble,26,50°41'16''N,3°7'2''E,30,6974284,0.0,"21,8"
0592750602,27/10/2022,25/11/2022,,r salvador allende,Résidence Médicale Le Molinel,,59646,WASQUEHAL,804792,oui,,Immeuble,26,50°41'16''N,3°7'2''E,30,6974288,240.0,"21,8"
0592750602,27/10/2022,25/11/2022,,r salvador allende,Résidence Médicale Le Molinel,,59646,WASQUEHAL,804792,oui,,Immeuble,26,50°41'16''N,3°7'2''E,30,538340,240.0,"21,8"
0592750602,27/10/2022,25/11/2022,,r salvador allende,Résidence Médicale Le Molinel,,59646,WASQUEHAL,804792,oui,,Immeuble,26,50°41'16''N,3°7'2''E,30,6974286,120.0,"21,8"
0592750596,20/09/2022,21/10/2022,,8 B R FAIDHERBE,,,59346,LEZENNES,958735,non,,Bâtiment,"15,3",50°36'55''N,3°6'53''E,38,524050,,"14,7"
0592750576,29/09/2023,27/10/2023,,11 BD LACORDAIRE,Hôpital Victor Provo,,59512,ROUBAIX,473742,oui,,Immeuble,52,50°40'45''N,3°10'24''E,45,503561,160.0,24
0592750576,29/09/2023,27/10/2023,,11 BD LACORDAIRE,Hôpital Victor Provo,,59512,ROUBAIX,473742,oui,,Immeuble,52,50°40'45''N,3°10'24''E,45,7846553,240.0,"24,6"
0592750576,29/09/2023,27/10/2023,,11 BD LACORDAIRE,Hôpital Victor Provo,,59512,ROUBAIX,473742,oui,,Immeuble,52,50°40'45''N,3°10'24''E,45,503563,240.0,24
0592750576,29/09/2023,27/10/2023,,11 BD LACORDAIRE,Hôpital Victor Provo,,59512,ROUBAIX,473742,oui,,Immeuble,52,50°40'45''N,3°10'24''E,45,503559,330.0,24
0592750576,29/09/2023,27/10/2023,,11 BD LACORDAIRE,Hôpital Victor Provo,,59512,ROUBAIX,473742,oui,,Immeuble,52,50°40'45''N,3°10'24''E,45,7846549,330.0,"22,1"
0592750576,29/09/2023,27/10/2023,,11 BD LACORDAIRE,Hôpital Victor Provo,,59512,ROUBAIX,473742,oui,,Immeuble,52,50°40'45''N,3°10'24''E,45,7846551,160.0,"24,6"
0592750560,22/11/2022,23/12/2022,,61 BD DU COMTE DE MONTALEMBERT,,,59009,VILLENEUVE-D'ASCQ,959310,non,,Bâtiment,"12,3",50°37'21''N,3°9'49''E,25,466618,,"12,3"
0592750552,16/01/2024,16/02/2024,,34 rue de Lauwin Plancque,Immeuble de la tour,,59178,DOUAI,1414336,oui,,Bâtiment,31,50°22'52''N,3°3'52''E,28,456305,320.0,"27,9"
0592750552,16/01/2024,16/02/2024,,34 rue de Lauwin Plancque,Immeuble de la tour,,59178,DOUAI,1414336,oui,,Bâtiment,31,50°22'52''N,3°3'52''E,28,456303,170.0,"27,9"
0592750552,16/01/2024,16/02/2024,,34 rue de Lauwin Plancque,Immeuble de la tour,,59178,DOUAI,1414336,oui,,Bâtiment,31,50°22'52''N,3°3'52''E,28,456301,70.0,"27,9"
0592750552,16/01/2024,16/02/2024,,34 rue de Lauwin Plancque,Immeuble de la tour,,59178,DOUAI,1414336,oui,,Bâtiment,31,50°22'52''N,3°3'52''E,28,7127991,70.0,"27,9"
0592750552,16/01/2024,16/02/2024,,34 rue de Lauwin Plancque,Immeuble de la tour,,59178,DOUAI,1414336,oui,,Bâtiment,31,50°22'52''N,3°3'52''E,28,7127995,170.0,"27,9"
0592750552,16/01/2024,16/02/2024,,34 rue de Lauwin Plancque,Immeuble de la tour,,59178,DOUAI,1414336,oui,,Bâtiment,31,50°22'52''N,3°3'52''E,28,7127993,320.0,"27,9"
0592750550,30/09/2022,28/10/2022,,36 PL LOUISE DE BETTIGNIES,,,59350,LILLE,915997,non,,Immeuble,"13,1",50°38'29.040''N,3°3'56.305''E,20,456097,,"13,3"
0592750548,15/02/2025,21/03/2025,,AV ANTOINE PINAY,ZA LES 4 VENTS,,59299,HEM,500044,non,,Bâtiment,4,50°38'59''N,3°12'3''E,51,446985,110.0,"2,7"
0592750548,15/02/2025,21/03/2025,,AV ANTOINE PINAY,ZA LES 4 VENTS,,59299,HEM,500044,non,,Bâtiment,4,50°38'59''N,3°12'3''E,51,446989,280.0,"2,7"
0592750548,15/02/2025,21/03/2025,,AV ANTOINE PINAY,ZA LES 4 VENTS,,59299,HEM,500044,non,,Bâtiment,4,50°38'59''N,3°12'3''E,51,446987,210.0,"2,7"
0592750546,29/10/2022,02/12/2022,,25 R ST JACQUES,,,59350,LILLE,913505,non,,Immeuble,13,50°38'26''N,3°4'2''E,20,446981,,"7,8"
0592750538,20/10/2022,18/11/2022,,32 R DE WASQUEHAL,,,59421,MOUVAUX,832036,non,,Bâtiment,"17,6",50°41'42''N,3°8'29''E,"34,1",432663,60.0,"15,6"
0592750538,20/10/2022,18/11/2022,,32 R DE WASQUEHAL,,,59421,MOUVAUX,832036,non,,Bâtiment,"17,6",50°41'42''N,3°8'29''E,"34,1",432665,200.0,"15,6"
0592750538,20/10/2022,18/11/2022,,32 R DE WASQUEHAL,,,59421,MOUVAUX,832036,non,,Bâtiment,"17,6",50°41'42''N,3°8'29''E,"34,1",432667,310.0,"15,6"
0592750533,22/12/2022,20/01/2023,,148 r nationale,,,59350,LILLE,639124,oui,,Immeuble,41,50°38'1''N,3°3'14''E,20,420919,0.0,"28,2"
0592750533,22/12/2022,20/01/2023,,148 r nationale,,,59350,LILLE,639124,oui,,Immeuble,41,50°38'1''N,3°3'14''E,20,420921,120.0,"27,9"
0592750533,22/12/2022,20/01/2023,,148 r nationale,,,59350,LILLE,639124,oui,,Immeuble,41,50°38'1''N,3°3'14''E,20,420923,220.0,"27,9"
0592750516,15/02/2025,21/03/2025,,53 R DE TRÉVISE,,,59350,LILLE,644304,non,,Immeuble,35,50°37'16''N,3°4'31''E,24,366842,40.0,"29,9"
0592750516,15/02/2025,21/03/2025,,53 R DE TRÉVISE,,,59350,LILLE,644304,non,,Immeuble,35,50°37'16''N,3°4'31''E,24,6770669,270.0,"30,5"
0592750516,15/02/2025,21/03/2025,,53 R DE TRÉVISE,,,59350,LILLE,644304,non,,Immeuble,35,50°37'16''N,3°4'31''E,24,366848,270.0,"29,9"
0592750516,15/02/2025,21/03/2025,,53 R DE TRÉVISE,,,59350,LILLE,644304,non,,Immeuble,35,50°37'16''N,3°4'31''E,24,366846,180.0,"28,5"
0592750516,15/02/2025,21/03/2025,,53 R DE TRÉVISE,,,59350,LILLE,644304,non,,Immeuble,35,50°37'16''N,3°4'31''E,24,6770667,180.0,29
0592750516,15/02/2025,21/03/2025,,53 R DE TRÉVISE,,,59350,LILLE,644304,non,,Immeuble,35,50°37'16''N,3°4'31''E,24,6770665,40.0,"30,5"
0592750510,21/09/2022,21/10/2022,,44 r des postes,,,59350,LILLE,628478,oui,,Immeuble,34,50°37'37''N,3°3'24''E,21,350267,280.0,"27,8"
0592750510,21/09/2022,21/10/2022,,44 r des postes,,,59350,LILLE,628478,oui,,Immeuble,34,50°37'37''N,3°3'24''E,21,350261,30.0,"27,8"
0592750510,21/09/2022,21/10/2022,,44 r des postes,,,59350,LILLE,628478,oui,,Immeuble,34,50°37'37''N,3°3'24''E,21,350265,150.0,"27,8"
0592750510,21/09/2022,21/10/2022,,44 r des postes,,,59350,LILLE,628478,oui,,Immeuble,34,50°37'37''N,3°3'24''E,21,6574466,30.0,"29,8"
0592750510,21/09/2022,21/10/2022,,44 r des postes,,,59350,LILLE,628478,oui,,Immeuble,34,50°37'37''N,3°3'24''E,21,6574470,280.0,"29,8"
0592750510,21/09/2022,21/10/2022,,44 r des postes,,,59350,LILLE,628478,oui,,Immeuble,34,50°37'37''N,3°3'24''E,21,6574468,150.0,"29,8"
0592750497,21/12/2023,19/01/2024,,9001 Av. de Jussieu,Tour du Fer à Cheval,,59512,ROUBAIX,478474,oui,,Immeuble,61,50°40'14''N,3°9'15''E,26,263606,0.0,"47,3"
0592750497,21/12/2023,19/01/2024,,9001 Av. de Jussieu,Tour du Fer à Cheval,,59512,ROUBAIX,478474,oui,,Immeuble,61,50°40'14''N,3°9'15''E,26,263608,80.0,"47,3"
0592750497,21/12/2023,19/01/2024,,9001 Av. de Jussieu,Tour du Fer à Cheval,,59512,ROUBAIX,478474,oui,,Immeuble,61,50°40'14''N,3°9'15''E,26,263610,150.0,"47,6"
0592750497,21/12/2023,19/01/2024,,9001 Av. de Jussieu,Tour du Fer à Cheval,,59512,ROUBAIX,478474,oui,,Immeuble,61,50°40'14''N,3°9'15''E,26,7446917,80.0,"47,8"
0592750497,21/12/2023,19/01/2024,,9001 Av. de Jussieu,Tour du Fer à Cheval,,59512,ROUBAIX,478474,oui,,Immeuble,61,50°40'14''N,3°9'15''E,26,7446919,150.0,"48,1"
0592750497,21/12/2023,19/01/2024,,9001 Av. de Jussieu,Tour du Fer à Cheval,,59512,ROUBAIX,478474,oui,,Immeuble,61,50°40'14''N,3°9'15''E,26,7446915,0.0,"47,8"
0592750478,15/02/2025,21/03/2025,,1-3-5 pl leroux de fauquemont,,,59350,LILLE,637615,oui,,Immeuble,24,50°37'46''N,3°2'6''E,20,219024,300.0,"16,7"
0592750478,15/02/2025,21/03/2025,,1-3-5 pl leroux de fauquemont,,,59350,LILLE,637615,oui,,Immeuble,24,50°37'46''N,3°2'6''E,20,219028,200.0,"18,1"
0592750478,15/02/2025,21/03/2025,,1-3-5 pl leroux de fauquemont,,,59350,LILLE,637615,oui,,Immeuble,24,50°37'46''N,3°2'6''E,20,219026,110.0,"18,1"
0592750442,09/07/2024,09/08/2024,,"10, r eugène pottier",Résidence les Hêtres,,59508,RONCQ,806291,oui,,Immeuble,25,50°44'53''N,3°7'23''E,40,77971,40.0,"22,3"
0592750442,09/07/2024,09/08/2024,,"10, r eugène pottier",Résidence les Hêtres,,59508,RONCQ,806291,oui,,Immeuble,25,50°44'53''N,3°7'23''E,40,77975,270.0,"22,3"
0592750442,09/07/2024,09/08/2024,,"10, r eugène pottier",Résidence les Hêtres,,59508,RONCQ,806291,oui,,Immeuble,25,50°44'53''N,3°7'23''E,40,77973,140.0,"22,3"
0592750430,03/09/2024,04/10/2024,,AV DES PLATANES,Résidence  NICOLAS DUBOIS,,59526,SAINT-AMAND-LES-EAUX,1642935,oui,,Immeuble,"25,4",50°27'10''N,3°25'52''E,17,25989,240.0,"25,4"
0592750430,03/09/2024,04/10/2024,,AV DES PLATANES,Résidence  NICOLAS DUBOIS,,59526,SAINT-AMAND-LES-EAUX,1642935,oui,,Immeuble,"25,4",50°27'10''N,3°25'52''E,17,25988,120.0,"25,4"
0592750430,03/09/2024,04/10/2024,,AV DES PLATANES,Résidence  NICOLAS DUBOIS,,59526,SAINT-AMAND-LES-EAUX,1642935,oui,,Immeuble,"25,4",50°27'10''N,3°25'52''E,17,25987,0.0,"25,4"
0592750418,15/02/2025,21/03/2025,,228 AV ALFRED MOTTE,CCAL,,59512,ROUBAIX,645594,oui,,Bâtiment,35,50°40'31''N,3°11'49''E,36,63658,220.0,"21,5"
0592750418,15/02/2025,21/03/2025,,228 AV ALFRED MOTTE,CCAL,,59512,ROUBAIX,645594,oui,,Bâtiment,35,50°40'31''N,3°11'49''E,36,63660,310.0,"21,5"
0592750418,15/02/2025,21/03/2025,,228 AV ALFRED MOTTE,CCAL,,59512,ROUBAIX,645594,oui,,Bâtiment,35,50°40'31''N,3°11'49''E,36,6959928,310.0,"21,3"
0592750418,15/02/2025,21/03/2025,,228 AV ALFRED MOTTE,CCAL,,59512,ROUBAIX,645594,oui,,Bâtiment,35,50°40'31''N,3°11'49''E,36,63656,100.0,"22,1"
0592750418,15/02/2025,21/03/2025,,228 AV ALFRED MOTTE,CCAL,,59512,ROUBAIX,645594,oui,,Bâtiment,35,50°40'31''N,3°11'49''E,36,6959924,100.0,"21,3"
0592750418,15/02/2025,21/03/2025,,228 AV ALFRED MOTTE,CCAL,,59512,ROUBAIX,645594,oui,,Bâtiment,35,50°40'31''N,3°11'49''E,36,6959926,220.0,"21,3"
0592750416,15/02/2025,21/03/2025,,72 R DE LA HALLE,,,59350,LILLE,596896,non,,Immeuble,20,50°38'39.066''N,3°3'31.667''E,20,62374,140.0,"21,0"
0592750416,15/02/2025,21/03/2025,,72 R DE LA HALLE,,,59350,LILLE,596896,non,,Immeuble,20,50°38'39.066''N,3°3'31.667''E,20,62376,240.0,"21,0"
0592750416,15/02/2025,21/03/2025,,72 R DE LA HALLE,,,59350,LILLE,596896,non,,Immeuble,20,50°38'39.066''N,3°3'31.667''E,20,62378,320.0,"21,0"
0592750415,25/11/2023,04/01/2024,,159 AV DE LA MARNE,BAT B,,59378,MARCQ-EN-BAROEUL,832019,non,,Immeuble,17,50°40'51''N,3°6'39''E,25,62382,70.0,"14,6"
0592750415,25/11/2023,04/01/2024,,159 AV DE LA MARNE,BAT B,,59378,MARCQ-EN-BAROEUL,832019,non,,Immeuble,17,50°40'51''N,3°6'39''E,25,62386,310.0,"14,6"
0592750415,25/11/2023,04/01/2024,,159 AV DE LA MARNE,BAT B,,59378,MARCQ-EN-BAROEUL,832019,non,,Immeuble,17,50°40'51''N,3°6'39''E,25,62384,170.0,"14,6"
0592750367,30/04/2022,03/06/2022,,ALL D'HALVER,IMM SEQUOIA,,59291,HAUTMONT,501261,oui,,Immeuble,"28,3",50°15'21''N,3°54'9''E,162,4218736,180.0,27
0592750367,30/04/2022,03/06/2022,,ALL D'HALVER,IMM SEQUOIA,,59291,HAUTMONT,501261,oui,,Immeuble,"28,3",50°15'21''N,3°54'9''E,162,4218732,10.0,27
0592750367,30/04/2022,03/06/2022,,ALL D'HALVER,IMM SEQUOIA,,59291,HAUTMONT,501261,oui,,Immeuble,"28,3",50°15'21''N,3°54'9''E,162,7427618,100.0,28
0592750367,30/04/2022,03/06/2022,,ALL D'HALVER,IMM SEQUOIA,,59291,HAUTMONT,501261,oui,,Immeuble,"28,3",50°15'21''N,3°54'9''E,162,4218734,100.0,27
0592750367,30/04/2022,03/06/2022,,ALL D'HALVER,IMM SEQUOIA,,59291,HAUTMONT,501261,oui,,Immeuble,"28,3",50°15'21''N,3°54'9''E,162,7427616,10.0,28
0592750367,30/04/2022,03/06/2022,,ALL D'HALVER,IMM SEQUOIA,,59291,HAUTMONT,501261,oui,,Immeuble,"28,3",50°15'21''N,3°54'9''E,162,7427620,180.0,28
0592750366,03/10/2022,07/11/2022,,6 pl rosette de mey,Rés. Tourville,,59350,LILLE,629974,oui,,Immeuble,34,50°37'48''N,3°1'31''E,23,2703177,310.0,"24,3"
0592750366,03/10/2022,07/11/2022,,6 pl rosette de mey,Rés. Tourville,,59350,LILLE,629974,oui,,Immeuble,34,50°37'48''N,3°1'31''E,23,2703179,90.0,"24,3"
0592750366,03/10/2022,07/11/2022,,6 pl rosette de mey,Rés. Tourville,,59350,LILLE,629974,oui,,Immeuble,34,50°37'48''N,3°1'31''E,23,2703181,190.0,"24,3"
0592750366,03/10/2022,07/11/2022,,6 pl rosette de mey,Rés. Tourville,,59350,LILLE,629974,oui,,Immeuble,34,50°37'48''N,3°1'31''E,23,6530798,190.0,"23,6"
0592750366,03/10/2022,07/11/2022,,6 pl rosette de mey,Rés. Tourville,,59350,LILLE,629974,oui,,Immeuble,34,50°37'48''N,3°1'31''E,23,6530796,90.0,"23,6"
0592750366,03/10/2022,07/11/2022,,6 pl rosette de mey,Rés. Tourville,,59350,LILLE,629974,oui,,Immeuble,34,50°37'48''N,3°1'31''E,23,6530800,310.0,"23,6"
0592750363,04/04/2023,05/05/2023,,rue Fernand Kamette,imm Christophe Colomb,Résidence Les Explorateurs,59225,FEIGNIES,1673509,oui,,Bâtiment,28,50°17'39''N,3°55'11''E,145,4223664,260.0,"26,8"
0592750363,04/04/2023,05/05/2023,,rue Fernand Kamette,imm Christophe Colomb,Résidence Les Explorateurs,59225,FEIGNIES,1673509,oui,,Bâtiment,28,50°17'39''N,3°55'11''E,145,4223662,120.0,"26,8"
0592750363,04/04/2023,05/05/2023,,rue Fernand Kamette,imm Christophe Colomb,Résidence Les Explorateurs,59225,FEIGNIES,1673509,oui,,Bâtiment,28,50°17'39''N,3°55'11''E,145,4223666,350.0,"26,8"
0592750359,18/02/2025,21/03/2025,,34b  av du colysée,Rés Le Colisée,,59328,LAMBERSART,806251,oui,,Immeuble,33,50°38'17''N,3°1'54''E,21,138881,320.0,"28,4"
0592750359,18/02/2025,21/03/2025,,34b  av du colysée,Rés Le Colisée,,59328,LAMBERSART,806251,oui,,Immeuble,33,50°38'17''N,3°1'54''E,21,6555085,200.0,"27,9"
0592750359,18/02/2025,21/03/2025,,34b  av du colysée,Rés Le Colisée,,59328,LAMBERSART,806251,oui,,Immeuble,33,50°38'17''N,3°1'54''E,21,138880,200.0,"28,4"
0592750359,18/02/2025,21/03/2025,,34b  av du colysée,Rés Le Colisée,,59328,LAMBERSART,806251,oui,,Immeuble,33,50°38'17''N,3°1'54''E,21,138879,50.0,"28,4"
0592750359,18/02/2025,21/03/2025,,34b  av du colysée,Rés Le Colisée,,59328,LAMBERSART,806251,oui,,Immeuble,33,50°38'17''N,3°1'54''E,21,6555087,320.0,"27,9"
0592750359,18/02/2025,21/03/2025,,34b  av du colysée,Rés Le Colisée,,59328,LAMBERSART,806251,oui,,Immeuble,33,50°38'17''N,3°1'54''E,21,6555083,50.0,"27,9"
0592750350,18/02/2025,21/03/2025,,AV Carl Gauss,Bat M1,cité scientifique,59009,VILLENEUVE-D'ASCQ,722924,non,,Immeuble,61,50°36'32''N,3°8'19''E,40,2977385,0.0,23
0592750350,18/02/2025,21/03/2025,,AV Carl Gauss,Bat M1,cité scientifique,59009,VILLENEUVE-D'ASCQ,722924,non,,Immeuble,61,50°36'32''N,3°8'19''E,40,2977387,120.0,23
0592750350,18/02/2025,21/03/2025,,AV Carl Gauss,Bat M1,cité scientifique,59009,VILLENEUVE-D'ASCQ,722924,non,,Immeuble,61,50°36'32''N,3°8'19''E,40,2977383,220.0,23
0592750340,14/09/2023,13/10/2023,,AV DE BORDEAUX,RES LANGUEDOC,,59220,FACHES-THUMESNIL,832009,non,,Immeuble,26,50°35'48''N,3°4'41''E,47,138788,225.0,"24,7"
0592750340,14/09/2023,13/10/2023,,AV DE BORDEAUX,RES LANGUEDOC,,59220,FACHES-THUMESNIL,832009,non,,Immeuble,26,50°35'48''N,3°4'41''E,47,6551922,225.0,"25,3"
0592750340,14/09/2023,13/10/2023,,AV DE BORDEAUX,RES LANGUEDOC,,59220,FACHES-THUMESNIL,832009,non,,Immeuble,26,50°35'48''N,3°4'41''E,47,6551920,105.0,"25,3"
0592750340,14/09/2023,13/10/2023,,AV DE BORDEAUX,RES LANGUEDOC,,59220,FACHES-THUMESNIL,832009,non,,Immeuble,26,50°35'48''N,3°4'41''E,47,138790,105.0,"24,7"
0592750340,14/09/2023,13/10/2023,,AV DE BORDEAUX,RES LANGUEDOC,,59220,FACHES-THUMESNIL,832009,non,,Immeuble,26,50°35'48''N,3°4'41''E,47,138786,350.0,"24,7"
0592750340,14/09/2023,13/10/2023,,AV DE BORDEAUX,RES LANGUEDOC,,59220,FACHES-THUMESNIL,832009,non,,Immeuble,26,50°35'48''N,3°4'41''E,47,6551924,350.0,"25,3"
0592750320,22/05/2024,21/06/2024,,114 R ST JACQUES,,,59178,DOUAI,627866,non,,Immeuble,26,50°22'16''N,3°5'4''E,26,138757,300.0,"24,3"
0592750320,22/05/2024,21/06/2024,,114 R ST JACQUES,,,59178,DOUAI,627866,non,,Immeuble,26,50°22'16''N,3°5'4''E,26,138759,60.0,"24,3"
0592750320,22/05/2024,21/06/2024,,114 R ST JACQUES,,,59178,DOUAI,627866,non,,Immeuble,26,50°22'16''N,3°5'4''E,26,138756,200.0,"21,9"
0592750320,22/05/2024,21/06/2024,,114 R ST JACQUES,,,59178,DOUAI,627866,non,,Immeuble,26,50°22'16''N,3°5'4''E,26,9265451,60.0,"23,5"
0592750320,22/05/2024,21/06/2024,,114 R ST JACQUES,,,59178,DOUAI,627866,non,,Immeuble,26,50°22'16''N,3°5'4''E,26,9265449,200.0,"24,3"
0592750313,21/03/2023,21/04/2023,,1 r de la libération,Résidence LOGIS Le Val de Lys,,59279,HALLUIN,436646,oui,,Immeuble,23,50°46'55''N,3°7'37''E,26,138720,180.0,16
0592750313,21/03/2023,21/04/2023,,1 r de la libération,Résidence LOGIS Le Val de Lys,,59279,HALLUIN,436646,oui,,Immeuble,23,50°46'55''N,3°7'37''E,26,138721,90.0,16
0592750313,21/03/2023,21/04/2023,,1 r de la libération,Résidence LOGIS Le Val de Lys,,59279,HALLUIN,436646,oui,,Immeuble,23,50°46'55''N,3°7'37''E,26,138719,0.0,16
0592750305,24/08/2023,22/09/2023,,chemin des Margueritois,Foyer ADOMA,,59507,RONCHIN,2363581,oui,,Immeuble,22,50°36'23''N,3°4'21''E,35,138683,13.0,"20,9"
0592750305,24/08/2023,22/09/2023,,chemin des Margueritois,Foyer ADOMA,,59507,RONCHIN,2363581,oui,,Immeuble,22,50°36'23''N,3°4'21''E,35,138684,160.0,"20,9"
0592750305,24/08/2023,22/09/2023,,chemin des Margueritois,Foyer ADOMA,,59507,RONCHIN,2363581,oui,,Immeuble,22,50°36'23''N,3°4'21''E,35,138686,253.0,"20,9"
0592750304,26/11/2022,03/01/2023,,202 r jean jaurès,,,59009,VILLENEUVE-D'ASCQ,485355,oui,,Bâtiment,39,50°40'0''N,3°8'39''E,22,138679,160.0,28
0592750304,26/11/2022,03/01/2023,,202 r jean jaurès,,,59009,VILLENEUVE-D'ASCQ,485355,oui,,Bâtiment,39,50°40'0''N,3°8'39''E,22,138682,300.0,28
0592750304,26/11/2022,03/01/2023,,202 r jean jaurès,,,59009,VILLENEUVE-D'ASCQ,485355,oui,,Bâtiment,39,50°40'0''N,3°8'39''E,22,138681,60.0,28
0592750304,26/11/2022,03/01/2023,,202 r jean jaurès,,,59009,VILLENEUVE-D'ASCQ,485355,oui,,Bâtiment,39,50°40'0''N,3°8'39''E,22,7044762,160.0,"29,7"
0592750304,26/11/2022,03/01/2023,,202 r jean jaurès,,,59009,VILLENEUVE-D'ASCQ,485355,oui,,Bâtiment,39,50°40'0''N,3°8'39''E,22,7044760,60.0,"29,7"
0592750304,26/11/2022,03/01/2023,,202 r jean jaurès,,,59009,VILLENEUVE-D'ASCQ,485355,oui,,Bâtiment,39,50°40'0''N,3°8'39''E,22,7044764,300.0,"29,7"
0592750303,19/02/2025,21/03/2025,,5 AV DES LILAS,,,59383,MARLY,454999,non,,Immeuble,31,50°20'23.808''N,3°32'48.592''E,52,7359398,80.0,"25,5"
0592750303,19/02/2025,21/03/2025,,5 AV DES LILAS,,,59383,MARLY,454999,non,,Immeuble,31,50°20'23.808''N,3°32'48.592''E,52,6858069,210.0,"25,5"
0592750303,19/02/2025,21/03/2025,,5 AV DES LILAS,,,59383,MARLY,454999,non,,Immeuble,31,50°20'23.808''N,3°32'48.592''E,52,138677,340.0,"25,5"
0592750303,19/02/2025,21/03/2025,,5 AV DES LILAS,,,59383,MARLY,454999,non,,Immeuble,31,50°20'23.808''N,3°32'48.592''E,52,138674,80.0,"25,5"
0592750303,19/02/2025,21/03/2025,,5 AV DES LILAS,,,59383,MARLY,454999,non,,Immeuble,31,50°20'23.808''N,3°32'48.592''E,52,138673,210.0,"25,5"
0592750303,19/02/2025,21/03/2025,,5 AV DES LILAS,,,59383,MARLY,454999,non,,Immeuble,31,50°20'23.808''N,3°32'48.592''E,52,6858071,340.0,"25,5"
0592750300,19/11/2022,23/12/2022,,pl Edouard Roussel,all des Saules,74c rue de la Perche,59512,ROUBAIX,805711,oui,,Immeuble,40,50°41'14''N,3°9'47''E,40,138657,160.0,"34,3"
0592750300,19/11/2022,23/12/2022,,pl Edouard Roussel,all des Saules,74c rue de la Perche,59512,ROUBAIX,805711,oui,,Immeuble,40,50°41'14''N,3°9'47''E,40,138658,60.0,"34,3"
0592750300,19/11/2022,23/12/2022,,pl Edouard Roussel,all des Saules,74c rue de la Perche,59512,ROUBAIX,805711,oui,,Immeuble,40,50°41'14''N,3°9'47''E,40,138656,240.0,"34,3"
0592750300,19/11/2022,23/12/2022,,pl Edouard Roussel,all des Saules,74c rue de la Perche,59512,ROUBAIX,805711,oui,,Immeuble,40,50°41'14''N,3°9'47''E,40,6529569,60.0,"38,5"
0592750300,19/11/2022,23/12/2022,,pl Edouard Roussel,all des Saules,74c rue de la Perche,59512,ROUBAIX,805711,oui,,Immeuble,40,50°41'14''N,3°9'47''E,40,6529573,240.0,"38,5"
0592750300,19/11/2022,23/12/2022,,pl Edouard Roussel,all des Saules,74c rue de la Perche,59512,ROUBAIX,805711,oui,,Immeuble,40,50°41'14''N,3°9'47''E,40,6529571,160.0,"38,5"
0592750294,06/01/2023,03/02/2023,,160 A BD D'HALLUIN,,,59599,TOURCOING,1327230,oui,,Immeuble,26,50°44'8''N,3°7'59''E,21,138633,60.0,"22,7"
0592750294,06/01/2023,03/02/2023,,160 A BD D'HALLUIN,,,59599,TOURCOING,1327230,oui,,Immeuble,26,50°44'8''N,3°7'59''E,21,138634,300.0,"22,8"
0592750294,06/01/2023,03/02/2023,,160 A BD D'HALLUIN,,,59599,TOURCOING,1327230,oui,,Immeuble,26,50°44'8''N,3°7'59''E,21,138636,180.0,"22,7"
0592750280,06/07/2024,09/08/2024,,584 Avenue de Dunkerque,cheminée,,59350,LILLE,1281439,oui,,Bâtiment,35,50°38'50''N,3°0'34''E,27,138576,180.0,"27,9"
0592750280,06/07/2024,09/08/2024,,584 Avenue de Dunkerque,cheminée,,59350,LILLE,1281439,oui,,Bâtiment,35,50°38'50''N,3°0'34''E,27,138575,60.0,"27,9"
0592750280,06/07/2024,09/08/2024,,584 Avenue de Dunkerque,cheminée,,59350,LILLE,1281439,oui,,Bâtiment,35,50°38'50''N,3°0'34''E,27,138577,300.0,"27,9"
0592750278,08/03/2024,05/04/2024,,1 rue de la Liberté,,,59079,BEUVRAGES,2481447,oui,,Immeuble,33,50°23'10''N,3°30'26''E,30,138563,80.0,"26,6"
0592750278,08/03/2024,05/04/2024,,1 rue de la Liberté,,,59079,BEUVRAGES,2481447,oui,,Immeuble,33,50°23'10''N,3°30'26''E,30,138566,280.0,"26,6"
0592750278,08/03/2024,05/04/2024,,1 rue de la Liberté,,,59079,BEUVRAGES,2481447,oui,,Immeuble,33,50°23'10''N,3°30'26''E,30,138564,160.0,"26,6"
0592750278,08/03/2024,05/04/2024,,1 rue de la Liberté,,,59079,BEUVRAGES,2481447,oui,,Immeuble,33,50°23'10''N,3°30'26''E,30,6767384,80.0,"25,6"
0592750278,08/03/2024,05/04/2024,,1 rue de la Liberté,,,59079,BEUVRAGES,2481447,oui,,Immeuble,33,50°23'10''N,3°30'26''E,30,6767386,160.0,"25,6"
0592750278,08/03/2024,05/04/2024,,1 rue de la Liberté,,,59079,BEUVRAGES,2481447,oui,,Immeuble,33,50°23'10''N,3°30'26''E,30,6767388,280.0,"25,6"
0592750269,12/09/2025,10/10/2025,,2 Rue Gilbert Bostsarron,Résidence Beauchamps,,59491,RAISMES,1705064,oui,,Immeuble,"28,5",50°23'16''N,3°29'34''E,27,6858083,270.0,"24,7"
0592750269,12/09/2025,10/10/2025,,2 Rue Gilbert Bostsarron,Résidence Beauchamps,,59491,RAISMES,1705064,oui,,Immeuble,"28,5",50°23'16''N,3°29'34''E,27,138512,170.0,"25,6"
0592750269,12/09/2025,10/10/2025,,2 Rue Gilbert Bostsarron,Résidence Beauchamps,,59491,RAISMES,1705064,oui,,Immeuble,"28,5",50°23'16''N,3°29'34''E,27,445655,0.0,"25,6"
0592750269,12/09/2025,10/10/2025,,2 Rue Gilbert Bostsarron,Résidence Beauchamps,,59491,RAISMES,1705064,oui,,Immeuble,"28,5",50°23'16''N,3°29'34''E,27,6858081,170.0,"24,7"
0592750269,12/09/2025,10/10/2025,,2 Rue Gilbert Bostsarron,Résidence Beauchamps,,59491,RAISMES,1705064,oui,,Immeuble,"28,5",50°23'16''N,3°29'34''E,27,138510,270.0,"25,6"
0592750269,12/09/2025,10/10/2025,,2 Rue Gilbert Bostsarron,Résidence Beauchamps,,59491,RAISMES,1705064,oui,,Immeuble,"28,5",50°23'16''N,3°29'34''E,27,7365162,0.0,"24,7"
0592750268,06/03/2024,05/04/2024,,BOULEVARD HARPIGNIES,,,59606,VALENCIENNES,1563373,oui,,Immeuble,26,50°21'52''N,3°31'40''E,25,138501,80.0,"22,9"
0592750268,06/03/2024,05/04/2024,,BOULEVARD HARPIGNIES,,,59606,VALENCIENNES,1563373,oui,,Immeuble,26,50°21'52''N,3°31'40''E,25,8114684,80.0,"23,5"
0592750268,06/03/2024,05/04/2024,,BOULEVARD HARPIGNIES,,,59606,VALENCIENNES,1563373,oui,,Immeuble,26,50°21'52''N,3°31'40''E,25,138504,260.0,"22,9"
0592750268,06/03/2024,05/04/2024,,BOULEVARD HARPIGNIES,,,59606,VALENCIENNES,1563373,oui,,Immeuble,26,50°21'52''N,3°31'40''E,25,138502,180.0,"22,9"
0592750268,06/03/2024,05/04/2024,,BOULEVARD HARPIGNIES,,,59606,VALENCIENNES,1563373,oui,,Immeuble,26,50°21'52''N,3°31'40''E,25,8114688,260.0,"23,5"
0592750268,06/03/2024,05/04/2024,,BOULEVARD HARPIGNIES,,,59606,VALENCIENNES,1563373,oui,,Immeuble,26,50°21'52''N,3°31'40''E,25,8114686,180.0,"23,5"
0592750266,28/03/2024,26/04/2024,,53 r Cuvelle,,,59512,ROUBAIX,645493,non,,Bâtiment,32,50°41'53''N,3°10'21''E,37,138498,180.0,"30,3"
0592750266,28/03/2024,26/04/2024,,53 r Cuvelle,,,59512,ROUBAIX,645493,non,,Bâtiment,32,50°41'53''N,3°10'21''E,37,138499,285.0,"30,3"
0592750266,28/03/2024,26/04/2024,,53 r Cuvelle,,,59512,ROUBAIX,645493,non,,Bâtiment,32,50°41'53''N,3°10'21''E,37,138500,60.0,"30,3"
0592750264,14/09/2023,13/10/2023,,1 R JULES VALLÈS,,,59360,LOOS,832004,oui,,Immeuble,48,50°36'15''N,3°2'43''E,38,43417,320.0,"45,2"
0592750264,14/09/2023,13/10/2023,,1 R JULES VALLÈS,,,59360,LOOS,832004,oui,,Immeuble,48,50°36'15''N,3°2'43''E,38,43413,110.0,"45,2"
0592750264,14/09/2023,13/10/2023,,1 R JULES VALLÈS,,,59360,LOOS,832004,oui,,Immeuble,48,50°36'15''N,3°2'43''E,38,43415,200.0,"45,2"
0592750264,14/09/2023,13/10/2023,,1 R JULES VALLÈS,,,59360,LOOS,832004,oui,,Immeuble,48,50°36'15''N,3°2'43''E,38,8160760,110.0,"45,8"
0592750264,14/09/2023,13/10/2023,,1 R JULES VALLÈS,,,59360,LOOS,832004,oui,,Immeuble,48,50°36'15''N,3°2'43''E,38,8160764,320.0,"45,8"
0592750264,14/09/2023,13/10/2023,,1 R JULES VALLÈS,,,59360,LOOS,832004,oui,,Immeuble,48,50°36'15''N,3°2'43''E,38,8160762,200.0,"45,8"
0592750256,18/01/2024,16/02/2024,,4-14 r st-sauveur,,,59350,LILLE,641477,oui,,Immeuble,45,50°37'59''N,3°4'12''E,19,138463,350.0,"43,6"
0592750256,18/01/2024,16/02/2024,,4-14 r st-sauveur,,,59350,LILLE,641477,oui,,Immeuble,45,50°37'59''N,3°4'12''E,19,138461,80.0,"43,6"
0592750256,18/01/2024,16/02/2024,,4-14 r st-sauveur,,,59350,LILLE,641477,oui,,Immeuble,45,50°37'59''N,3°4'12''E,19,138462,210.0,"43,6"
0592750256,18/01/2024,16/02/2024,,4-14 r st-sauveur,,,59350,LILLE,641477,oui,,Immeuble,45,50°37'59''N,3°4'12''E,19,6555075,210.0,"44,2"
0592750256,18/01/2024,16/02/2024,,4-14 r st-sauveur,,,59350,LILLE,641477,oui,,Immeuble,45,50°37'59''N,3°4'12''E,19,6555073,80.0,"44,2"
0592750256,18/01/2024,16/02/2024,,4-14 r st-sauveur,,,59350,LILLE,641477,oui,,Immeuble,45,50°37'59''N,3°4'12''E,19,6555077,350.0,"44,2"
0592750253,15/02/2025,21/03/2025,,Rue du molinel,,,59646,WASQUEHAL,3130335,oui,,Immeuble,"20,1",50°40'30''N,3°7'42''E,21,138441,70.0,"19,1"
0592750253,15/02/2025,21/03/2025,,Rue du molinel,,,59646,WASQUEHAL,3130335,oui,,Immeuble,"20,1",50°40'30''N,3°7'42''E,21,138442,190.0,"19,1"
0592750253,15/02/2025,21/03/2025,,Rue du molinel,,,59646,WASQUEHAL,3130335,oui,,Immeuble,"20,1",50°40'30''N,3°7'42''E,21,138445,340.0,"19,1"
0592750252,05/04/2024,06/05/2024,,46 R PAUL VERSCHAEVE,,,59599,TOURCOING,703393,non,,Immeuble,30,50°44'0''N,3°11'4''E,33,138435,280.0,"25,2"
0592750252,05/04/2024,06/05/2024,,46 R PAUL VERSCHAEVE,,,59599,TOURCOING,703393,non,,Immeuble,30,50°44'0''N,3°11'4''E,33,7458402,180.0,"27,2"
0592750252,05/04/2024,06/05/2024,,46 R PAUL VERSCHAEVE,,,59599,TOURCOING,703393,non,,Immeuble,30,50°44'0''N,3°11'4''E,33,138438,180.0,"25,2"
0592750252,05/04/2024,06/05/2024,,46 R PAUL VERSCHAEVE,,,59599,TOURCOING,703393,non,,Immeuble,30,50°44'0''N,3°11'4''E,33,138437,50.0,"25,2"
0592750252,05/04/2024,06/05/2024,,46 R PAUL VERSCHAEVE,,,59599,TOURCOING,703393,non,,Immeuble,30,50°44'0''N,3°11'4''E,33,7458400,50.0,"27,2"
0592750252,05/04/2024,06/05/2024,,46 R PAUL VERSCHAEVE,,,59599,TOURCOING,703393,non,,Immeuble,30,50°44'0''N,3°11'4''E,33,7458404,280.0,"27,2"
0592750244,18/07/2025,18/08/2025,,17 rue des Martyrs,parc de la Ramie,Cheminée,59560,SECLIN,831997,oui,,Bâtiment,37,50°33'4''N,3°1'17''E,25,138388,80.0,34
0592750244,18/07/2025,18/08/2025,,17 rue des Martyrs,parc de la Ramie,Cheminée,59560,SECLIN,831997,oui,,Bâtiment,37,50°33'4''N,3°1'17''E,25,138386,170.0,34
0592750244,18/07/2025,18/08/2025,,17 rue des Martyrs,parc de la Ramie,Cheminée,59560,SECLIN,831997,oui,,Bâtiment,37,50°33'4''N,3°1'17''E,25,2611433,310.0,34
0592750244,18/07/2025,18/08/2025,,17 rue des Martyrs,parc de la Ramie,Cheminée,59560,SECLIN,831997,oui,,Bâtiment,37,50°33'4''N,3°1'17''E,25,2611431,170.0,34
0592750244,18/07/2025,18/08/2025,,17 rue des Martyrs,parc de la Ramie,Cheminée,59560,SECLIN,831997,oui,,Bâtiment,37,50°33'4''N,3°1'17''E,25,138390,310.0,34
0592750244,18/07/2025,18/08/2025,,17 rue des Martyrs,parc de la Ramie,Cheminée,59560,SECLIN,831997,oui,,Bâtiment,37,50°33'4''N,3°1'17''E,25,2611429,80.0,34
0592750242,01/08/2025,05/09/2025,,82 PL DE L'ESPLANADE,,,59107,BRAY-DUNES,531438,oui,,Immeuble,27,51°4'49.000''N,2°31'7.983''E,8,25641,160.0,"24,6"
0592750242,01/08/2025,05/09/2025,,82 PL DE L'ESPLANADE,,,59107,BRAY-DUNES,531438,oui,,Immeuble,27,51°4'49.000''N,2°31'7.983''E,8,4187311,240.0,"24,6"
0592750242,01/08/2025,05/09/2025,,82 PL DE L'ESPLANADE,,,59107,BRAY-DUNES,531438,oui,,Immeuble,27,51°4'49.000''N,2°31'7.983''E,8,25640,80.0,"24,6"
0592750237,23/09/2022,21/10/2022,,r Baggio,,,59350,LILLE,1900616,oui,,Immeuble,26,50°37'5''N,3°3'46''E,27,138361,60.0,"23,6"
0592750237,23/09/2022,21/10/2022,,r Baggio,,,59350,LILLE,1900616,oui,,Immeuble,26,50°37'5''N,3°3'46''E,27,138363,300.0,"23,6"
0592750237,23/09/2022,21/10/2022,,r Baggio,,,59350,LILLE,1900616,oui,,Immeuble,26,50°37'5''N,3°3'46''E,27,138362,180.0,"23,6"
0592750237,23/09/2022,21/10/2022,,r Baggio,,,59350,LILLE,1900616,oui,,Immeuble,26,50°37'5''N,3°3'46''E,27,6539519,300.0,"24,3"
0592750237,23/09/2022,21/10/2022,,r Baggio,,,59350,LILLE,1900616,oui,,Immeuble,26,50°37'5''N,3°3'46''E,27,6539515,60.0,"24,3"
0592750237,23/09/2022,21/10/2022,,r Baggio,,,59350,LILLE,1900616,oui,,Immeuble,26,50°37'5''N,3°3'46''E,27,6539517,180.0,"24,3"
0592750236,12/02/2025,14/03/2025,,av paul vansteekiste,Résidence Bellevue,,59508,RONCQ,806089,oui,,Immeuble,25,50°45'24''N,3°7'7''E,36,138358,160.0,22
0592750236,12/02/2025,14/03/2025,,av paul vansteekiste,Résidence Bellevue,,59508,RONCQ,806089,oui,,Immeuble,25,50°45'24''N,3°7'7''E,36,138359,260.0,22
0592750236,12/02/2025,14/03/2025,,av paul vansteekiste,Résidence Bellevue,,59508,RONCQ,806089,oui,,Immeuble,25,50°45'24''N,3°7'7''E,36,138357,0.0,22
0592750236,12/02/2025,14/03/2025,,av paul vansteekiste,Résidence Bellevue,,59508,RONCQ,806089,oui,,Immeuble,25,50°45'24''N,3°7'7''E,36,6835796,260.0,24
0592750236,12/02/2025,14/03/2025,,av paul vansteekiste,Résidence Bellevue,,59508,RONCQ,806089,oui,,Immeuble,25,50°45'24''N,3°7'7''E,36,6835794,160.0,24
0592750236,12/02/2025,14/03/2025,,av paul vansteekiste,Résidence Bellevue,,59508,RONCQ,806089,oui,,Immeuble,25,50°45'24''N,3°7'7''E,36,6835792,0.0,24
0592750233,05/11/2022,02/12/2022,St Martin,2 R ST MARTIN,,,59350,LILLE,1281463,oui,,Immeuble,43,50°38'16.890''N,3°3'13.422''E,21,2939769,40.0,"32,5"
0592750233,05/11/2022,02/12/2022,St Martin,2 R ST MARTIN,,,59350,LILLE,1281463,oui,,Immeuble,43,50°38'16.890''N,3°3'13.422''E,21,138348,150.0,"32,5"
0592750233,05/11/2022,02/12/2022,St Martin,2 R ST MARTIN,,,59350,LILLE,1281463,oui,,Immeuble,43,50°38'16.890''N,3°3'13.422''E,21,138350,230.0,"32,5"
0592750229,17/11/2022,16/12/2022,,9/11 R CHATS BOSSUS,,,59350,LILLE,972667,non,,Immeuble,20,50°38'22.746''N,3°3'50.272''E,20,138338,,"14,5"
0592750227,01/11/2024,06/12/2024,,"70,72 R D'ARCOLE",,,59350,LILLE,445795,oui,,Immeuble,49,50°37'22''N,3°2'47''E,24,2939763,330.0,"47,5"
0592750227,01/11/2024,06/12/2024,,"70,72 R D'ARCOLE",,,59350,LILLE,445795,oui,,Immeuble,49,50°37'22''N,3°2'47''E,24,173680,110.0,"47,5"
0592750227,01/11/2024,06/12/2024,,"70,72 R D'ARCOLE",,,59350,LILLE,445795,oui,,Immeuble,49,50°37'22''N,3°2'47''E,24,2939761,220.0,"47,5"
0592750227,01/11/2024,06/12/2024,,"70,72 R D'ARCOLE",,,59350,LILLE,445795,oui,,Immeuble,49,50°37'22''N,3°2'47''E,24,6570779,110.0,48
0592750227,01/11/2024,06/12/2024,,"70,72 R D'ARCOLE",,,59350,LILLE,445795,oui,,Immeuble,49,50°37'22''N,3°2'47''E,24,6570781,220.0,48
0592750227,01/11/2024,06/12/2024,,"70,72 R D'ARCOLE",,,59350,LILLE,445795,oui,,Immeuble,49,50°37'22''N,3°2'47''E,24,6570783,330.0,48
0592750222,28/04/2025,02/06/2025,,"16, 18 R D'AGUESSEAU",,,59350,LILLE,641468,oui,,Immeuble,48,50°37'49''N,3°5'31''E,25,138325,90.0,"44,6"
0592750222,28/04/2025,02/06/2025,,"16, 18 R D'AGUESSEAU",,,59350,LILLE,641468,oui,,Immeuble,48,50°37'49''N,3°5'31''E,25,138327,170.0,"44,6"
0592750222,28/04/2025,02/06/2025,,"16, 18 R D'AGUESSEAU",,,59350,LILLE,641468,oui,,Immeuble,48,50°37'49''N,3°5'31''E,25,138324,0.0,"44,6"
0592750222,28/04/2025,02/06/2025,,"16, 18 R D'AGUESSEAU",,,59350,LILLE,641468,oui,,Immeuble,48,50°37'49''N,3°5'31''E,25,6770977,90.0,"45,2"
0592750222,28/04/2025,02/06/2025,,"16, 18 R D'AGUESSEAU",,,59350,LILLE,641468,oui,,Immeuble,48,50°37'49''N,3°5'31''E,25,6770979,170.0,"45,2"
0592750222,28/04/2025,02/06/2025,,"16, 18 R D'AGUESSEAU",,,59350,LILLE,641468,oui,,Immeuble,48,50°37'49''N,3°5'31''E,25,6770975,0.0,"45,2"
0592750220,12/07/2021,13/08/2021,,AV DE L'ANCIEN VILLAGE,ccal auchan,INTERSECTION N1 ET D131,59271,GRANDE-SYNTHE,552573,non,,Bâtiment,"9,4",51°0'21''N,2°16'42''E,3,138321,60.0,"5,2"
0592750220,12/07/2021,13/08/2021,,AV DE L'ANCIEN VILLAGE,ccal auchan,INTERSECTION N1 ET D131,59271,GRANDE-SYNTHE,552573,non,,Bâtiment,"9,4",51°0'21''N,2°16'42''E,3,138322,240.0,"5,2"
0592750219,05/11/2024,06/12/2024,,43-45 r de paris,imm robelet partenord,,59183,DUNKERQUE,465479,oui,,Immeuble,55,51°1'44.861''N,2°22'22.829''E,3,1135491,190.0,"43,9"
0592750219,05/11/2024,06/12/2024,,43-45 r de paris,imm robelet partenord,,59183,DUNKERQUE,465479,oui,,Immeuble,55,51°1'44.861''N,2°22'22.829''E,3,1135495,280.0,"43,9"
0592750219,05/11/2024,06/12/2024,,43-45 r de paris,imm robelet partenord,,59183,DUNKERQUE,465479,oui,,Immeuble,55,51°1'44.861''N,2°22'22.829''E,3,8684604,190.0,"43,9"
0592750219,05/11/2024,06/12/2024,,43-45 r de paris,imm robelet partenord,,59183,DUNKERQUE,465479,oui,,Immeuble,55,51°1'44.861''N,2°22'22.829''E,3,1135493,100.0,"43,9"
0592750219,05/11/2024,06/12/2024,,43-45 r de paris,imm robelet partenord,,59183,DUNKERQUE,465479,oui,,Immeuble,55,51°1'44.861''N,2°22'22.829''E,3,8684602,100.0,"43,9"
0592750219,05/11/2024,06/12/2024,,43-45 r de paris,imm robelet partenord,,59183,DUNKERQUE,465479,oui,,Immeuble,55,51°1'44.861''N,2°22'22.829''E,3,8684606,280.0,"43,9"
0592750213,01/10/2021,29/10/2021,,14 R PAUL RAMADIER,,,59350,LILLE,640722,non,,Immeuble,35,50°38'54''N,3°3'50''E,20,138291,170.0,33
0592750213,01/10/2021,29/10/2021,,14 R PAUL RAMADIER,,,59350,LILLE,640722,non,,Immeuble,35,50°38'54''N,3°3'50''E,20,138293,350.0,33
0592750213,01/10/2021,29/10/2021,,14 R PAUL RAMADIER,,,59350,LILLE,640722,non,,Immeuble,35,50°38'54''N,3°3'50''E,20,6529446,240.0,"33,6"
0592750213,01/10/2021,29/10/2021,,14 R PAUL RAMADIER,,,59350,LILLE,640722,non,,Immeuble,35,50°38'54''N,3°3'50''E,20,138292,240.0,33
0592750213,01/10/2021,29/10/2021,,14 R PAUL RAMADIER,,,59350,LILLE,640722,non,,Immeuble,35,50°38'54''N,3°3'50''E,20,6529448,350.0,"33,6"
0592750213,01/10/2021,29/10/2021,,14 R PAUL RAMADIER,,,59350,LILLE,640722,non,,Immeuble,35,50°38'54''N,3°3'50''E,20,6529444,170.0,"33,6"
0592750207,08/04/2025,12/05/2025,,Rue de la Paix,,,59327,LALLAING,2925692,oui,,Immeuble,16,50°23'30''N,3°9'14''E,20,138252,180.0,"14,3"
0592750207,08/04/2025,12/05/2025,,Rue de la Paix,,,59327,LALLAING,2925692,oui,,Immeuble,16,50°23'30''N,3°9'14''E,20,8964895,290.0,"14,9"
0592750207,08/04/2025,12/05/2025,,Rue de la Paix,,,59327,LALLAING,2925692,oui,,Immeuble,16,50°23'30''N,3°9'14''E,20,138250,290.0,"14,3"
0592750207,08/04/2025,12/05/2025,,Rue de la Paix,,,59327,LALLAING,2925692,oui,,Immeuble,16,50°23'30''N,3°9'14''E,20,138253,90.0,"14,3"
0592750207,08/04/2025,12/05/2025,,Rue de la Paix,,,59327,LALLAING,2925692,oui,,Immeuble,16,50°23'30''N,3°9'14''E,20,8964893,180.0,"14,9"
0592750207,08/04/2025,12/05/2025,,Rue de la Paix,,,59327,LALLAING,2925692,oui,,Immeuble,16,50°23'30''N,3°9'14''E,20,8964891,90.0,"14,9"
0592750188,12/02/2025,14/03/2025,,15-17 r henri dunant,RES JOFFRE,,59352,LINSELLES,831984,non,,Immeuble,19,50°43'55''N,3°4'47''E,36,138198,190.0,"15,3"
0592750188,12/02/2025,14/03/2025,,15-17 r henri dunant,RES JOFFRE,,59352,LINSELLES,831984,non,,Immeuble,19,50°43'55''N,3°4'47''E,36,138195,65.0,"15,3"
0592750188,12/02/2025,14/03/2025,,15-17 r henri dunant,RES JOFFRE,,59352,LINSELLES,831984,non,,Immeuble,19,50°43'55''N,3°4'47''E,36,6554525,190.0,"15,2"
0592750188,12/02/2025,14/03/2025,,15-17 r henri dunant,RES JOFFRE,,59352,LINSELLES,831984,non,,Immeuble,19,50°43'55''N,3°4'47''E,36,138193,350.0,"15,3"
0592750188,12/02/2025,14/03/2025,,15-17 r henri dunant,RES JOFFRE,,59352,LINSELLES,831984,non,,Immeuble,19,50°43'55''N,3°4'47''E,36,6554523,350.0,"15,2"
0592750188,12/02/2025,14/03/2025,,15-17 r henri dunant,RES JOFFRE,,59352,LINSELLES,831984,non,,Immeuble,19,50°43'55''N,3°4'47''E,36,6554521,65.0,"15,2"
0592750187,23/01/2025,21/02/2025,,R des Glaïeuls,,,59279,HALLUIN,806205,oui,,Immeuble,37,50°46'47''N,3°6'53''E,17,138191,160.0,34
0592750187,23/01/2025,21/02/2025,,R des Glaïeuls,,,59279,HALLUIN,806205,oui,,Immeuble,37,50°46'47''N,3°6'53''E,17,138186,50.0,34
0592750187,23/01/2025,21/02/2025,,R des Glaïeuls,,,59279,HALLUIN,806205,oui,,Immeuble,37,50°46'47''N,3°6'53''E,17,138190,250.0,34
0592750180,17/10/2024,15/11/2024,,49 rue GABRIEL PERI - RESIDENCE MUGUET,,,59104,BOUSSOIS,1671824,oui,,Immeuble,"14,2",50°17'36''N,4°2'48''E,155,4218670,140.0,"14,2"
0592750180,17/10/2024,15/11/2024,,49 rue GABRIEL PERI - RESIDENCE MUGUET,,,59104,BOUSSOIS,1671824,oui,,Immeuble,"14,2",50°17'36''N,4°2'48''E,155,4218674,350.0,"14,2"
0592750180,17/10/2024,15/11/2024,,49 rue GABRIEL PERI - RESIDENCE MUGUET,,,59104,BOUSSOIS,1671824,oui,,Immeuble,"14,2",50°17'36''N,4°2'48''E,155,4218672,230.0,"14,2"
0592750171,27/02/2025,28/03/2025,,r st exupery,pl kennedy,imm flandre et artois,59152,COMINES,549255,oui,,Immeuble,27,50°45'32''N,3°0'37''E,17,138090,340.0,"25,3"
0592750171,27/02/2025,28/03/2025,,r st exupery,pl kennedy,imm flandre et artois,59152,COMINES,549255,oui,,Immeuble,27,50°45'32''N,3°0'37''E,17,138084,100.0,"25,3"
0592750171,27/02/2025,28/03/2025,,r st exupery,pl kennedy,imm flandre et artois,59152,COMINES,549255,oui,,Immeuble,27,50°45'32''N,3°0'37''E,17,138087,210.0,"25,3"
0592750171,27/02/2025,28/03/2025,,r st exupery,pl kennedy,imm flandre et artois,59152,COMINES,549255,oui,,Immeuble,27,50°45'32''N,3°0'37''E,17,6738653,340.0,"25,9"
0592750171,27/02/2025,28/03/2025,,r st exupery,pl kennedy,imm flandre et artois,59152,COMINES,549255,oui,,Immeuble,27,50°45'32''N,3°0'37''E,17,6738651,210.0,"25,9"
0592750171,27/02/2025,28/03/2025,,r st exupery,pl kennedy,imm flandre et artois,59152,COMINES,549255,oui,,Immeuble,27,50°45'32''N,3°0'37''E,17,6738649,100.0,"25,9"
0592750169,28/02/2025,28/03/2025,,59 R GABRIEL PERI,RES TOURAINE,,59656,WERVICQ-SUD,831982,non,,Immeuble,34,50°46'24''N,3°3'3''E,14,354648,180.0,"31,1"
0592750169,28/02/2025,28/03/2025,,59 R GABRIEL PERI,RES TOURAINE,,59656,WERVICQ-SUD,831982,non,,Immeuble,34,50°46'24''N,3°3'3''E,14,138069,250.0,"31,1"
0592750169,28/02/2025,28/03/2025,,59 R GABRIEL PERI,RES TOURAINE,,59656,WERVICQ-SUD,831982,non,,Immeuble,34,50°46'24''N,3°3'3''E,14,138071,100.0,"31,1"
0592750169,28/02/2025,28/03/2025,,59 R GABRIEL PERI,RES TOURAINE,,59656,WERVICQ-SUD,831982,non,,Immeuble,34,50°46'24''N,3°3'3''E,14,6530079,100.0,"31,7"
0592750169,28/02/2025,28/03/2025,,59 R GABRIEL PERI,RES TOURAINE,,59656,WERVICQ-SUD,831982,non,,Immeuble,34,50°46'24''N,3°3'3''E,14,6530081,250.0,"31,7"
0592750169,28/02/2025,28/03/2025,,59 R GABRIEL PERI,RES TOURAINE,,59656,WERVICQ-SUD,831982,non,,Immeuble,34,50°46'24''N,3°3'3''E,14,6530077,180.0,"31,7"
0592750168,18/11/2022,23/12/2022,,88 avenue Kennedy,,,59599,TOURCOING,1379436,oui,,Immeuble,"34,5",50°43'53''N,3°8'43''E,32,227884,60.0,"33,9"
0592750168,18/11/2022,23/12/2022,,88 avenue Kennedy,,,59599,TOURCOING,1379436,oui,,Immeuble,"34,5",50°43'53''N,3°8'43''E,32,6548298,180.0,34
0592750168,18/11/2022,23/12/2022,,88 avenue Kennedy,,,59599,TOURCOING,1379436,oui,,Immeuble,"34,5",50°43'53''N,3°8'43''E,32,227886,180.0,"33,4"
0592750168,18/11/2022,23/12/2022,,88 avenue Kennedy,,,59599,TOURCOING,1379436,oui,,Immeuble,"34,5",50°43'53''N,3°8'43''E,32,227888,300.0,"33,4"
0592750168,18/11/2022,23/12/2022,,88 avenue Kennedy,,,59599,TOURCOING,1379436,oui,,Immeuble,"34,5",50°43'53''N,3°8'43''E,32,6548296,300.0,34
0592750168,18/11/2022,23/12/2022,,88 avenue Kennedy,,,59599,TOURCOING,1379436,oui,,Immeuble,"34,5",50°43'53''N,3°8'43''E,32,6548294,60.0,"34,5"
0592750167,29/12/2023,02/02/2024,,r de la louvière,Polyclinique,,59350,LILLE,628497,oui,,Immeuble,40,50°38'47''N,3°5'3''E,38,138064,270.0,"35,1"
0592750167,29/12/2023,02/02/2024,,r de la louvière,Polyclinique,,59350,LILLE,628497,oui,,Immeuble,40,50°38'47''N,3°5'3''E,38,138066,40.0,"35,1"
0592750167,29/12/2023,02/02/2024,,r de la louvière,Polyclinique,,59350,LILLE,628497,oui,,Immeuble,40,50°38'47''N,3°5'3''E,38,138063,170.0,"35,1"
0592750167,29/12/2023,02/02/2024,,r de la louvière,Polyclinique,,59350,LILLE,628497,oui,,Immeuble,40,50°38'47''N,3°5'3''E,38,7378051,40.0,"35,5"
0592750167,29/12/2023,02/02/2024,,r de la louvière,Polyclinique,,59350,LILLE,628497,oui,,Immeuble,40,50°38'47''N,3°5'3''E,38,7378053,170.0,"35,5"
0592750167,29/12/2023,02/02/2024,,r de la louvière,Polyclinique,,59350,LILLE,628497,oui,,Immeuble,40,50°38'47''N,3°5'3''E,38,7378055,270.0,"35,5"
0592750158,14/06/2023,18/07/2023,,1BIS RUE PIERRE MARIE CURIE,TOUR DES TOURTERELLES,,59648,WATTIGNIES,1508825,oui,,Immeuble,33,50°35'15''N,3°2'42''E,37,769295,60.0,"32,1"
0592750158,14/06/2023,18/07/2023,,1BIS RUE PIERRE MARIE CURIE,TOUR DES TOURTERELLES,,59648,WATTIGNIES,1508825,oui,,Immeuble,33,50°35'15''N,3°2'42''E,37,769297,170.0,"32,1"
0592750158,14/06/2023,18/07/2023,,1BIS RUE PIERRE MARIE CURIE,TOUR DES TOURTERELLES,,59648,WATTIGNIES,1508825,oui,,Immeuble,33,50°35'15''N,3°2'42''E,37,769299,270.0,"32,1"
0592750158,14/06/2023,18/07/2023,,1BIS RUE PIERRE MARIE CURIE,TOUR DES TOURTERELLES,,59648,WATTIGNIES,1508825,oui,,Immeuble,33,50°35'15''N,3°2'42''E,37,6527584,60.0,"32,7"
0592750158,14/06/2023,18/07/2023,,1BIS RUE PIERRE MARIE CURIE,TOUR DES TOURTERELLES,,59648,WATTIGNIES,1508825,oui,,Immeuble,33,50°35'15''N,3°2'42''E,37,6527588,270.0,"32,7"
0592750158,14/06/2023,18/07/2023,,1BIS RUE PIERRE MARIE CURIE,TOUR DES TOURTERELLES,,59648,WATTIGNIES,1508825,oui,,Immeuble,33,50°35'15''N,3°2'42''E,37,6527586,170.0,"32,7"
0592750148,06/11/2024,06/12/2024,,1 Boulevard des Scilteurs,cse Sapeurs Pompiers,,59273,GRAVELINES,453905,oui,,Bâtiment,35,50°59'56''N,2°7'27''E,5,1170670,300.0,"27,1"
0592750148,06/11/2024,06/12/2024,,1 Boulevard des Scilteurs,cse Sapeurs Pompiers,,59273,GRAVELINES,453905,oui,,Bâtiment,35,50°59'56''N,2°7'27''E,5,1170666,45.0,"27,1"
0592750148,06/11/2024,06/12/2024,,1 Boulevard des Scilteurs,cse Sapeurs Pompiers,,59273,GRAVELINES,453905,oui,,Bâtiment,35,50°59'56''N,2°7'27''E,5,1170668,160.0,"27,1"
0592750145,12/09/2025,10/10/2025,,ALL DES LILAS,BAT 2,,59014,ANZIN,453744,non,,Immeuble,31,50°22'29''N,3°29'47''E,46,138004,50.0,"25,5"
0592750145,12/09/2025,10/10/2025,,ALL DES LILAS,BAT 2,,59014,ANZIN,453744,non,,Immeuble,31,50°22'29''N,3°29'47''E,46,138007,180.0,"25,5"
0592750145,12/09/2025,10/10/2025,,ALL DES LILAS,BAT 2,,59014,ANZIN,453744,non,,Immeuble,31,50°22'29''N,3°29'47''E,46,138000,300.0,"25,5"
0592750145,12/09/2025,10/10/2025,,ALL DES LILAS,BAT 2,,59014,ANZIN,453744,non,,Immeuble,31,50°22'29''N,3°29'47''E,46,6798125,50.0,26
0592750145,12/09/2025,10/10/2025,,ALL DES LILAS,BAT 2,,59014,ANZIN,453744,non,,Immeuble,31,50°22'29''N,3°29'47''E,46,6798129,300.0,26
0592750145,12/09/2025,10/10/2025,,ALL DES LILAS,BAT 2,,59014,ANZIN,453744,non,,Immeuble,31,50°22'29''N,3°29'47''E,46,6798127,180.0,26
0592750144,28/04/2023,26/05/2023,Tour Emery,1B  R JACOBSEN,RES ROOSEVELT,,59183,DUNKERQUE,469697,oui,,Immeuble,65,51°2'15.501''N,2°23'17.724''E,3,4174826,95.0,"45,1"
0592750144,28/04/2023,26/05/2023,Tour Emery,1B  R JACOBSEN,RES ROOSEVELT,,59183,DUNKERQUE,469697,oui,,Immeuble,65,51°2'15.501''N,2°23'17.724''E,3,4174828,225.0,"45,1"
0592750144,28/04/2023,26/05/2023,Tour Emery,1B  R JACOBSEN,RES ROOSEVELT,,59183,DUNKERQUE,469697,oui,,Immeuble,65,51°2'15.501''N,2°23'17.724''E,3,4174830,310.0,"45,1"
0592750140,23/04/2025,23/05/2025,,r du vertuquet,,,59426,NEUVILLE-EN-FERRAIN,805370,oui,,Bâtiment,"26,8",50°45'43''N,3°9'47''E,37,242311,315.0,25
0592750140,23/04/2025,23/05/2025,,r du vertuquet,,,59426,NEUVILLE-EN-FERRAIN,805370,oui,,Bâtiment,"26,8",50°45'43''N,3°9'47''E,37,242309,130.0,25
0592750140,23/04/2025,23/05/2025,,r du vertuquet,,,59426,NEUVILLE-EN-FERRAIN,805370,oui,,Bâtiment,"26,8",50°45'43''N,3°9'47''E,37,242310,220.0,25
0592750140,23/04/2025,23/05/2025,,r du vertuquet,,,59426,NEUVILLE-EN-FERRAIN,805370,oui,,Bâtiment,"26,8",50°45'43''N,3°9'47''E,37,6735862,220.0,25
0592750140,23/04/2025,23/05/2025,,r du vertuquet,,,59426,NEUVILLE-EN-FERRAIN,805370,oui,,Bâtiment,"26,8",50°45'43''N,3°9'47''E,37,6735860,130.0,25
0592750140,23/04/2025,23/05/2025,,r du vertuquet,,,59426,NEUVILLE-EN-FERRAIN,805370,oui,,Bâtiment,"26,8",50°45'43''N,3°9'47''E,37,6735864,315.0,25
0592750137,05/04/2024,13/05/2024,,41 AV DU MARECHAL FOCH,,,59295,HAZEBROUCK,596829,oui,,Immeuble,33,50°43'59''N,2°31'51''E,32,526280,230.0,27
0592750137,05/04/2024,13/05/2024,,41 AV DU MARECHAL FOCH,,,59295,HAZEBROUCK,596829,oui,,Immeuble,33,50°43'59''N,2°31'51''E,32,25608,90.0,27
0592750137,05/04/2024,13/05/2024,,41 AV DU MARECHAL FOCH,,,59295,HAZEBROUCK,596829,oui,,Immeuble,33,50°43'59''N,2°31'51''E,32,7854070,230.0,"28,1"
0592750137,05/04/2024,13/05/2024,,41 AV DU MARECHAL FOCH,,,59295,HAZEBROUCK,596829,oui,,Immeuble,33,50°43'59''N,2°31'51''E,32,526282,320.0,27
0592750137,05/04/2024,13/05/2024,,41 AV DU MARECHAL FOCH,,,59295,HAZEBROUCK,596829,oui,,Immeuble,33,50°43'59''N,2°31'51''E,32,7854068,90.0,"28,1"
0592750137,05/04/2024,13/05/2024,,41 AV DU MARECHAL FOCH,,,59295,HAZEBROUCK,596829,oui,,Immeuble,33,50°43'59''N,2°31'51''E,32,7854072,320.0,"28,1"
0592750132,30/08/2022,30/09/2022,,310 RUE DES FUSILLES,,,59009,VILLENEUVE-D'ASCQ,1435742,oui,,Bâtiment,"31,8",50°36'31''N,3°9'57''E,39,137965,70.0,29
0592750132,30/08/2022,30/09/2022,,310 RUE DES FUSILLES,,,59009,VILLENEUVE-D'ASCQ,1435742,oui,,Bâtiment,"31,8",50°36'31''N,3°9'57''E,39,137958,330.0,29
0592750132,30/08/2022,30/09/2022,,310 RUE DES FUSILLES,,,59009,VILLENEUVE-D'ASCQ,1435742,oui,,Bâtiment,"31,8",50°36'31''N,3°9'57''E,39,137967,180.0,29
0592750132,30/08/2022,30/09/2022,,310 RUE DES FUSILLES,,,59009,VILLENEUVE-D'ASCQ,1435742,oui,,Bâtiment,"31,8",50°36'31''N,3°9'57''E,39,6666855,70.0,"29,6"
0592750132,30/08/2022,30/09/2022,,310 RUE DES FUSILLES,,,59009,VILLENEUVE-D'ASCQ,1435742,oui,,Bâtiment,"31,8",50°36'31''N,3°9'57''E,39,6666857,180.0,"29,6"
0592750132,30/08/2022,30/09/2022,,310 RUE DES FUSILLES,,,59009,VILLENEUVE-D'ASCQ,1435742,oui,,Bâtiment,"31,8",50°36'31''N,3°9'57''E,39,6666859,330.0,"29,6"
0592750120,17/11/2023,15/12/2023,,13 BD PAUL BEZIN ,RES CHARLES QUINT,,59122,CAMBRAI,81132,oui,,Immeuble,41,50°10'22''N,3°14'26''E,64,5524258,30.0,"34,6"
0592750120,17/11/2023,15/12/2023,,13 BD PAUL BEZIN ,RES CHARLES QUINT,,59122,CAMBRAI,81132,oui,,Immeuble,41,50°10'22''N,3°14'26''E,64,5524260,140.0,"34,6"
0592750120,17/11/2023,15/12/2023,,13 BD PAUL BEZIN ,RES CHARLES QUINT,,59122,CAMBRAI,81132,oui,,Immeuble,41,50°10'22''N,3°14'26''E,64,5524262,290.0,"34,6"
0592750120,17/11/2023,15/12/2023,,13 BD PAUL BEZIN ,RES CHARLES QUINT,,59122,CAMBRAI,81132,oui,,Immeuble,41,50°10'22''N,3°14'26''E,64,7464854,140.0,"34,3"
0592750120,17/11/2023,15/12/2023,,13 BD PAUL BEZIN ,RES CHARLES QUINT,,59122,CAMBRAI,81132,oui,,Immeuble,41,50°10'22''N,3°14'26''E,64,7464856,290.0,"34,3"
0592750120,17/11/2023,15/12/2023,,13 BD PAUL BEZIN ,RES CHARLES QUINT,,59122,CAMBRAI,81132,oui,,Immeuble,41,50°10'22''N,3°14'26''E,64,7464852,30.0,"34,3"
0592750106,22/02/2023,24/03/2023,,"155, bd  clemenceau",S.A. DAMART SERVIPOSTE,,59299,HEM,437040,oui,,Bâtiment,"23,6",50°39'42.598''N,3°10'48.591''E,50,137918,245.0,"17,7"
0592750106,22/02/2023,24/03/2023,,"155, bd  clemenceau",S.A. DAMART SERVIPOSTE,,59299,HEM,437040,oui,,Bâtiment,"23,6",50°39'42.598''N,3°10'48.591''E,50,137920,155.0,"19,3"
0592750106,22/02/2023,24/03/2023,,"155, bd  clemenceau",S.A. DAMART SERVIPOSTE,,59299,HEM,437040,oui,,Bâtiment,"23,6",50°39'42.598''N,3°10'48.591''E,50,7357570,155.0,"19,9"
0592750106,22/02/2023,24/03/2023,,"155, bd  clemenceau",S.A. DAMART SERVIPOSTE,,59299,HEM,437040,oui,,Bâtiment,"23,6",50°39'42.598''N,3°10'48.591''E,50,137919,355.0,"19,3"
0592750106,22/02/2023,24/03/2023,,"155, bd  clemenceau",S.A. DAMART SERVIPOSTE,,59299,HEM,437040,oui,,Bâtiment,"23,6",50°39'42.598''N,3°10'48.591''E,50,6872316,245.0,"18,3"
0592750106,22/02/2023,24/03/2023,,"155, bd  clemenceau",S.A. DAMART SERVIPOSTE,,59299,HEM,437040,oui,,Bâtiment,"23,6",50°39'42.598''N,3°10'48.591''E,50,7357572,355.0,"19,9"
0592750099,12/09/2025,10/10/2025,LA FOSSE D'ARENBERG,RUE DE CROY,,,59632,WALLERS,455406,non,,Bâtiment,52,50°23'6''N,3°25'31''E,37,2303000,250.0,"32,8"
0592750099,12/09/2025,10/10/2025,LA FOSSE D'ARENBERG,RUE DE CROY,,,59632,WALLERS,455406,non,,Bâtiment,52,50°23'6''N,3°25'31''E,37,2302996,25.0,"29,2"
0592750099,12/09/2025,10/10/2025,LA FOSSE D'ARENBERG,RUE DE CROY,,,59632,WALLERS,455406,non,,Bâtiment,52,50°23'6''N,3°25'31''E,37,6781995,25.0,"32,9"
0592750099,12/09/2025,10/10/2025,LA FOSSE D'ARENBERG,RUE DE CROY,,,59632,WALLERS,455406,non,,Bâtiment,52,50°23'6''N,3°25'31''E,37,6781997,250.0,"29,2"
0592750099,12/09/2025,10/10/2025,LA FOSSE D'ARENBERG,RUE DE CROY,,,59632,WALLERS,455406,non,,Bâtiment,52,50°23'6''N,3°25'31''E,37,2302998,140.0,"35,8"
0592750099,12/09/2025,10/10/2025,LA FOSSE D'ARENBERG,RUE DE CROY,,,59632,WALLERS,455406,non,,Bâtiment,52,50°23'6''N,3°25'31''E,37,6781999,140.0,"35,9"
0592750089,07/06/2024,05/07/2024,,12 R DU LANGUEDOC,MAIL LAMARTINE,,59410,MONS-EN-BAROEUL,462725,oui,,Immeuble,50,50°38'42''N,3°6'48''E,40,227842,350.0,"39,2"
0592750089,07/06/2024,05/07/2024,,12 R DU LANGUEDOC,MAIL LAMARTINE,,59410,MONS-EN-BAROEUL,462725,oui,,Immeuble,50,50°38'42''N,3°6'48''E,40,227838,90.0,"39,2"
0592750089,07/06/2024,05/07/2024,,12 R DU LANGUEDOC,MAIL LAMARTINE,,59410,MONS-EN-BAROEUL,462725,oui,,Immeuble,50,50°38'42''N,3°6'48''E,40,227840,220.0,"39,2"
0592750089,07/06/2024,05/07/2024,,12 R DU LANGUEDOC,MAIL LAMARTINE,,59410,MONS-EN-BAROEUL,462725,oui,,Immeuble,50,50°38'42''N,3°6'48''E,40,6594124,90.0,"39,9"
0592750089,07/06/2024,05/07/2024,,12 R DU LANGUEDOC,MAIL LAMARTINE,,59410,MONS-EN-BAROEUL,462725,oui,,Immeuble,50,50°38'42''N,3°6'48''E,40,6594126,220.0,"39,8"
0592750089,07/06/2024,05/07/2024,,12 R DU LANGUEDOC,MAIL LAMARTINE,,59410,MONS-EN-BAROEUL,462725,oui,,Immeuble,50,50°38'42''N,3°6'48''E,40,6594128,350.0,"39,8"
0592750087,25/10/2022,25/11/2022,,25 R de l'Architecte Cordonnier,,,59350,LILLE,637623,oui,,Immeuble,43,50°38'6''N,3°2'37''E,20,227836,300.0,35
0592750087,25/10/2022,25/11/2022,,25 R de l'Architecte Cordonnier,,,59350,LILLE,637623,oui,,Immeuble,43,50°38'6''N,3°2'37''E,20,227832,75.0,35
0592750087,25/10/2022,25/11/2022,,25 R de l'Architecte Cordonnier,,,59350,LILLE,637623,oui,,Immeuble,43,50°38'6''N,3°2'37''E,20,6527641,75.0,"35,6"
0592750087,25/10/2022,25/11/2022,,25 R de l'Architecte Cordonnier,,,59350,LILLE,637623,oui,,Immeuble,43,50°38'6''N,3°2'37''E,20,227834,200.0,35
0592750087,25/10/2022,25/11/2022,,25 R de l'Architecte Cordonnier,,,59350,LILLE,637623,oui,,Immeuble,43,50°38'6''N,3°2'37''E,20,6527645,300.0,"35,6"
0592750087,25/10/2022,25/11/2022,,25 R de l'Architecte Cordonnier,,,59350,LILLE,637623,oui,,Immeuble,43,50°38'6''N,3°2'37''E,20,6527643,200.0,"35,6"
0592750079,15/02/2023,17/03/2023,Résidence Jules Ferry,17/21 Rue Léon Gambetta,Résidence Jules Ferry,,59163,CROIX,2409887,oui,,Immeuble,31,50°40'31''N,3°8'50''E,32,228923,300.0,"27,4"
0592750079,15/02/2023,17/03/2023,Résidence Jules Ferry,17/21 Rue Léon Gambetta,Résidence Jules Ferry,,59163,CROIX,2409887,oui,,Immeuble,31,50°40'31''N,3°8'50''E,32,228922,160.0,"27,4"
0592750079,15/02/2023,17/03/2023,Résidence Jules Ferry,17/21 Rue Léon Gambetta,Résidence Jules Ferry,,59163,CROIX,2409887,oui,,Immeuble,31,50°40'31''N,3°8'50''E,32,228921,90.0,"27,4"
0592750079,15/02/2023,17/03/2023,Résidence Jules Ferry,17/21 Rue Léon Gambetta,Résidence Jules Ferry,,59163,CROIX,2409887,oui,,Immeuble,31,50°40'31''N,3°8'50''E,32,6832863,300.0,28
0592750079,15/02/2023,17/03/2023,Résidence Jules Ferry,17/21 Rue Léon Gambetta,Résidence Jules Ferry,,59163,CROIX,2409887,oui,,Immeuble,31,50°40'31''N,3°8'50''E,32,6832859,90.0,28
0592750079,15/02/2023,17/03/2023,Résidence Jules Ferry,17/21 Rue Léon Gambetta,Résidence Jules Ferry,,59163,CROIX,2409887,oui,,Immeuble,31,50°40'31''N,3°8'50''E,32,6832861,160.0,28
0592750074,16/09/2025,17/10/2025,,4 avenue Matisse,,,59032,AULNOY-LEZ-VALENCIENNES,486194,non,,Immeuble,"30,3",50°20'4''N,3°31'16''E,50,137862,180.0,"27,4"
0592750074,16/09/2025,17/10/2025,,4 avenue Matisse,,,59032,AULNOY-LEZ-VALENCIENNES,486194,non,,Immeuble,"30,3",50°20'4''N,3°31'16''E,50,6832854,250.0,28
0592750074,16/09/2025,17/10/2025,,4 avenue Matisse,,,59032,AULNOY-LEZ-VALENCIENNES,486194,non,,Immeuble,"30,3",50°20'4''N,3°31'16''E,50,395720,250.0,"27,4"
0592750074,16/09/2025,17/10/2025,,4 avenue Matisse,,,59032,AULNOY-LEZ-VALENCIENNES,486194,non,,Immeuble,"30,3",50°20'4''N,3°31'16''E,50,395718,60.0,"27,4"
0592750074,16/09/2025,17/10/2025,,4 avenue Matisse,,,59032,AULNOY-LEZ-VALENCIENNES,486194,non,,Immeuble,"30,3",50°20'4''N,3°31'16''E,50,6832852,180.0,28
0592750074,16/09/2025,17/10/2025,,4 avenue Matisse,,,59032,AULNOY-LEZ-VALENCIENNES,486194,non,,Immeuble,"30,3",50°20'4''N,3°31'16''E,50,6832850,60.0,28
0592750062,30/06/2025,04/08/2025,,6 QUAI DE MARSEILLE,imm sriem,,59512,ROUBAIX,767301,oui,,Immeuble,"56,3",50°42'22.080''N,3°10'54.081''E,30,173632,245.0,"46,3"
0592750062,30/06/2025,04/08/2025,,6 QUAI DE MARSEILLE,imm sriem,,59512,ROUBAIX,767301,oui,,Immeuble,"56,3",50°42'22.080''N,3°10'54.081''E,30,173635,155.0,"46,3"
0592750062,30/06/2025,04/08/2025,,6 QUAI DE MARSEILLE,imm sriem,,59512,ROUBAIX,767301,oui,,Immeuble,"56,3",50°42'22.080''N,3°10'54.081''E,30,173634,65.0,"46,3"
0592750054,15/08/2024,13/09/2024,LE HAUT VINAGE,37 Rue Leon Jouhaux,,,59646,WASQUEHAL,2898055,oui,,Immeuble,62,50°39'41''N,3°7'44''E,25,227806,180.0,"47,6"
0592750054,15/08/2024,13/09/2024,LE HAUT VINAGE,37 Rue Leon Jouhaux,,,59646,WASQUEHAL,2898055,oui,,Immeuble,62,50°39'41''N,3°7'44''E,25,227808,340.0,"47,6"
0592750054,15/08/2024,13/09/2024,LE HAUT VINAGE,37 Rue Leon Jouhaux,,,59646,WASQUEHAL,2898055,oui,,Immeuble,62,50°39'41''N,3°7'44''E,25,227804,90.0,"47,6"
0592750054,15/08/2024,13/09/2024,LE HAUT VINAGE,37 Rue Leon Jouhaux,,,59646,WASQUEHAL,2898055,oui,,Immeuble,62,50°39'41''N,3°7'44''E,25,6574456,90.0,"48,1"
0592750054,15/08/2024,13/09/2024,LE HAUT VINAGE,37 Rue Leon Jouhaux,,,59646,WASQUEHAL,2898055,oui,,Immeuble,62,50°39'41''N,3°7'44''E,25,6574460,340.0,"48,1"
0592750054,15/08/2024,13/09/2024,LE HAUT VINAGE,37 Rue Leon Jouhaux,,,59646,WASQUEHAL,2898055,oui,,Immeuble,62,50°39'41''N,3°7'44''E,25,6574458,180.0,"48,1"
0592750053,29/09/2022,28/10/2022,,48 -49 r des victoires,res ctre ville,,59009,VILLENEUVE-D'ASCQ,560206,oui,,Immeuble,42,50°37'24''N,3°7'47''E,31,227795,55.0,"36,7"
0592750053,29/09/2022,28/10/2022,,48 -49 r des victoires,res ctre ville,,59009,VILLENEUVE-D'ASCQ,560206,oui,,Immeuble,42,50°37'24''N,3°7'47''E,31,227797,275.0,"36,7"
0592750053,29/09/2022,28/10/2022,,48 -49 r des victoires,res ctre ville,,59009,VILLENEUVE-D'ASCQ,560206,oui,,Immeuble,42,50°37'24''N,3°7'47''E,31,227796,160.0,"36,7"
0592750053,29/09/2022,28/10/2022,,48 -49 r des victoires,res ctre ville,,59009,VILLENEUVE-D'ASCQ,560206,oui,,Immeuble,42,50°37'24''N,3°7'47''E,31,6569701,55.0,"36,2"
0592750053,29/09/2022,28/10/2022,,48 -49 r des victoires,res ctre ville,,59009,VILLENEUVE-D'ASCQ,560206,oui,,Immeuble,42,50°37'24''N,3°7'47''E,31,6569705,275.0,"36,2"
0592750053,29/09/2022,28/10/2022,,48 -49 r des victoires,res ctre ville,,59009,VILLENEUVE-D'ASCQ,560206,oui,,Immeuble,42,50°37'24''N,3°7'47''E,31,6569703,160.0,"36,2"
0592750052,24/04/2024,27/05/2024,,1 rue Pierre de Geyter,Résidence Georges Bizet,,59350,LILLE,1440320,oui,,Immeuble,56,50°38'19''N,3°0'30''E,23,137810,180.0,"48,8"
0592750052,24/04/2024,27/05/2024,,1 rue Pierre de Geyter,Résidence Georges Bizet,,59350,LILLE,1440320,oui,,Immeuble,56,50°38'19''N,3°0'30''E,23,137818,300.0,"48,8"
0592750052,24/04/2024,27/05/2024,,1 rue Pierre de Geyter,Résidence Georges Bizet,,59350,LILLE,1440320,oui,,Immeuble,56,50°38'19''N,3°0'30''E,23,137816,70.0,"51,1"
0592750052,24/04/2024,27/05/2024,,1 rue Pierre de Geyter,Résidence Georges Bizet,,59350,LILLE,1440320,oui,,Immeuble,56,50°38'19''N,3°0'30''E,23,6548269,300.0,"50,7"
0592750052,24/04/2024,27/05/2024,,1 rue Pierre de Geyter,Résidence Georges Bizet,,59350,LILLE,1440320,oui,,Immeuble,56,50°38'19''N,3°0'30''E,23,6548267,180.0,"50,7"
0592750052,24/04/2024,27/05/2024,,1 rue Pierre de Geyter,Résidence Georges Bizet,,59350,LILLE,1440320,oui,,Immeuble,56,50°38'19''N,3°0'30''E,23,6548265,70.0,"52,3"
0592750051,15/09/2025,17/10/2025,,37 R WINSTON CHURCHILL,,,59512,ROUBAIX,554558,oui,,Immeuble,48,50°41'22''N,3°10'49''E,27,137800,270.0,"43,9"
0592750051,15/09/2025,17/10/2025,,37 R WINSTON CHURCHILL,,,59512,ROUBAIX,554558,oui,,Immeuble,48,50°41'22''N,3°10'49''E,27,137794,140.0,"43,9"
0592750051,15/09/2025,17/10/2025,,37 R WINSTON CHURCHILL,,,59512,ROUBAIX,554558,oui,,Immeuble,48,50°41'22''N,3°10'49''E,27,137793,10.0,"43,9"
0592750049,01/02/2023,03/03/2023,,10 Av. Victor Hugo,Résidence Les Peupliers,,59368,LA MADELEINE,804655,oui,,Immeuble,45,50°39'15''N,3°4'14''E,28,259329,180.0,"34,7"
0592750049,01/02/2023,03/03/2023,,10 Av. Victor Hugo,Résidence Les Peupliers,,59368,LA MADELEINE,804655,oui,,Immeuble,45,50°39'15''N,3°4'14''E,28,259330,290.0,"34,7"
0592750049,01/02/2023,03/03/2023,,10 Av. Victor Hugo,Résidence Les Peupliers,,59368,LA MADELEINE,804655,oui,,Immeuble,45,50°39'15''N,3°4'14''E,28,6567405,290.0,"34,7"
0592750049,01/02/2023,03/03/2023,,10 Av. Victor Hugo,Résidence Les Peupliers,,59368,LA MADELEINE,804655,oui,,Immeuble,45,50°39'15''N,3°4'14''E,28,259328,70.0,"34,7"
0592750049,01/02/2023,03/03/2023,,10 Av. Victor Hugo,Résidence Les Peupliers,,59368,LA MADELEINE,804655,oui,,Immeuble,45,50°39'15''N,3°4'14''E,28,6567403,180.0,"34,7"
0592750049,01/02/2023,03/03/2023,,10 Av. Victor Hugo,Résidence Les Peupliers,,59368,LA MADELEINE,804655,oui,,Immeuble,45,50°39'15''N,3°4'14''E,28,6567401,70.0,"34,7"
0592750046,15/11/2022,16/12/2022,,"1, rue Andre Chenier",,,59328,LAMBERSART,1499120,oui,,Immeuble,53,50°39'18.854''N,3°1'43.637''E,25,227794,310.0,"52,3"
0592750046,15/11/2022,16/12/2022,,"1, rue Andre Chenier",,,59328,LAMBERSART,1499120,oui,,Immeuble,53,50°39'18.854''N,3°1'43.637''E,25,227790,45.0,"46,3"
0592750046,15/11/2022,16/12/2022,,"1, rue Andre Chenier",,,59328,LAMBERSART,1499120,oui,,Immeuble,53,50°39'18.854''N,3°1'43.637''E,25,6527563,45.0,"46,9"
0592750046,15/11/2022,16/12/2022,,"1, rue Andre Chenier",,,59328,LAMBERSART,1499120,oui,,Immeuble,53,50°39'18.854''N,3°1'43.637''E,25,227792,180.0,"46,3"
0592750046,15/11/2022,16/12/2022,,"1, rue Andre Chenier",,,59328,LAMBERSART,1499120,oui,,Immeuble,53,50°39'18.854''N,3°1'43.637''E,25,6527565,180.0,"46,9"
0592750046,15/11/2022,16/12/2022,,"1, rue Andre Chenier",,,59328,LAMBERSART,1499120,oui,,Immeuble,53,50°39'18.854''N,3°1'43.637''E,25,6527567,310.0,53
0592750045,07/12/2023,05/01/2024,,54 Av. du Maréchal de Lattre de Tassigny,Résidence La Croix d'Azur,,59378,MARCQ-EN-BAROEUL,804675,oui,,Immeuble,34,50°40'21''N,3°5'28''E,18,137783,60.0,23
0592750045,07/12/2023,05/01/2024,,54 Av. du Maréchal de Lattre de Tassigny,Résidence La Croix d'Azur,,59378,MARCQ-EN-BAROEUL,804675,oui,,Immeuble,34,50°40'21''N,3°5'28''E,18,137780,150.0,23
0592750045,07/12/2023,05/01/2024,,54 Av. du Maréchal de Lattre de Tassigny,Résidence La Croix d'Azur,,59378,MARCQ-EN-BAROEUL,804675,oui,,Immeuble,34,50°40'21''N,3°5'28''E,18,137782,240.0,23
0592750045,07/12/2023,05/01/2024,,54 Av. du Maréchal de Lattre de Tassigny,Résidence La Croix d'Azur,,59378,MARCQ-EN-BAROEUL,804675,oui,,Immeuble,34,50°40'21''N,3°5'28''E,18,6768868,240.0,"23,7"
0592750045,07/12/2023,05/01/2024,,54 Av. du Maréchal de Lattre de Tassigny,Résidence La Croix d'Azur,,59378,MARCQ-EN-BAROEUL,804675,oui,,Immeuble,34,50°40'21''N,3°5'28''E,18,6768870,150.0,"23,7"
0592750045,07/12/2023,05/01/2024,,54 Av. du Maréchal de Lattre de Tassigny,Résidence La Croix d'Azur,,59378,MARCQ-EN-BAROEUL,804675,oui,,Immeuble,34,50°40'21''N,3°5'28''E,18,6768866,60.0,"23,7"
0592750041,28/04/2023,26/05/2023,,avenue de l'europe,residence le moulin,,59392,MAUBEUGE,1674188,oui,,Immeuble,43,50°16'46''N,3°57'52''E,149,4224565,90.0,"36,6"
0592750041,28/04/2023,26/05/2023,,avenue de l'europe,residence le moulin,,59392,MAUBEUGE,1674188,oui,,Immeuble,43,50°16'46''N,3°57'52''E,149,4224567,210.0,"36,5"
0592750041,28/04/2023,26/05/2023,,avenue de l'europe,residence le moulin,,59392,MAUBEUGE,1674188,oui,,Immeuble,43,50°16'46''N,3°57'52''E,149,4224569,295.0,"36,5"
0592750041,28/04/2023,26/05/2023,,avenue de l'europe,residence le moulin,,59392,MAUBEUGE,1674188,oui,,Immeuble,43,50°16'46''N,3°57'52''E,149,7844288,295.0,"37,2"
0592750041,28/04/2023,26/05/2023,,avenue de l'europe,residence le moulin,,59392,MAUBEUGE,1674188,oui,,Immeuble,43,50°16'46''N,3°57'52''E,149,7844284,90.0,"37,2"
0592750041,28/04/2023,26/05/2023,,avenue de l'europe,residence le moulin,,59392,MAUBEUGE,1674188,oui,,Immeuble,43,50°16'46''N,3°57'52''E,149,7844286,210.0,"37,2"
0592750039,22/11/2022,23/12/2022,,125 rue de l'Yser,,,59599,TOURCOING,1970524,non,,Immeuble,27,50°44'36''N,3°10'15''E,45,137772,90.0,"25,5"
0592750039,22/11/2022,23/12/2022,,125 rue de l'Yser,,,59599,TOURCOING,1970524,non,,Immeuble,27,50°44'36''N,3°10'15''E,45,137773,195.0,"25,5"
0592750039,22/11/2022,23/12/2022,,125 rue de l'Yser,,,59599,TOURCOING,1970524,non,,Immeuble,27,50°44'36''N,3°10'15''E,45,137774,300.0,"25,5"
0592750039,22/11/2022,23/12/2022,,125 rue de l'Yser,,,59599,TOURCOING,1970524,non,,Immeuble,27,50°44'36''N,3°10'15''E,45,6735899,300.0,"25,9"
0592750039,22/11/2022,23/12/2022,,125 rue de l'Yser,,,59599,TOURCOING,1970524,non,,Immeuble,27,50°44'36''N,3°10'15''E,45,6735897,195.0,"25,9"
0592750039,22/11/2022,23/12/2022,,125 rue de l'Yser,,,59599,TOURCOING,1970524,non,,Immeuble,27,50°44'36''N,3°10'15''E,45,6735895,90.0,"25,9"
0592750037,22/02/2024,22/03/2024,,r des francs,IMM LES FRANCS,,59599,TOURCOING,558910,non,,Immeuble,55,50°43'15''N,3°8'20''E,45,137770,180.0,"43,8"
0592750037,22/02/2024,22/03/2024,,r des francs,IMM LES FRANCS,,59599,TOURCOING,558910,non,,Immeuble,55,50°43'15''N,3°8'20''E,45,137771,60.0,"43,8"
0592750037,22/02/2024,22/03/2024,,r des francs,IMM LES FRANCS,,59599,TOURCOING,558910,non,,Immeuble,55,50°43'15''N,3°8'20''E,45,137765,300.0,"43,8"
0592750037,22/02/2024,22/03/2024,,r des francs,IMM LES FRANCS,,59599,TOURCOING,558910,non,,Immeuble,55,50°43'15''N,3°8'20''E,45,6569691,60.0,"44,5"
0592750037,22/02/2024,22/03/2024,,r des francs,IMM LES FRANCS,,59599,TOURCOING,558910,non,,Immeuble,55,50°43'15''N,3°8'20''E,45,6569695,300.0,"44,5"
0592750037,22/02/2024,22/03/2024,,r des francs,IMM LES FRANCS,,59599,TOURCOING,558910,non,,Immeuble,55,50°43'15''N,3°8'20''E,45,6569693,180.0,"44,5"
0592750036,20/10/2022,18/11/2022,,R DE LISBONNE,RES LES ALPES,,59286,HAUBOURDIN,831965,non,,Immeuble,52,50°36'55''N,2°58'30''E,20,1867391,300.0,"46,9"
0592750036,20/10/2022,18/11/2022,,R DE LISBONNE,RES LES ALPES,,59286,HAUBOURDIN,831965,non,,Immeuble,52,50°36'55''N,2°58'30''E,20,1867387,60.0,"46,9"
0592750036,20/10/2022,18/11/2022,,R DE LISBONNE,RES LES ALPES,,59286,HAUBOURDIN,831965,non,,Immeuble,52,50°36'55''N,2°58'30''E,20,1867389,180.0,"46,9"
0592750036,20/10/2022,18/11/2022,,R DE LISBONNE,RES LES ALPES,,59286,HAUBOURDIN,831965,non,,Immeuble,52,50°36'55''N,2°58'30''E,20,6566599,60.0,46
0592750036,20/10/2022,18/11/2022,,R DE LISBONNE,RES LES ALPES,,59286,HAUBOURDIN,831965,non,,Immeuble,52,50°36'55''N,2°58'30''E,20,6566603,300.0,"47,6"
0592750036,20/10/2022,18/11/2022,,R DE LISBONNE,RES LES ALPES,,59286,HAUBOURDIN,831965,non,,Immeuble,52,50°36'55''N,2°58'30''E,20,6566601,180.0,"47,6"
0592750035,26/11/2022,03/01/2023,,R Lalau,Res St Roch,,59386,MARQUETTE-LEZ-LILLE,737866,oui,,Immeuble,35,50°40'24''N,3°4'10''E,19,173585,310.0,"27,2"
0592750035,26/11/2022,03/01/2023,,R Lalau,Res St Roch,,59386,MARQUETTE-LEZ-LILLE,737866,oui,,Immeuble,35,50°40'24''N,3°4'10''E,19,173584,180.0,"27,2"
0592750035,26/11/2022,03/01/2023,,R Lalau,Res St Roch,,59386,MARQUETTE-LEZ-LILLE,737866,oui,,Immeuble,35,50°40'24''N,3°4'10''E,19,173586,60.0,"29,4"
0592750035,26/11/2022,03/01/2023,,R Lalau,Res St Roch,,59386,MARQUETTE-LEZ-LILLE,737866,oui,,Immeuble,35,50°40'24''N,3°4'10''E,19,6527604,60.0,"27,6"
0592750035,26/11/2022,03/01/2023,,R Lalau,Res St Roch,,59386,MARQUETTE-LEZ-LILLE,737866,oui,,Immeuble,35,50°40'24''N,3°4'10''E,19,6527606,180.0,"28,4"
0592750035,26/11/2022,03/01/2023,,R Lalau,Res St Roch,,59386,MARQUETTE-LEZ-LILLE,737866,oui,,Immeuble,35,50°40'24''N,3°4'10''E,19,6527608,310.0,"27,6"
0592750034,29/09/2022,28/10/2022,,3 RUE DES FRERES LUMIERE,,,59360,LOOS,1414979,oui,,Immeuble,33,50°36'34''N,3°0'33''E,24,227768,60.0,"27,8"
0592750034,29/09/2022,28/10/2022,,3 RUE DES FRERES LUMIERE,,,59360,LOOS,1414979,oui,,Immeuble,33,50°36'34''N,3°0'33''E,24,6527596,150.0,"28,1"
0592750034,29/09/2022,28/10/2022,,3 RUE DES FRERES LUMIERE,,,59360,LOOS,1414979,oui,,Immeuble,33,50°36'34''N,3°0'33''E,24,227770,150.0,"27,8"
0592750034,29/09/2022,28/10/2022,,3 RUE DES FRERES LUMIERE,,,59360,LOOS,1414979,oui,,Immeuble,33,50°36'34''N,3°0'33''E,24,227772,280.0,"27,8"
0592750034,29/09/2022,28/10/2022,,3 RUE DES FRERES LUMIERE,,,59360,LOOS,1414979,oui,,Immeuble,33,50°36'34''N,3°0'33''E,24,6527598,280.0,"28,1"
0592750034,29/09/2022,28/10/2022,,3 RUE DES FRERES LUMIERE,,,59360,LOOS,1414979,oui,,Immeuble,33,50°36'34''N,3°0'33''E,24,6527594,60.0,"28,1"
0592750033,18/06/2025,18/07/2025,,9/11 R GERARD DE PERFONTAINE,,,59606,VALENCIENNES,501429,oui,,Immeuble,46,50°22'8''N,3°30'46''E,35,2898065,155.0,"36,3"
0592750033,18/06/2025,18/07/2025,,9/11 R GERARD DE PERFONTAINE,,,59606,VALENCIENNES,501429,oui,,Immeuble,46,50°22'8''N,3°30'46''E,35,2898063,45.0,"36,3"
0592750033,18/06/2025,18/07/2025,,9/11 R GERARD DE PERFONTAINE,,,59606,VALENCIENNES,501429,oui,,Immeuble,46,50°22'8''N,3°30'46''E,35,2898067,300.0,"36,3"
0592750029,29/12/2023,02/02/2024,,14 Bd du Président Hoover,Tour Crédit du Nord,Immeuble Lille Métropole Habitat,59350,LILLE,637641,oui,,Immeuble,44,50°37'44.318''N,3°4'39.012''E,26,227761,300.0,"41,4"
0592750029,29/12/2023,02/02/2024,,14 Bd du Président Hoover,Tour Crédit du Nord,Immeuble Lille Métropole Habitat,59350,LILLE,637641,oui,,Immeuble,44,50°37'44.318''N,3°4'39.012''E,26,2939392,5.0,"41,4"
0592750029,29/12/2023,02/02/2024,,14 Bd du Président Hoover,Tour Crédit du Nord,Immeuble Lille Métropole Habitat,59350,LILLE,637641,oui,,Immeuble,44,50°37'44.318''N,3°4'39.012''E,26,227759,180.0,"41,4"
0592750029,29/12/2023,02/02/2024,,14 Bd du Président Hoover,Tour Crédit du Nord,Immeuble Lille Métropole Habitat,59350,LILLE,637641,oui,,Immeuble,44,50°37'44.318''N,3°4'39.012''E,26,227757,90.0,"41,4"
0592750028,30/07/2022,02/09/2022,,12/17/21 r salvador allende,,,59271,GRANDE-SYNTHE,514793,oui,,Immeuble,36,51°0'56''N,2°18'28''E,3,4183921,250.0,"33,9"
0592750028,30/07/2022,02/09/2022,,12/17/21 r salvador allende,,,59271,GRANDE-SYNTHE,514793,oui,,Immeuble,36,51°0'56''N,2°18'28''E,3,4183925,125.0,"33,9"
0592750028,30/07/2022,02/09/2022,,12/17/21 r salvador allende,,,59271,GRANDE-SYNTHE,514793,oui,,Immeuble,36,51°0'56''N,2°18'28''E,3,7942385,340.0,36
0592750028,30/07/2022,02/09/2022,,12/17/21 r salvador allende,,,59271,GRANDE-SYNTHE,514793,oui,,Immeuble,36,51°0'56''N,2°18'28''E,3,4183923,340.0,"33,9"
0592750028,30/07/2022,02/09/2022,,12/17/21 r salvador allende,,,59271,GRANDE-SYNTHE,514793,oui,,Immeuble,36,51°0'56''N,2°18'28''E,3,7942383,250.0,36
0592750028,30/07/2022,02/09/2022,,12/17/21 r salvador allende,,,59271,GRANDE-SYNTHE,514793,oui,,Immeuble,36,51°0'56''N,2°18'28''E,3,7942381,125.0,36
0592750027,31/10/2023,01/12/2023,,64 r carpeaux,,,59512,ROUBAIX,474738,oui,,Immeuble,29,50°40'36''N,3°11'2''E,31,227745,180.0,28
0592750027,31/10/2023,01/12/2023,,64 r carpeaux,,,59512,ROUBAIX,474738,oui,,Immeuble,29,50°40'36''N,3°11'2''E,31,227746,270.0,28
0592750027,31/10/2023,01/12/2023,,64 r carpeaux,,,59512,ROUBAIX,474738,oui,,Immeuble,29,50°40'36''N,3°11'2''E,31,227744,10.0,28
0592750027,31/10/2023,01/12/2023,,64 r carpeaux,,,59512,ROUBAIX,474738,oui,,Immeuble,29,50°40'36''N,3°11'2''E,31,7519721,180.0,"28,6"
0592750027,31/10/2023,01/12/2023,,64 r carpeaux,,,59512,ROUBAIX,474738,oui,,Immeuble,29,50°40'36''N,3°11'2''E,31,7519719,10.0,"28,6"
0592750027,31/10/2023,01/12/2023,,64 r carpeaux,,,59512,ROUBAIX,474738,oui,,Immeuble,29,50°40'36''N,3°11'2''E,31,7519723,270.0,"28,6"
0592750024,25/03/2025,25/04/2025,,1 R CORNEILLE THEUNISSEN,RES PIERRARD,,59606,VALENCIENNES,500543,non,,Bâtiment,41,50°21'32''N,3°32'19''E,35,2894017,270.0,"38,7"
0592750024,25/03/2025,25/04/2025,,1 R CORNEILLE THEUNISSEN,RES PIERRARD,,59606,VALENCIENNES,500543,non,,Bâtiment,41,50°21'32''N,3°32'19''E,35,2894015,180.0,"38,7"
0592750024,25/03/2025,25/04/2025,,1 R CORNEILLE THEUNISSEN,RES PIERRARD,,59606,VALENCIENNES,500543,non,,Bâtiment,41,50°21'32''N,3°32'19''E,35,7352670,60.0,"39,3"
0592750024,25/03/2025,25/04/2025,,1 R CORNEILLE THEUNISSEN,RES PIERRARD,,59606,VALENCIENNES,500543,non,,Bâtiment,41,50°21'32''N,3°32'19''E,35,7352674,270.0,"39,3"
0592750024,25/03/2025,25/04/2025,,1 R CORNEILLE THEUNISSEN,RES PIERRARD,,59606,VALENCIENNES,500543,non,,Bâtiment,41,50°21'32''N,3°32'19''E,35,7352672,180.0,"39,3"
0592750024,25/03/2025,25/04/2025,,1 R CORNEILLE THEUNISSEN,RES PIERRARD,,59606,VALENCIENNES,500543,non,,Bâtiment,41,50°21'32''N,3°32'19''E,35,2894019,60.0,"38,7"
0592750023,07/04/2025,12/05/2025,,11 PL JACQUES DUCLOS,LES EPIS,RES ALEXIA II,59569,SIN-LE-NOBLE,474752,non,,Immeuble,44,50°20'35''N,3°6'3''E,43,227738,200.0,"42,2"
0592750023,07/04/2025,12/05/2025,,11 PL JACQUES DUCLOS,LES EPIS,RES ALEXIA II,59569,SIN-LE-NOBLE,474752,non,,Immeuble,44,50°20'35''N,3°6'3''E,43,227739,270.0,"42,2"
0592750023,07/04/2025,12/05/2025,,11 PL JACQUES DUCLOS,LES EPIS,RES ALEXIA II,59569,SIN-LE-NOBLE,474752,non,,Immeuble,44,50°20'35''N,3°6'3''E,43,227731,30.0,"42,2"
0592750023,07/04/2025,12/05/2025,,11 PL JACQUES DUCLOS,LES EPIS,RES ALEXIA II,59569,SIN-LE-NOBLE,474752,non,,Immeuble,44,50°20'35''N,3°6'3''E,43,1150389,270.0,"42,2"
0592750023,07/04/2025,12/05/2025,,11 PL JACQUES DUCLOS,LES EPIS,RES ALEXIA II,59569,SIN-LE-NOBLE,474752,non,,Immeuble,44,50°20'35''N,3°6'3''E,43,1150387,200.0,"42,2"
0592750021,09/03/2024,12/04/2024,,24 ALL DES FRERES LUMIERES,RES LA PEPINIERE,,59544,SAINT-SAULVE,464491,non,,Immeuble,29,50°21'57''N,3°33'25''E,40,227727,140.0,28
0592750021,09/03/2024,12/04/2024,,24 ALL DES FRERES LUMIERES,RES LA PEPINIERE,,59544,SAINT-SAULVE,464491,non,,Immeuble,29,50°21'57''N,3°33'25''E,40,227725,50.0,28
0592750021,09/03/2024,12/04/2024,,24 ALL DES FRERES LUMIERES,RES LA PEPINIERE,,59544,SAINT-SAULVE,464491,non,,Immeuble,29,50°21'57''N,3°33'25''E,40,227729,290.0,28
0592750021,09/03/2024,12/04/2024,,24 ALL DES FRERES LUMIERES,RES LA PEPINIERE,,59544,SAINT-SAULVE,464491,non,,Immeuble,29,50°21'57''N,3°33'25''E,40,6858187,140.0,28
0592750021,09/03/2024,12/04/2024,,24 ALL DES FRERES LUMIERES,RES LA PEPINIERE,,59544,SAINT-SAULVE,464491,non,,Immeuble,29,50°21'57''N,3°33'25''E,40,6858189,290.0,28
0592750021,09/03/2024,12/04/2024,,24 ALL DES FRERES LUMIERES,RES LA PEPINIERE,,59544,SAINT-SAULVE,464491,non,,Immeuble,29,50°21'57''N,3°33'25''E,40,6952049,50.0,28
0592750019,29/12/2023,02/02/2024,,9/11/13 r de cambrai,,,59350,LILLE,639131,oui,,Immeuble,40,50°37'28''N,3°4'19''E,24,227719,120.0,"33,8"
0592750019,29/12/2023,02/02/2024,,9/11/13 r de cambrai,,,59350,LILLE,639131,oui,,Immeuble,40,50°37'28''N,3°4'19''E,24,227720,220.0,"33,8"
0592750019,29/12/2023,02/02/2024,,9/11/13 r de cambrai,,,59350,LILLE,639131,oui,,Immeuble,40,50°37'28''N,3°4'19''E,24,6815318,120.0,"33,8"
0592750019,29/12/2023,02/02/2024,,9/11/13 r de cambrai,,,59350,LILLE,639131,oui,,Immeuble,40,50°37'28''N,3°4'19''E,24,390457,300.0,"33,8"
0592750019,29/12/2023,02/02/2024,,9/11/13 r de cambrai,,,59350,LILLE,639131,oui,,Immeuble,40,50°37'28''N,3°4'19''E,24,6815320,220.0,"33,8"
0592750019,29/12/2023,02/02/2024,,9/11/13 r de cambrai,,,59350,LILLE,639131,oui,,Immeuble,40,50°37'28''N,3°4'19''E,24,6815322,300.0,"33,8"
0592750017,29/09/2022,28/10/2022,,rue des Pins,,,59009,VILLENEUVE-D'ASCQ,1435738,oui,,Immeuble,"38,5",50°37'5''N,3°8'51''E,32,227715,200.0,"36,8"
0592750017,29/09/2022,28/10/2022,,rue des Pins,,,59009,VILLENEUVE-D'ASCQ,1435738,oui,,Immeuble,"38,5",50°37'5''N,3°8'51''E,32,227717,350.0,"36,8"
0592750017,29/09/2022,28/10/2022,,rue des Pins,,,59009,VILLENEUVE-D'ASCQ,1435738,oui,,Immeuble,"38,5",50°37'5''N,3°8'51''E,32,227713,70.0,"36,8"
0592750017,29/09/2022,28/10/2022,,rue des Pins,,,59009,VILLENEUVE-D'ASCQ,1435738,oui,,Immeuble,"38,5",50°37'5''N,3°8'51''E,32,6567393,200.0,"37,3"
0592750017,29/09/2022,28/10/2022,,rue des Pins,,,59009,VILLENEUVE-D'ASCQ,1435738,oui,,Immeuble,"38,5",50°37'5''N,3°8'51''E,32,6567391,70.0,"37,3"
0592750017,29/09/2022,28/10/2022,,rue des Pins,,,59009,VILLENEUVE-D'ASCQ,1435738,oui,,Immeuble,"38,5",50°37'5''N,3°8'51''E,32,6567395,350.0,"37,3"
0592750015,25/09/2024,25/10/2024,,41 r nationale,LE PRINTEMPS,,59350,LILLE,633570,oui,,Immeuble,49,50°38'10''N,3°3'41''E,20,2675762,350.0,"38,2"
0592750015,25/09/2024,25/10/2024,,41 r nationale,LE PRINTEMPS,,59350,LILLE,633570,oui,,Immeuble,49,50°38'10''N,3°3'41''E,20,137738,80.0,"35,8"
0592750015,25/09/2024,25/10/2024,,41 r nationale,LE PRINTEMPS,,59350,LILLE,633570,oui,,Immeuble,49,50°38'10''N,3°3'41''E,20,137736,190.0,"35,8"
0592750015,25/09/2024,25/10/2024,,41 r nationale,LE PRINTEMPS,,59350,LILLE,633570,oui,,Immeuble,49,50°38'10''N,3°3'41''E,20,2675766,190.0,36
0592750015,25/09/2024,25/10/2024,,41 r nationale,LE PRINTEMPS,,59350,LILLE,633570,oui,,Immeuble,49,50°38'10''N,3°3'41''E,20,137742,350.0,"40,8"
0592750015,25/09/2024,25/10/2024,,41 r nationale,LE PRINTEMPS,,59350,LILLE,633570,oui,,Immeuble,49,50°38'10''N,3°3'41''E,20,2675764,80.0,36
0592750014,18/10/2022,18/11/2022,,"77, rue de Balzac",,,59350,LILLE,1576307,oui,,Bâtiment,33,50°36'48''N,3°2'55''E,31,733960,300.0,31
0592750014,18/10/2022,18/11/2022,,"77, rue de Balzac",,,59350,LILLE,1576307,oui,,Bâtiment,33,50°36'48''N,3°2'55''E,31,227707,160.0,"31,3"
0592750014,18/10/2022,18/11/2022,,"77, rue de Balzac",,,59350,LILLE,1576307,oui,,Bâtiment,33,50°36'48''N,3°2'55''E,31,6551746,160.0,"31,9"
0592750014,18/10/2022,18/11/2022,,"77, rue de Balzac",,,59350,LILLE,1576307,oui,,Bâtiment,33,50°36'48''N,3°2'55''E,31,227706,50.0,31
0592750014,18/10/2022,18/11/2022,,"77, rue de Balzac",,,59350,LILLE,1576307,oui,,Bâtiment,33,50°36'48''N,3°2'55''E,31,6551748,300.0,"31,6"
0592750014,18/10/2022,18/11/2022,,"77, rue de Balzac",,,59350,LILLE,1576307,oui,,Bâtiment,33,50°36'48''N,3°2'55''E,31,6551750,50.0,"31,6"
0592750012,27/02/2025,28/03/2025,,5 AV DU MARECHAL DE LATTRE DE TASSIGNY,HLM Bertrand,,59507,RONCHIN,586385,oui,,Immeuble,42,50°36'0''N,3°5'37''E,43,137727,285.0,"33,9"
0592750012,27/02/2025,28/03/2025,,5 AV DU MARECHAL DE LATTRE DE TASSIGNY,HLM Bertrand,,59507,RONCHIN,586385,oui,,Immeuble,42,50°36'0''N,3°5'37''E,43,137726,60.0,"33,9"
0592750012,27/02/2025,28/03/2025,,5 AV DU MARECHAL DE LATTRE DE TASSIGNY,HLM Bertrand,,59507,RONCHIN,586385,oui,,Immeuble,42,50°36'0''N,3°5'37''E,43,6735885,60.0,"34,5"
0592750012,27/02/2025,28/03/2025,,5 AV DU MARECHAL DE LATTRE DE TASSIGNY,HLM Bertrand,,59507,RONCHIN,586385,oui,,Immeuble,42,50°36'0''N,3°5'37''E,43,137730,170.0,"33,9"
0592750012,27/02/2025,28/03/2025,,5 AV DU MARECHAL DE LATTRE DE TASSIGNY,HLM Bertrand,,59507,RONCHIN,586385,oui,,Immeuble,42,50°36'0''N,3°5'37''E,43,6735887,170.0,"34,5"
0592750012,27/02/2025,28/03/2025,,5 AV DU MARECHAL DE LATTRE DE TASSIGNY,HLM Bertrand,,59507,RONCHIN,586385,oui,,Immeuble,42,50°36'0''N,3°5'37''E,43,6735889,285.0,"34,5"
0592750008,21/10/2022,18/11/2022,,47 Bd Léon Jouhaux,Tour de Tilleul,,59650,WATTRELOS,805586,oui,,Immeuble,63,50°42'50.977''N,3°10'30.718''E,39,2702842,60.0,"47,4"
0592750008,21/10/2022,18/11/2022,,47 Bd Léon Jouhaux,Tour de Tilleul,,59650,WATTRELOS,805586,oui,,Immeuble,63,50°42'50.977''N,3°10'30.718''E,39,2702846,300.0,"47,4"
0592750008,21/10/2022,18/11/2022,,47 Bd Léon Jouhaux,Tour de Tilleul,,59650,WATTRELOS,805586,oui,,Immeuble,63,50°42'50.977''N,3°10'30.718''E,39,2702844,200.0,"47,4"
0592750008,21/10/2022,18/11/2022,,47 Bd Léon Jouhaux,Tour de Tilleul,,59650,WATTRELOS,805586,oui,,Immeuble,63,50°42'50.977''N,3°10'30.718''E,39,6548285,300.0,"47,9"
0592750008,21/10/2022,18/11/2022,,47 Bd Léon Jouhaux,Tour de Tilleul,,59650,WATTRELOS,805586,oui,,Immeuble,63,50°42'50.977''N,3°10'30.718''E,39,6548283,200.0,"47,9"
0592750008,21/10/2022,18/11/2022,,47 Bd Léon Jouhaux,Tour de Tilleul,,59650,WATTRELOS,805586,oui,,Immeuble,63,50°42'50.977''N,3°10'30.718''E,39,6548287,60.0,"47,9"
0592750007,25/04/2024,27/05/2024,,106 r de la Croix Rouge/r des Piats,Rés des Piats,,59599,TOURCOING,462982,oui,,Immeuble,"32,1",50°43'38''N,3°10'25''E,35,227700,30.0,"27,1"
0592750007,25/04/2024,27/05/2024,,106 r de la Croix Rouge/r des Piats,Rés des Piats,,59599,TOURCOING,462982,oui,,Immeuble,"32,1",50°43'38''N,3°10'25''E,35,227704,315.0,"27,1"
0592750007,25/04/2024,27/05/2024,,106 r de la Croix Rouge/r des Piats,Rés des Piats,,59599,TOURCOING,462982,oui,,Immeuble,"32,1",50°43'38''N,3°10'25''E,35,227701,180.0,"27,1"
0592750007,25/04/2024,27/05/2024,,106 r de la Croix Rouge/r des Piats,Rés des Piats,,59599,TOURCOING,462982,oui,,Immeuble,"32,1",50°43'38''N,3°10'25''E,35,6570720,180.0,"27,6"
0592750007,25/04/2024,27/05/2024,,106 r de la Croix Rouge/r des Piats,Rés des Piats,,59599,TOURCOING,462982,oui,,Immeuble,"32,1",50°43'38''N,3°10'25''E,35,6570718,30.0,"27,6"
0592750007,25/04/2024,27/05/2024,,106 r de la Croix Rouge/r des Piats,Rés des Piats,,59599,TOURCOING,462982,oui,,Immeuble,"32,1",50°43'38''N,3°10'25''E,35,6570722,315.0,"27,6"
0592750004,16/07/2025,18/08/2025,,3 PL GAY LUSSAC,,,59606,VALENCIENNES,453836,oui,,Immeuble,"31,9",50°21'17''N,3°30'9''E,43,291719,230.0,"27,7"
0592750004,16/07/2025,18/08/2025,,3 PL GAY LUSSAC,,,59606,VALENCIENNES,453836,oui,,Immeuble,"31,9",50°21'17''N,3°30'9''E,43,6902362,315.0,"27,7"
0592750004,16/07/2025,18/08/2025,,3 PL GAY LUSSAC,,,59606,VALENCIENNES,453836,oui,,Immeuble,"31,9",50°21'17''N,3°30'9''E,43,2675779,315.0,"27,7"
0592750004,16/07/2025,18/08/2025,,3 PL GAY LUSSAC,,,59606,VALENCIENNES,453836,oui,,Immeuble,"31,9",50°21'17''N,3°30'9''E,43,291718,100.0,"27,7"
0592750004,16/07/2025,18/08/2025,,3 PL GAY LUSSAC,,,59606,VALENCIENNES,453836,oui,,Immeuble,"31,9",50°21'17''N,3°30'9''E,43,6902360,230.0,"27,7"
0592750004,16/07/2025,18/08/2025,,3 PL GAY LUSSAC,,,59606,VALENCIENNES,453836,oui,,Immeuble,"31,9",50°21'17''N,3°30'9''E,43,6902358,100.0,"27,7"
0592750002,05/10/2022,07/11/2022,,1 a 5 r courteline,Bâtiment N° 5,,59350,LILLE,639741,oui,,Immeuble,54,50°37'12''N,3°2'0''E,23,227694,180.0,"52,5"
0592750002,05/10/2022,07/11/2022,,1 a 5 r courteline,Bâtiment N° 5,,59350,LILLE,639741,oui,,Immeuble,54,50°37'12''N,3°2'0''E,23,227693,40.0,50
0592750002,05/10/2022,07/11/2022,,1 a 5 r courteline,Bâtiment N° 5,,59350,LILLE,639741,oui,,Immeuble,54,50°37'12''N,3°2'0''E,23,6527618,40.0,50
0592750002,05/10/2022,07/11/2022,,1 a 5 r courteline,Bâtiment N° 5,,59350,LILLE,639741,oui,,Immeuble,54,50°37'12''N,3°2'0''E,23,6527620,180.0,"52,5"
0592750002,05/10/2022,07/11/2022,,1 a 5 r courteline,Bâtiment N° 5,,59350,LILLE,639741,oui,,Immeuble,54,50°37'12''N,3°2'0''E,23,227695,300.0,"52,5"
0592750002,05/10/2022,07/11/2022,,1 a 5 r courteline,Bâtiment N° 5,,59350,LILLE,639741,oui,,Immeuble,54,50°37'12''N,3°2'0''E,23,6527622,300.0,"52,5"
0592701259,27/07/2024,30/08/2024,,1 pl Vauban,,,59410,MONS-EN-BAROEUL,1878465,oui,,Immeuble,61,50°38'14.421''N,3°6'39.399''E,30,9375772,340.0,"53,6"
0592701259,27/07/2024,30/08/2024,,1 pl Vauban,,,59410,MONS-EN-BAROEUL,1878465,oui,,Immeuble,61,50°38'14.421''N,3°6'39.399''E,30,9375768,70.0,"53,6"
0592701259,27/07/2024,30/08/2024,,1 pl Vauban,,,59410,MONS-EN-BAROEUL,1878465,oui,,Immeuble,61,50°38'14.421''N,3°6'39.399''E,30,9375776,240.0,"53,6"
0592701259,27/07/2024,30/08/2024,,1 pl Vauban,,,59410,MONS-EN-BAROEUL,1878465,oui,,Immeuble,61,50°38'14.421''N,3°6'39.399''E,30,9375770,240.0,"53,6"
0592701259,27/07/2024,30/08/2024,,1 pl Vauban,,,59410,MONS-EN-BAROEUL,1878465,oui,,Immeuble,61,50°38'14.421''N,3°6'39.399''E,30,9375778,340.0,"53,6"
0592701259,27/07/2024,30/08/2024,,1 pl Vauban,,,59410,MONS-EN-BAROEUL,1878465,oui,,Immeuble,61,50°38'14.421''N,3°6'39.399''E,30,9375774,70.0,"53,6"
0592701257,23/04/2025,23/05/2025,,84 RUE FRANCOIS HERBO,,,59449,ORCHIES,3007065,oui,,Bâtiment,"54,6",50°28'46''N,3°14'50''E,34,9353350,180.0,"46,1"
0592701257,23/04/2025,23/05/2025,,84 RUE FRANCOIS HERBO,,,59449,ORCHIES,3007065,oui,,Bâtiment,"54,6",50°28'46''N,3°14'50''E,34,9353348,60.0,"46,1"
0592701257,23/04/2025,23/05/2025,,84 RUE FRANCOIS HERBO,,,59449,ORCHIES,3007065,oui,,Bâtiment,"54,6",50°28'46''N,3°14'50''E,34,9353352,300.0,"46,1"
0592701256,12/07/2024,09/08/2024,,185 Rue Jean-Baptiste Delescluse,,,59163,CROIX,3007063,non,,Immeuble,"17,5",50°41'5''N,3°8'56''E,41,9353344,210.0,"16,4"
0592701256,12/07/2024,09/08/2024,,185 Rue Jean-Baptiste Delescluse,,,59163,CROIX,3007063,non,,Immeuble,"17,5",50°41'5''N,3°8'56''E,41,9353346,320.0,"16,4"
0592701256,12/07/2024,09/08/2024,,185 Rue Jean-Baptiste Delescluse,,,59163,CROIX,3007063,non,,Immeuble,"17,5",50°41'5''N,3°8'56''E,41,9353340,320.0,"16,4"
0592701256,12/07/2024,09/08/2024,,185 Rue Jean-Baptiste Delescluse,,,59163,CROIX,3007063,non,,Immeuble,"17,5",50°41'5''N,3°8'56''E,41,9353336,100.0,"16,4"
0592701256,12/07/2024,09/08/2024,,185 Rue Jean-Baptiste Delescluse,,,59163,CROIX,3007063,non,,Immeuble,"17,5",50°41'5''N,3°8'56''E,41,9353342,100.0,"16,4"
0592701256,12/07/2024,09/08/2024,,185 Rue Jean-Baptiste Delescluse,,,59163,CROIX,3007063,non,,Immeuble,"17,5",50°41'5''N,3°8'56''E,41,9353338,210.0,"16,4"
0592701236,01/05/2024,31/05/2024,,22 Rue de la Villette,,,59606,VALENCIENNES,2975193,non,,Bâtiment,"14,7",50°21'29.188''N,3°29'48.866''E,48,9214336,300.0,"13,3"
0592701236,01/05/2024,31/05/2024,,22 Rue de la Villette,,,59606,VALENCIENNES,2975193,non,,Bâtiment,"14,7",50°21'29.188''N,3°29'48.866''E,48,9214334,210.0,"13,6"
0592701236,01/05/2024,31/05/2024,,22 Rue de la Villette,,,59606,VALENCIENNES,2975193,non,,Bâtiment,"14,7",50°21'29.188''N,3°29'48.866''E,48,9214332,110.0,"13,3"
0592701236,01/05/2024,31/05/2024,,22 Rue de la Villette,,,59606,VALENCIENNES,2975193,non,,Bâtiment,"14,7",50°21'29.188''N,3°29'48.866''E,48,9214330,300.0,"12,8"
0592701236,01/05/2024,31/05/2024,,22 Rue de la Villette,,,59606,VALENCIENNES,2975193,non,,Bâtiment,"14,7",50°21'29.188''N,3°29'48.866''E,48,9214326,110.0,"12,8"
0592701236,01/05/2024,31/05/2024,,22 Rue de la Villette,,,59606,VALENCIENNES,2975193,non,,Bâtiment,"14,7",50°21'29.188''N,3°29'48.866''E,48,9214328,210.0,"13,1"
0592701214,28/03/2024,26/04/2024,,17 Avenue Simone,,,59368,LA MADELEINE,2963412,non,,Immeuble,27,50°38'55''N,3°4'32''E,28,9164685,30.0,"25,4"
0592701214,28/03/2024,26/04/2024,,17 Avenue Simone,,,59368,LA MADELEINE,2963412,non,,Immeuble,27,50°38'55''N,3°4'32''E,28,9164687,150.0,"25,4"
0592701214,28/03/2024,26/04/2024,,17 Avenue Simone,,,59368,LA MADELEINE,2963412,non,,Immeuble,27,50°38'55''N,3°4'32''E,28,9164689,230.0,"25,4"
0592701208,14/02/2024,15/03/2024,,1 rue Pierre de Geyter,Résidence Georges Bizet,,59350,LILLE,1440320,oui,,Immeuble,56,50°38'18.999''N,3°0'30.598''E,23,9099989,120.0,"48,3"
0592701208,14/02/2024,15/03/2024,,1 rue Pierre de Geyter,Résidence Georges Bizet,,59350,LILLE,1440320,oui,,Immeuble,56,50°38'18.999''N,3°0'30.598''E,23,9099991,240.0,"48,3"
0592701208,14/02/2024,15/03/2024,,1 rue Pierre de Geyter,Résidence Georges Bizet,,59350,LILLE,1440320,oui,,Immeuble,56,50°38'18.999''N,3°0'30.598''E,23,9099987,0.0,"48,3"
0592701208,14/02/2024,15/03/2024,,1 rue Pierre de Geyter,Résidence Georges Bizet,,59350,LILLE,1440320,oui,,Immeuble,56,50°38'18.999''N,3°0'30.598''E,23,9099993,0.0,"47,3"
0592701208,14/02/2024,15/03/2024,,1 rue Pierre de Geyter,Résidence Georges Bizet,,59350,LILLE,1440320,oui,,Immeuble,56,50°38'18.999''N,3°0'30.598''E,23,9099995,120.0,"47,3"
0592701208,14/02/2024,15/03/2024,,1 rue Pierre de Geyter,Résidence Georges Bizet,,59350,LILLE,1440320,oui,,Immeuble,56,50°38'18.999''N,3°0'30.598''E,23,9099997,240.0,"47,3"
0592701204,31/08/2023,29/09/2023,Stade Pierre Mauroy,261 Boulevard de Tournai,Tribune Ouest,,59009,VILLENEUVE-D'ASCQ,1918976,oui,,Bâtiment,42,50°36'43''N,3°7'47''E,38,8835294,255.0,"26,4"
0592701204,31/08/2023,29/09/2023,Stade Pierre Mauroy,261 Boulevard de Tournai,Tribune Ouest,,59009,VILLENEUVE-D'ASCQ,1918976,oui,,Bâtiment,42,50°36'43''N,3°7'47''E,38,8835298,255.0,"26,4"
0592701204,31/08/2023,29/09/2023,Stade Pierre Mauroy,261 Boulevard de Tournai,Tribune Ouest,,59009,VILLENEUVE-D'ASCQ,1918976,oui,,Bâtiment,42,50°36'43''N,3°7'47''E,38,8835296,255.0,"25,9"
0592701204,31/08/2023,29/09/2023,Stade Pierre Mauroy,261 Boulevard de Tournai,Tribune Ouest,,59009,VILLENEUVE-D'ASCQ,1918976,oui,,Bâtiment,42,50°36'43''N,3°7'47''E,38,8835300,255.0,"25,9"
0592701204,31/08/2023,29/09/2023,Stade Pierre Mauroy,261 Boulevard de Tournai,Tribune Ouest,,59009,VILLENEUVE-D'ASCQ,1918976,oui,,Bâtiment,42,50°36'43''N,3°7'47''E,38,8835292,221.0,"27,1"
0592701204,31/08/2023,29/09/2023,Stade Pierre Mauroy,261 Boulevard de Tournai,Tribune Ouest,,59009,VILLENEUVE-D'ASCQ,1918976,oui,,Bâtiment,42,50°36'43''N,3°7'47''E,38,8835308,289.0,"27,1"
0592701204,31/08/2023,29/09/2023,Stade Pierre Mauroy,261 Boulevard de Tournai,Tribune Ouest,,59009,VILLENEUVE-D'ASCQ,1918976,oui,,Bâtiment,42,50°36'43''N,3°7'47''E,38,8835302,255.0,"26,4"
0592701204,31/08/2023,29/09/2023,Stade Pierre Mauroy,261 Boulevard de Tournai,Tribune Ouest,,59009,VILLENEUVE-D'ASCQ,1918976,oui,,Bâtiment,42,50°36'43''N,3°7'47''E,38,8835304,255.0,"25,9"
0592701204,31/08/2023,29/09/2023,Stade Pierre Mauroy,261 Boulevard de Tournai,Tribune Ouest,,59009,VILLENEUVE-D'ASCQ,1918976,oui,,Bâtiment,42,50°36'43''N,3°7'47''E,38,8835306,289.0,"28,3"
0592701204,31/08/2023,29/09/2023,Stade Pierre Mauroy,261 Boulevard de Tournai,Tribune Ouest,,59009,VILLENEUVE-D'ASCQ,1918976,oui,,Bâtiment,42,50°36'43''N,3°7'47''E,38,8835290,221.0,"28,3"
0592701204,31/08/2023,29/09/2023,Stade Pierre Mauroy,261 Boulevard de Tournai,Tribune Ouest,,59009,VILLENEUVE-D'ASCQ,1918976,oui,,Bâtiment,42,50°36'43''N,3°7'47''E,38,8835310,75.0,"25,9"
0592701203,31/08/2023,29/09/2023,Stade Pierre Mauroy,261 Boulevard de Tournai,Tribune Est,,59009,VILLENEUVE-D'ASCQ,2879685,oui,,Bâtiment,42,50°36'43''N,3°7'53''E,38,8835280,75.0,"26,4"
0592701203,31/08/2023,29/09/2023,Stade Pierre Mauroy,261 Boulevard de Tournai,Tribune Est,,59009,VILLENEUVE-D'ASCQ,2879685,oui,,Bâtiment,42,50°36'43''N,3°7'53''E,38,8835286,109.0,"27,1"
0592701203,31/08/2023,29/09/2023,Stade Pierre Mauroy,261 Boulevard de Tournai,Tribune Est,,59009,VILLENEUVE-D'ASCQ,2879685,oui,,Bâtiment,42,50°36'43''N,3°7'53''E,38,8835284,109.0,"28,3"
0592701203,31/08/2023,29/09/2023,Stade Pierre Mauroy,261 Boulevard de Tournai,Tribune Est,,59009,VILLENEUVE-D'ASCQ,2879685,oui,,Bâtiment,42,50°36'43''N,3°7'53''E,38,8835268,41.0,"28,3"
0592701203,31/08/2023,29/09/2023,Stade Pierre Mauroy,261 Boulevard de Tournai,Tribune Est,,59009,VILLENEUVE-D'ASCQ,2879685,oui,,Bâtiment,42,50°36'43''N,3°7'53''E,38,8835270,41.0,"27,1"
0592701203,31/08/2023,29/09/2023,Stade Pierre Mauroy,261 Boulevard de Tournai,Tribune Est,,59009,VILLENEUVE-D'ASCQ,2879685,oui,,Bâtiment,42,50°36'43''N,3°7'53''E,38,8835276,75.0,"26,4"
0592701203,31/08/2023,29/09/2023,Stade Pierre Mauroy,261 Boulevard de Tournai,Tribune Est,,59009,VILLENEUVE-D'ASCQ,2879685,oui,,Bâtiment,42,50°36'43''N,3°7'53''E,38,8835282,75.0,"25,9"
0592701203,31/08/2023,29/09/2023,Stade Pierre Mauroy,261 Boulevard de Tournai,Tribune Est,,59009,VILLENEUVE-D'ASCQ,2879685,oui,,Bâtiment,42,50°36'43''N,3°7'53''E,38,8835278,75.0,"25,9"
0592701203,31/08/2023,29/09/2023,Stade Pierre Mauroy,261 Boulevard de Tournai,Tribune Est,,59009,VILLENEUVE-D'ASCQ,2879685,oui,,Bâtiment,42,50°36'43''N,3°7'53''E,38,8835274,75.0,"25,9"
0592701203,31/08/2023,29/09/2023,Stade Pierre Mauroy,261 Boulevard de Tournai,Tribune Est,,59009,VILLENEUVE-D'ASCQ,2879685,oui,,Bâtiment,42,50°36'43''N,3°7'53''E,38,8835272,75.0,"26,4"
0592701203,31/08/2023,29/09/2023,Stade Pierre Mauroy,261 Boulevard de Tournai,Tribune Est,,59009,VILLENEUVE-D'ASCQ,2879685,oui,,Bâtiment,42,50°36'43''N,3°7'53''E,38,8835288,255.0,"25,9"
0592701202,31/08/2023,29/09/2023,Stade Pierre Mauroy,261 Boulevard de Tournai,Tribune Sud,,59009,VILLENEUVE-D'ASCQ,1918981,oui,,Bâtiment,42,50°36'40''N,3°7'51''E,38,8835264,345.0,"26,2"
0592701202,31/08/2023,29/09/2023,Stade Pierre Mauroy,261 Boulevard de Tournai,Tribune Sud,,59009,VILLENEUVE-D'ASCQ,1918981,oui,,Bâtiment,42,50°36'40''N,3°7'51''E,38,8835260,165.0,"26,8"
0592701202,31/08/2023,29/09/2023,Stade Pierre Mauroy,261 Boulevard de Tournai,Tribune Sud,,59009,VILLENEUVE-D'ASCQ,1918981,oui,,Bâtiment,42,50°36'40''N,3°7'51''E,38,8835256,165.0,"26,8"
0592701202,31/08/2023,29/09/2023,Stade Pierre Mauroy,261 Boulevard de Tournai,Tribune Sud,,59009,VILLENEUVE-D'ASCQ,1918981,oui,,Bâtiment,42,50°36'40''N,3°7'51''E,38,8835266,345.0,"26,2"
0592701202,31/08/2023,29/09/2023,Stade Pierre Mauroy,261 Boulevard de Tournai,Tribune Sud,,59009,VILLENEUVE-D'ASCQ,1918981,oui,,Bâtiment,42,50°36'40''N,3°7'51''E,38,8835258,165.0,"26,2"
0592701202,31/08/2023,29/09/2023,Stade Pierre Mauroy,261 Boulevard de Tournai,Tribune Sud,,59009,VILLENEUVE-D'ASCQ,1918981,oui,,Bâtiment,42,50°36'40''N,3°7'51''E,38,8835262,165.0,"26,2"
0592701201,31/08/2023,29/09/2023,Stade Pierre Mauroy,261 Boulevard de Tournai,Tribune Nord,,59009,VILLENEUVE-D'ASCQ,1918986,oui,,Bâtiment,42,50°36'45''N,3°7'50''E,38,8835248,345.0,"26,8"
0592701201,31/08/2023,29/09/2023,Stade Pierre Mauroy,261 Boulevard de Tournai,Tribune Nord,,59009,VILLENEUVE-D'ASCQ,1918986,oui,,Bâtiment,42,50°36'45''N,3°7'50''E,38,8835246,345.0,"26,2"
0592701201,31/08/2023,29/09/2023,Stade Pierre Mauroy,261 Boulevard de Tournai,Tribune Nord,,59009,VILLENEUVE-D'ASCQ,1918986,oui,,Bâtiment,42,50°36'45''N,3°7'50''E,38,8835250,345.0,"26,2"
0592701201,31/08/2023,29/09/2023,Stade Pierre Mauroy,261 Boulevard de Tournai,Tribune Nord,,59009,VILLENEUVE-D'ASCQ,1918986,oui,,Bâtiment,42,50°36'45''N,3°7'50''E,38,8835252,165.0,"26,2"
0592701201,31/08/2023,29/09/2023,Stade Pierre Mauroy,261 Boulevard de Tournai,Tribune Nord,,59009,VILLENEUVE-D'ASCQ,1918986,oui,,Bâtiment,42,50°36'45''N,3°7'50''E,38,8835254,165.0,"26,2"
0592701201,31/08/2023,29/09/2023,Stade Pierre Mauroy,261 Boulevard de Tournai,Tribune Nord,,59009,VILLENEUVE-D'ASCQ,1918986,oui,,Bâtiment,42,50°36'45''N,3°7'50''E,38,8835244,345.0,"26,8"
0592701150,25/04/2025,02/06/2025,,4 RUE MAURICE GENEVOIX,,,59378,MARCQ-EN-BAROEUL,2939017,non,,Bâtiment,"24,8",50°40'41''N,3°5'39''E,21,9066698,50.0,"23,6"
0592701150,25/04/2025,02/06/2025,,4 RUE MAURICE GENEVOIX,,,59378,MARCQ-EN-BAROEUL,2939017,non,,Bâtiment,"24,8",50°40'41''N,3°5'39''E,21,9066700,170.0,"23,6"
0592701150,25/04/2025,02/06/2025,,4 RUE MAURICE GENEVOIX,,,59378,MARCQ-EN-BAROEUL,2939017,non,,Bâtiment,"24,8",50°40'41''N,3°5'39''E,21,9066702,290.0,"23,6"
0592701121,23/11/2023,22/12/2023,,16 Rue d'Aguesseau,Résidence Aguesseau,,59350,LILLE,2914856,non,,Immeuble,32,50°37'49''N,3°5'30''E,26,8973545,90.0,27
0592701121,23/11/2023,22/12/2023,,16 Rue d'Aguesseau,Résidence Aguesseau,,59350,LILLE,2914856,non,,Immeuble,32,50°37'49''N,3°5'30''E,26,8973553,260.0,26
0592701121,23/11/2023,22/12/2023,,16 Rue d'Aguesseau,Résidence Aguesseau,,59350,LILLE,2914856,non,,Immeuble,32,50°37'49''N,3°5'30''E,26,8973543,10.0,27
0592701121,23/11/2023,22/12/2023,,16 Rue d'Aguesseau,Résidence Aguesseau,,59350,LILLE,2914856,non,,Immeuble,32,50°37'49''N,3°5'30''E,26,8973547,260.0,27
0592701121,23/11/2023,22/12/2023,,16 Rue d'Aguesseau,Résidence Aguesseau,,59350,LILLE,2914856,non,,Immeuble,32,50°37'49''N,3°5'30''E,26,8973549,10.0,26
0592701121,23/11/2023,22/12/2023,,16 Rue d'Aguesseau,Résidence Aguesseau,,59350,LILLE,2914856,non,,Immeuble,32,50°37'49''N,3°5'30''E,26,8973551,90.0,26
0592701111,20/11/2023,22/12/2023,,28 RUE ETIENNE DOLET,Résidence les abeilles,,59350,LILLE,2907949,oui,,Immeuble,26,50°37'50''N,3°6'10''E,27,8965228,10.0,"23,1"
0592701111,20/11/2023,22/12/2023,,28 RUE ETIENNE DOLET,Résidence les abeilles,,59350,LILLE,2907949,oui,,Immeuble,26,50°37'50''N,3°6'10''E,27,8965232,10.0,"22,1"
0592701111,20/11/2023,22/12/2023,,28 RUE ETIENNE DOLET,Résidence les abeilles,,59350,LILLE,2907949,oui,,Immeuble,26,50°37'50''N,3°6'10''E,27,8965236,280.0,"22,1"
0592701111,20/11/2023,22/12/2023,,28 RUE ETIENNE DOLET,Résidence les abeilles,,59350,LILLE,2907949,oui,,Immeuble,26,50°37'50''N,3°6'10''E,27,8965238,140.0,"23,1"
0592701111,20/11/2023,22/12/2023,,28 RUE ETIENNE DOLET,Résidence les abeilles,,59350,LILLE,2907949,oui,,Immeuble,26,50°37'50''N,3°6'10''E,27,8965230,280.0,"23,1"
0592701111,20/11/2023,22/12/2023,,28 RUE ETIENNE DOLET,Résidence les abeilles,,59350,LILLE,2907949,oui,,Immeuble,26,50°37'50''N,3°6'10''E,27,8965234,140.0,"22,1"
0592701104,26/10/2023,24/11/2023,,1  Rue Jean Zay,Résidence Saint Exupery,,59360,LOOS,2903777,non,,Immeuble,"39,6",50°36'28''N,3°0'27''E,29,8931893,70.0,"38,5"
0592701104,26/10/2023,24/11/2023,,1  Rue Jean Zay,Résidence Saint Exupery,,59360,LOOS,2903777,non,,Immeuble,"39,6",50°36'28''N,3°0'27''E,29,8931897,325.0,"38,5"
0592701104,26/10/2023,24/11/2023,,1  Rue Jean Zay,Résidence Saint Exupery,,59360,LOOS,2903777,non,,Immeuble,"39,6",50°36'28''N,3°0'27''E,29,8931895,180.0,"38,5"
0592701104,26/10/2023,24/11/2023,,1  Rue Jean Zay,Résidence Saint Exupery,,59360,LOOS,2903777,non,,Immeuble,"39,6",50°36'28''N,3°0'27''E,29,8931903,325.0,"39,2"
0592701104,26/10/2023,24/11/2023,,1  Rue Jean Zay,Résidence Saint Exupery,,59360,LOOS,2903777,non,,Immeuble,"39,6",50°36'28''N,3°0'27''E,29,8931901,180.0,"39,2"
0592701104,26/10/2023,24/11/2023,,1  Rue Jean Zay,Résidence Saint Exupery,,59360,LOOS,2903777,non,,Immeuble,"39,6",50°36'28''N,3°0'27''E,29,8931899,70.0,"39,2"
0592701097,28/09/2023,27/10/2023,,17 Rue de Germinal,,,59153,CONDE-SUR-L'ESCAUT,2892926,non,,Immeuble,14,50°28'3''N,3°36'1''E,30,8890107,190.0,"12,4"
0592701097,28/09/2023,27/10/2023,,17 Rue de Germinal,,,59153,CONDE-SUR-L'ESCAUT,2892926,non,,Immeuble,14,50°28'3''N,3°36'1''E,30,8890109,60.0,"12,4"
0592701097,28/09/2023,27/10/2023,,17 Rue de Germinal,,,59153,CONDE-SUR-L'ESCAUT,2892926,non,,Immeuble,14,50°28'3''N,3°36'1''E,30,8890113,60.0,"13,3"
0592701097,28/09/2023,27/10/2023,,17 Rue de Germinal,,,59153,CONDE-SUR-L'ESCAUT,2892926,non,,Immeuble,14,50°28'3''N,3°36'1''E,30,8890111,300.0,"12,4"
0592701097,28/09/2023,27/10/2023,,17 Rue de Germinal,,,59153,CONDE-SUR-L'ESCAUT,2892926,non,,Immeuble,14,50°28'3''N,3°36'1''E,30,8890115,190.0,"13,3"
0592701097,28/09/2023,27/10/2023,,17 Rue de Germinal,,,59153,CONDE-SUR-L'ESCAUT,2892926,non,,Immeuble,14,50°28'3''N,3°36'1''E,30,8890117,300.0,"13,3"
0592701084,26/10/2023,24/11/2023,,200 AVENUE DU PARC DES SPORTS,RUE DU MARECHAL JOFFRE,,59512,ROUBAIX,2903775,non,,Immeuble,19,50°40'41''N,3°12'27''E,29,8931881,30.0,"17,4"
0592701084,26/10/2023,24/11/2023,,200 AVENUE DU PARC DES SPORTS,RUE DU MARECHAL JOFFRE,,59512,ROUBAIX,2903775,non,,Immeuble,19,50°40'41''N,3°12'27''E,29,8931883,160.0,"17,4"
0592701084,26/10/2023,24/11/2023,,200 AVENUE DU PARC DES SPORTS,RUE DU MARECHAL JOFFRE,,59512,ROUBAIX,2903775,non,,Immeuble,19,50°40'41''N,3°12'27''E,29,8931885,280.0,"17,4"
0592701084,26/10/2023,24/11/2023,,200 AVENUE DU PARC DES SPORTS,RUE DU MARECHAL JOFFRE,,59512,ROUBAIX,2903775,non,,Immeuble,19,50°40'41''N,3°12'27''E,29,8931887,30.0,"16,4"
0592701084,26/10/2023,24/11/2023,,200 AVENUE DU PARC DES SPORTS,RUE DU MARECHAL JOFFRE,,59512,ROUBAIX,2903775,non,,Immeuble,19,50°40'41''N,3°12'27''E,29,8931891,280.0,"16,4"
0592701084,26/10/2023,24/11/2023,,200 AVENUE DU PARC DES SPORTS,RUE DU MARECHAL JOFFRE,,59512,ROUBAIX,2903775,non,,Immeuble,19,50°40'41''N,3°12'27''E,29,8931889,160.0,"16,4"
0592701083,01/11/2023,01/12/2023,,2 rue de Lockweiller,Résidence Foch,,59324,JEUMONT,2890528,oui,,Immeuble,28,50°17'52''N,4°5'54''E,125,8878331,10.0,"25,8"
0592701083,01/11/2023,01/12/2023,,2 rue de Lockweiller,Résidence Foch,,59324,JEUMONT,2890528,oui,,Immeuble,28,50°17'52''N,4°5'54''E,125,8878333,110.0,"25,8"
0592701083,01/11/2023,01/12/2023,,2 rue de Lockweiller,Résidence Foch,,59324,JEUMONT,2890528,oui,,Immeuble,28,50°17'52''N,4°5'54''E,125,8878335,220.0,"22,8"
0592701067,16/09/2025,07/11/2025,,RES JEAN BART,RUE VICTOR HUGO (SAINT-POL-SUR-MER),,59183,DUNKERQUE,2863996,oui,,Immeuble,"25,7",51°1'47''N,2°20'24''E,4,8774299,280.0,"24,1"
0592701067,16/09/2025,07/11/2025,,RES JEAN BART,RUE VICTOR HUGO (SAINT-POL-SUR-MER),,59183,DUNKERQUE,2863996,oui,,Immeuble,"25,7",51°1'47''N,2°20'24''E,4,8774295,40.0,"24,1"
0592701067,16/09/2025,07/11/2025,,RES JEAN BART,RUE VICTOR HUGO (SAINT-POL-SUR-MER),,59183,DUNKERQUE,2863996,oui,,Immeuble,"25,7",51°1'47''N,2°20'24''E,4,8774297,160.0,"24,1"
0592701067,16/09/2025,07/11/2025,,RES JEAN BART,RUE VICTOR HUGO (SAINT-POL-SUR-MER),,59183,DUNKERQUE,2863996,oui,,Immeuble,"25,7",51°1'47''N,2°20'24''E,4,8774303,160.0,"23,3"
0592701067,16/09/2025,07/11/2025,,RES JEAN BART,RUE VICTOR HUGO (SAINT-POL-SUR-MER),,59183,DUNKERQUE,2863996,oui,,Immeuble,"25,7",51°1'47''N,2°20'24''E,4,8774301,40.0,"23,3"
0592701067,16/09/2025,07/11/2025,,RES JEAN BART,RUE VICTOR HUGO (SAINT-POL-SUR-MER),,59183,DUNKERQUE,2863996,oui,,Immeuble,"25,7",51°1'47''N,2°20'24''E,4,8774305,280.0,"23,3"
0592701061,23/05/2023,23/06/2023,,Rue Paul Eluard,Residence Les Marroniers,,59032,AULNOY-LEZ-VALENCIENNES,2909077,oui,,Immeuble,25,50°19'57.104''N,3°30'50.695''E,56,8700715,90.0,"24,6"
0592701061,23/05/2023,23/06/2023,,Rue Paul Eluard,Residence Les Marroniers,,59032,AULNOY-LEZ-VALENCIENNES,2909077,oui,,Immeuble,25,50°19'57.104''N,3°30'50.695''E,56,8700717,200.0,"24,6"
0592701061,23/05/2023,23/06/2023,,Rue Paul Eluard,Residence Les Marroniers,,59032,AULNOY-LEZ-VALENCIENNES,2909077,oui,,Immeuble,25,50°19'57.104''N,3°30'50.695''E,56,8700719,300.0,"24,6"
0592701061,23/05/2023,23/06/2023,,Rue Paul Eluard,Residence Les Marroniers,,59032,AULNOY-LEZ-VALENCIENNES,2909077,oui,,Immeuble,25,50°19'57.104''N,3°30'50.695''E,56,8700725,300.0,"24,9"
0592701061,23/05/2023,23/06/2023,,Rue Paul Eluard,Residence Les Marroniers,,59032,AULNOY-LEZ-VALENCIENNES,2909077,oui,,Immeuble,25,50°19'57.104''N,3°30'50.695''E,56,8700721,90.0,"24,9"
0592701061,23/05/2023,23/06/2023,,Rue Paul Eluard,Residence Les Marroniers,,59032,AULNOY-LEZ-VALENCIENNES,2909077,oui,,Immeuble,25,50°19'57.104''N,3°30'50.695''E,56,8700723,200.0,"24,9"
0592701050,22/07/2023,25/08/2023,,Avenue du président Kennedy,Résiedence Armstrong,,59365,LOUVROIL,2870026,oui,,Immeuble,"26,2",50°15'28''N,3°56'58''E,141,8797904,60.0,"24,8"
0592701050,22/07/2023,25/08/2023,,Avenue du président Kennedy,Résiedence Armstrong,,59365,LOUVROIL,2870026,oui,,Immeuble,"26,2",50°15'28''N,3°56'58''E,141,8797908,330.0,"24,8"
0592701050,22/07/2023,25/08/2023,,Avenue du président Kennedy,Résiedence Armstrong,,59365,LOUVROIL,2870026,oui,,Immeuble,"26,2",50°15'28''N,3°56'58''E,141,8797906,240.0,"24,8"
0592701050,22/07/2023,25/08/2023,,Avenue du président Kennedy,Résiedence Armstrong,,59365,LOUVROIL,2870026,oui,,Immeuble,"26,2",50°15'28''N,3°56'58''E,141,8797910,60.0,"24,9"
0592701050,22/07/2023,25/08/2023,,Avenue du président Kennedy,Résiedence Armstrong,,59365,LOUVROIL,2870026,oui,,Immeuble,"26,2",50°15'28''N,3°56'58''E,141,8797912,240.0,"24,9"
0592701050,22/07/2023,25/08/2023,,Avenue du président Kennedy,Résiedence Armstrong,,59365,LOUVROIL,2870026,oui,,Immeuble,"26,2",50°15'28''N,3°56'58''E,141,8797914,330.0,"24,9"
0592701043,22/07/2025,22/08/2025,,471 RUE Louis Braille,,,59183,DUNKERQUE,2802601,oui,,Immeuble,"19,5",51°1'50''N,2°23'5''E,5,8530963,240.0,"18,3"
0592701043,22/07/2025,22/08/2025,,471 RUE Louis Braille,,,59183,DUNKERQUE,2802601,oui,,Immeuble,"19,5",51°1'50''N,2°23'5''E,5,8530965,30.0,"18,3"
0592701043,22/07/2025,22/08/2025,,471 RUE Louis Braille,,,59183,DUNKERQUE,2802601,oui,,Immeuble,"19,5",51°1'50''N,2°23'5''E,5,8530967,120.0,"18,3"
0592701043,22/07/2025,22/08/2025,,471 RUE Louis Braille,,,59183,DUNKERQUE,2802601,oui,,Immeuble,"19,5",51°1'50''N,2°23'5''E,5,8530969,30.0,"18,9"
0592701043,22/07/2025,22/08/2025,,471 RUE Louis Braille,,,59183,DUNKERQUE,2802601,oui,,Immeuble,"19,5",51°1'50''N,2°23'5''E,5,8530973,240.0,"18,9"
0592701043,22/07/2025,22/08/2025,,471 RUE Louis Braille,,,59183,DUNKERQUE,2802601,oui,,Immeuble,"19,5",51°1'50''N,2°23'5''E,5,8530971,120.0,"18,9"
0592701033,25/02/2023,31/03/2023,LA MOTTE,RUE DE LILLE,M917,,59279,HALLUIN,2637904,oui,,Immeuble,16,50°46'26''N,3°7'21''E,25,8530941,120.0,"15,7"
0592701033,25/02/2023,31/03/2023,LA MOTTE,RUE DE LILLE,M917,,59279,HALLUIN,2637904,oui,,Immeuble,16,50°46'26''N,3°7'21''E,25,8530933,0.0,"15,4"
0592701033,25/02/2023,31/03/2023,LA MOTTE,RUE DE LILLE,M917,,59279,HALLUIN,2637904,oui,,Immeuble,16,50°46'26''N,3°7'21''E,25,8530939,0.0,"15,7"
0592701033,25/02/2023,31/03/2023,LA MOTTE,RUE DE LILLE,M917,,59279,HALLUIN,2637904,oui,,Immeuble,16,50°46'26''N,3°7'21''E,25,8530937,240.0,"15,4"
0592701033,25/02/2023,31/03/2023,LA MOTTE,RUE DE LILLE,M917,,59279,HALLUIN,2637904,oui,,Immeuble,16,50°46'26''N,3°7'21''E,25,8530935,120.0,"15,4"
0592701033,25/02/2023,31/03/2023,LA MOTTE,RUE DE LILLE,M917,,59279,HALLUIN,2637904,oui,,Immeuble,16,50°46'26''N,3°7'21''E,25,8530943,240.0,"15,7"
0592701020,01/02/2023,03/03/2023,,9 rue d'Archiméde,,,59009,VILLENEUVE-D'ASCQ,2789247,oui,,Bâtiment,16,50°36'26.678''N,3°7'52.283''E,44,8472898,300.0,"15,5"
0592701020,01/02/2023,03/03/2023,,9 rue d'Archiméde,,,59009,VILLENEUVE-D'ASCQ,2789247,oui,,Bâtiment,16,50°36'26.678''N,3°7'52.283''E,44,8472896,180.0,"15,5"
0592701020,01/02/2023,03/03/2023,,9 rue d'Archiméde,,,59009,VILLENEUVE-D'ASCQ,2789247,oui,,Bâtiment,16,50°36'26.678''N,3°7'52.283''E,44,8472894,60.0,"15,5"
0592701020,01/02/2023,03/03/2023,,9 rue d'Archiméde,,,59009,VILLENEUVE-D'ASCQ,2789247,oui,,Bâtiment,16,50°36'26.678''N,3°7'52.283''E,44,8472904,300.0,"15,5"
0592701020,01/02/2023,03/03/2023,,9 rue d'Archiméde,,,59009,VILLENEUVE-D'ASCQ,2789247,oui,,Bâtiment,16,50°36'26.678''N,3°7'52.283''E,44,8472900,60.0,"15,5"
0592701020,01/02/2023,03/03/2023,,9 rue d'Archiméde,,,59009,VILLENEUVE-D'ASCQ,2789247,oui,,Bâtiment,16,50°36'26.678''N,3°7'52.283''E,44,8472902,180.0,"15,5"
0592701011,29/12/2022,03/02/2023,,200 RUE DE LA PAIX,RUE DE LA BRASSERIE,,59569,SIN-LE-NOBLE,2774367,oui,,Bâtiment,17,50°21'53''N,3°6'16''E,31,8393852,270.0,"15,4"
0592701011,29/12/2022,03/02/2023,,200 RUE DE LA PAIX,RUE DE LA BRASSERIE,,59569,SIN-LE-NOBLE,2774367,oui,,Bâtiment,17,50°21'53''N,3°6'16''E,31,8393848,0.0,"15,4"
0592701011,29/12/2022,03/02/2023,,200 RUE DE LA PAIX,RUE DE LA BRASSERIE,,59569,SIN-LE-NOBLE,2774367,oui,,Bâtiment,17,50°21'53''N,3°6'16''E,31,8393850,130.0,"15,4"
0592701011,29/12/2022,03/02/2023,,200 RUE DE LA PAIX,RUE DE LA BRASSERIE,,59569,SIN-LE-NOBLE,2774367,oui,,Bâtiment,17,50°21'53''N,3°6'16''E,31,8393858,270.0,"14,9"
0592701011,29/12/2022,03/02/2023,,200 RUE DE LA PAIX,RUE DE LA BRASSERIE,,59569,SIN-LE-NOBLE,2774367,oui,,Bâtiment,17,50°21'53''N,3°6'16''E,31,8393856,130.0,"14,9"
0592701011,29/12/2022,03/02/2023,,200 RUE DE LA PAIX,RUE DE LA BRASSERIE,,59569,SIN-LE-NOBLE,2774367,oui,,Bâtiment,17,50°21'53''N,3°6'16''E,31,8393854,0.0,"14,9"
0592701003,22/10/2022,25/11/2022,,5  RESIDENCE JULES ROMAIN,,,59507,RONCHIN,2730589,non,,Immeuble,"33,7",50°36'4''N,3°5'36''E,41,8207101,120.0,"32,4"
0592701003,22/10/2022,25/11/2022,,5  RESIDENCE JULES ROMAIN,,,59507,RONCHIN,2730589,non,,Immeuble,"33,7",50°36'4''N,3°5'36''E,41,8207099,0.0,"32,4"
0592701003,22/10/2022,25/11/2022,,5  RESIDENCE JULES ROMAIN,,,59507,RONCHIN,2730589,non,,Immeuble,"33,7",50°36'4''N,3°5'36''E,41,8207103,240.0,"32,4"
0592701003,22/10/2022,25/11/2022,,5  RESIDENCE JULES ROMAIN,,,59507,RONCHIN,2730589,non,,Immeuble,"33,7",50°36'4''N,3°5'36''E,41,8207107,120.0,33
0592701003,22/10/2022,25/11/2022,,5  RESIDENCE JULES ROMAIN,,,59507,RONCHIN,2730589,non,,Immeuble,"33,7",50°36'4''N,3°5'36''E,41,8207105,0.0,33
0592701003,22/10/2022,25/11/2022,,5  RESIDENCE JULES ROMAIN,,,59507,RONCHIN,2730589,non,,Immeuble,"33,7",50°36'4''N,3°5'36''E,41,8207109,240.0,33
0592700997,02/08/2022,02/09/2022,,183 RUE ROBERT DE DOUAI,,,59178,DOUAI,2692680,non,,Bâtiment,"31,8",50°22'44''N,3°3'40''E,30,8039018,80.0,"29,4"
0592700997,02/08/2022,02/09/2022,,183 RUE ROBERT DE DOUAI,,,59178,DOUAI,2692680,non,,Bâtiment,"31,8",50°22'44''N,3°3'40''E,30,8039016,340.0,"29,4"
0592700997,02/08/2022,02/09/2022,,183 RUE ROBERT DE DOUAI,,,59178,DOUAI,2692680,non,,Bâtiment,"31,8",50°22'44''N,3°3'40''E,30,8039020,210.0,"30,4"
0592700997,02/08/2022,02/09/2022,,183 RUE ROBERT DE DOUAI,,,59178,DOUAI,2692680,non,,Bâtiment,"31,8",50°22'44''N,3°3'40''E,30,8039026,340.0,"29,4"
0592700997,02/08/2022,02/09/2022,,183 RUE ROBERT DE DOUAI,,,59178,DOUAI,2692680,non,,Bâtiment,"31,8",50°22'44''N,3°3'40''E,30,8039022,80.0,"29,4"
0592700997,02/08/2022,02/09/2022,,183 RUE ROBERT DE DOUAI,,,59178,DOUAI,2692680,non,,Bâtiment,"31,8",50°22'44''N,3°3'40''E,30,8039024,210.0,"30,4"
0592700996,19/08/2022,16/09/2022,,145 AVENUE DU PRESIDENT KENNEDY,,,59512,ROUBAIX,2699641,non,,Bâtiment,"18,5",50°41'9''N,3°12'10''E,24,8068475,270.0,"17,4"
0592700996,19/08/2022,16/09/2022,,145 AVENUE DU PRESIDENT KENNEDY,,,59512,ROUBAIX,2699641,non,,Bâtiment,"18,5",50°41'9''N,3°12'10''E,24,8068467,30.0,17
0592700996,19/08/2022,16/09/2022,,145 AVENUE DU PRESIDENT KENNEDY,,,59512,ROUBAIX,2699641,non,,Bâtiment,"18,5",50°41'9''N,3°12'10''E,24,8068465,160.0,17
0592700996,19/08/2022,16/09/2022,,145 AVENUE DU PRESIDENT KENNEDY,,,59512,ROUBAIX,2699641,non,,Bâtiment,"18,5",50°41'9''N,3°12'10''E,24,8068469,270.0,17
0592700996,19/08/2022,16/09/2022,,145 AVENUE DU PRESIDENT KENNEDY,,,59512,ROUBAIX,2699641,non,,Bâtiment,"18,5",50°41'9''N,3°12'10''E,24,8068471,30.0,"17,4"
0592700996,19/08/2022,16/09/2022,,145 AVENUE DU PRESIDENT KENNEDY,,,59512,ROUBAIX,2699641,non,,Bâtiment,"18,5",50°41'9''N,3°12'10''E,24,8068473,160.0,"17,4"
0592700994,12/08/2022,09/09/2022,,274 BOULEVARD CLEMENCEAU,,,59378,MARCQ-EN-BAROEUL,2696292,non,,Bâtiment,23,50°39'35''N,3°5'58''E,26,8054986,75.0,"21,4"
0592700994,12/08/2022,09/09/2022,,274 BOULEVARD CLEMENCEAU,,,59378,MARCQ-EN-BAROEUL,2696292,non,,Bâtiment,23,50°39'35''N,3°5'58''E,26,8054990,295.0,"21,4"
0592700994,12/08/2022,09/09/2022,,274 BOULEVARD CLEMENCEAU,,,59378,MARCQ-EN-BAROEUL,2696292,non,,Bâtiment,23,50°39'35''N,3°5'58''E,26,8054992,75.0,"21,4"
0592700994,12/08/2022,09/09/2022,,274 BOULEVARD CLEMENCEAU,,,59378,MARCQ-EN-BAROEUL,2696292,non,,Bâtiment,23,50°39'35''N,3°5'58''E,26,8054988,185.0,"21,4"
0592700994,12/08/2022,09/09/2022,,274 BOULEVARD CLEMENCEAU,,,59378,MARCQ-EN-BAROEUL,2696292,non,,Bâtiment,23,50°39'35''N,3°5'58''E,26,8054996,295.0,"21,4"
0592700994,12/08/2022,09/09/2022,,274 BOULEVARD CLEMENCEAU,,,59378,MARCQ-EN-BAROEUL,2696292,non,,Bâtiment,23,50°39'35''N,3°5'58''E,26,8054994,185.0,"21,4"
0592700989,02/08/2022,02/09/2022,,"9, R GOSSELET",,,59350,LILLE,2784857,oui,,Immeuble,30,50°37'34.756''N,3°3'56.072''E,35,8038968,120.0,"26,8"
0592700989,02/08/2022,02/09/2022,,"9, R GOSSELET",,,59350,LILLE,2784857,oui,,Immeuble,30,50°37'34.756''N,3°3'56.072''E,35,8038972,300.0,"26,8"
0592700989,02/08/2022,02/09/2022,,"9, R GOSSELET",,,59350,LILLE,2784857,oui,,Immeuble,30,50°37'34.756''N,3°3'56.072''E,35,8038970,210.0,"26,8"
0592700989,02/08/2022,02/09/2022,,"9, R GOSSELET",,,59350,LILLE,2784857,oui,,Immeuble,30,50°37'34.756''N,3°3'56.072''E,35,8038974,120.0,"27,8"
0592700989,02/08/2022,02/09/2022,,"9, R GOSSELET",,,59350,LILLE,2784857,oui,,Immeuble,30,50°37'34.756''N,3°3'56.072''E,35,8038976,210.0,"27,8"
0592700989,02/08/2022,02/09/2022,,"9, R GOSSELET",,,59350,LILLE,2784857,oui,,Immeuble,30,50°37'34.756''N,3°3'56.072''E,35,8038978,300.0,"27,8"
0592700985,28/05/2025,27/06/2025,,158 AVENUE SAINT MARCEL,,,59360,LOOS,2683134,non,,Immeuble,"15,5",50°36'33''N,3°1'29''E,26,7998871,160.0,"14,8"
0592700985,28/05/2025,27/06/2025,,158 AVENUE SAINT MARCEL,,,59360,LOOS,2683134,non,,Immeuble,"15,5",50°36'33''N,3°1'29''E,26,7998869,40.0,"14,8"
0592700985,28/05/2025,27/06/2025,,158 AVENUE SAINT MARCEL,,,59360,LOOS,2683134,non,,Immeuble,"15,5",50°36'33''N,3°1'29''E,26,7998873,280.0,"14,8"
0592700985,28/05/2025,27/06/2025,,158 AVENUE SAINT MARCEL,,,59360,LOOS,2683134,non,,Immeuble,"15,5",50°36'33''N,3°1'29''E,26,7998875,40.0,"14,2"
0592700985,28/05/2025,27/06/2025,,158 AVENUE SAINT MARCEL,,,59360,LOOS,2683134,non,,Immeuble,"15,5",50°36'33''N,3°1'29''E,26,7998879,280.0,"14,2"
0592700985,28/05/2025,27/06/2025,,158 AVENUE SAINT MARCEL,,,59360,LOOS,2683134,non,,Immeuble,"15,5",50°36'33''N,3°1'29''E,26,7998877,160.0,"14,2"
0592700982,01/07/2022,29/07/2022,,105 R DU CHATEAU DELATTRE (RESIDENCE DELATTRE),,,59178,DOUAI,2970612,oui,,Immeuble,37,50°23'45''N,3°4'54''E,22,7983031,240.0,"34,8"
0592700982,01/07/2022,29/07/2022,,105 R DU CHATEAU DELATTRE (RESIDENCE DELATTRE),,,59178,DOUAI,2970612,oui,,Immeuble,37,50°23'45''N,3°4'54''E,22,7983027,0.0,"34,8"
0592700982,01/07/2022,29/07/2022,,105 R DU CHATEAU DELATTRE (RESIDENCE DELATTRE),,,59178,DOUAI,2970612,oui,,Immeuble,37,50°23'45''N,3°4'54''E,22,7983029,120.0,"34,8"
0592700982,01/07/2022,29/07/2022,,105 R DU CHATEAU DELATTRE (RESIDENCE DELATTRE),,,59178,DOUAI,2970612,oui,,Immeuble,37,50°23'45''N,3°4'54''E,22,7983035,120.0,"35,5"
0592700982,01/07/2022,29/07/2022,,105 R DU CHATEAU DELATTRE (RESIDENCE DELATTRE),,,59178,DOUAI,2970612,oui,,Immeuble,37,50°23'45''N,3°4'54''E,22,7983037,240.0,"35,5"
0592700982,01/07/2022,29/07/2022,,105 R DU CHATEAU DELATTRE (RESIDENCE DELATTRE),,,59178,DOUAI,2970612,oui,,Immeuble,37,50°23'45''N,3°4'54''E,22,7983033,0.0,"35,5"
0592700978,04/07/2022,05/08/2022,,1 RUE PAUL BOURGET,,,59350,LILLE,2676370,non,,Immeuble,29,50°36'12.298''N,3°3'19.350''E,40,7971531,210.0,"28,1"
0592700978,04/07/2022,05/08/2022,,1 RUE PAUL BOURGET,,,59350,LILLE,2676370,non,,Immeuble,29,50°36'12.298''N,3°3'19.350''E,40,7971529,120.0,"28,1"
0592700978,04/07/2022,05/08/2022,,1 RUE PAUL BOURGET,,,59350,LILLE,2676370,non,,Immeuble,29,50°36'12.298''N,3°3'19.350''E,40,7971527,20.0,"28,1"
0592700977,05/03/2025,04/04/2025,,10 rue des Fiacres ,,,59009,VILLENEUVE-D'ASCQ,3076349,non,,Immeuble,25,50°38'4''N,3°7'28''E,27,7964635,140.0,"21,9"
0592700977,05/03/2025,04/04/2025,,10 rue des Fiacres ,,,59009,VILLENEUVE-D'ASCQ,3076349,non,,Immeuble,25,50°38'4''N,3°7'28''E,27,7964629,140.0,"21,4"
0592700977,05/03/2025,04/04/2025,,10 rue des Fiacres ,,,59009,VILLENEUVE-D'ASCQ,3076349,non,,Immeuble,25,50°38'4''N,3°7'28''E,27,7964627,50.0,"21,4"
0592700977,05/03/2025,04/04/2025,,10 rue des Fiacres ,,,59009,VILLENEUVE-D'ASCQ,3076349,non,,Immeuble,25,50°38'4''N,3°7'28''E,27,7964631,300.0,"21,4"
0592700977,05/03/2025,04/04/2025,,10 rue des Fiacres ,,,59009,VILLENEUVE-D'ASCQ,3076349,non,,Immeuble,25,50°38'4''N,3°7'28''E,27,7964633,50.0,"21,9"
0592700977,05/03/2025,04/04/2025,,10 rue des Fiacres ,,,59009,VILLENEUVE-D'ASCQ,3076349,non,,Immeuble,25,50°38'4''N,3°7'28''E,27,7964637,300.0,"21,9"
0592700975,05/03/2025,04/04/2025,,41 BRUE DES DURIEZ,,,59421,MOUVAUX,2674703,non,,Immeuble,"13,4",50°41'44.129''N,3°8'25.090''E,40,7964625,280.0,"14,1"
0592700975,05/03/2025,04/04/2025,,41 BRUE DES DURIEZ,,,59421,MOUVAUX,2674703,non,,Immeuble,"13,4",50°41'44.129''N,3°8'25.090''E,40,9308986,170.0,"14,1"
0592700975,05/03/2025,04/04/2025,,41 BRUE DES DURIEZ,,,59421,MOUVAUX,2674703,non,,Immeuble,"13,4",50°41'44.129''N,3°8'25.090''E,40,9308984,80.0,"14,1"
0592700975,05/03/2025,04/04/2025,,41 BRUE DES DURIEZ,,,59421,MOUVAUX,2674703,non,,Immeuble,"13,4",50°41'44.129''N,3°8'25.090''E,40,7964623,170.0,"14,1"
0592700975,05/03/2025,04/04/2025,,41 BRUE DES DURIEZ,,,59421,MOUVAUX,2674703,non,,Immeuble,"13,4",50°41'44.129''N,3°8'25.090''E,40,7964621,80.0,"14,1"
0592700975,05/03/2025,04/04/2025,,41 BRUE DES DURIEZ,,,59421,MOUVAUX,2674703,non,,Immeuble,"13,4",50°41'44.129''N,3°8'25.090''E,40,9308988,280.0,"14,1"
0592700974,22/05/2025,20/06/2025,,14 RUE DES SAULES,,,59009,VILLENEUVE-D'ASCQ,2674701,non,,Bâtiment,39,50°37'14''N,3°8'56''E,31,7964613,350.0,38
0592700974,22/05/2025,20/06/2025,,14 RUE DES SAULES,,,59009,VILLENEUVE-D'ASCQ,2674701,non,,Bâtiment,39,50°37'14''N,3°8'56''E,31,7964609,120.0,38
0592700974,22/05/2025,20/06/2025,,14 RUE DES SAULES,,,59009,VILLENEUVE-D'ASCQ,2674701,non,,Bâtiment,39,50°37'14''N,3°8'56''E,31,7964615,120.0,"37,4"
0592700974,22/05/2025,20/06/2025,,14 RUE DES SAULES,,,59009,VILLENEUVE-D'ASCQ,2674701,non,,Bâtiment,39,50°37'14''N,3°8'56''E,31,7964611,260.0,38
0592700974,22/05/2025,20/06/2025,,14 RUE DES SAULES,,,59009,VILLENEUVE-D'ASCQ,2674701,non,,Bâtiment,39,50°37'14''N,3°8'56''E,31,7964619,340.0,"37,4"
0592700974,22/05/2025,20/06/2025,,14 RUE DES SAULES,,,59009,VILLENEUVE-D'ASCQ,2674701,non,,Bâtiment,39,50°37'14''N,3°8'56''E,31,7964617,260.0,"37,4"
0592700965,05/03/2025,07/11/2025,,RUE JULES VALLES,Résidence square normandie,,59350,LILLE,2662877,non,,Bâtiment,"16,7",50°38'57''N,3°5'47''E,37,7903104,20.0,"14,4"
0592700965,05/03/2025,07/11/2025,,RUE JULES VALLES,Résidence square normandie,,59350,LILLE,2662877,non,,Bâtiment,"16,7",50°38'57''N,3°5'47''E,37,7903108,270.0,"14,4"
0592700965,05/03/2025,07/11/2025,,RUE JULES VALLES,Résidence square normandie,,59350,LILLE,2662877,non,,Bâtiment,"16,7",50°38'57''N,3°5'47''E,37,7903098,20.0,15
0592700965,05/03/2025,07/11/2025,,RUE JULES VALLES,Résidence square normandie,,59350,LILLE,2662877,non,,Bâtiment,"16,7",50°38'57''N,3°5'47''E,37,7903102,270.0,15
0592700965,05/03/2025,07/11/2025,,RUE JULES VALLES,Résidence square normandie,,59350,LILLE,2662877,non,,Bâtiment,"16,7",50°38'57''N,3°5'47''E,37,7903100,120.0,15
0592700965,05/03/2025,07/11/2025,,RUE JULES VALLES,Résidence square normandie,,59350,LILLE,2662877,non,,Bâtiment,"16,7",50°38'57''N,3°5'47''E,37,7903106,120.0,"14,4"
0592700953,23/06/2021,23/07/2021,,ALLEE DES ACACIAS (LOMME),RESIDENCE VILOGIA ACACIAS,,59350,LILLE,2481825,oui,,Immeuble,23,50°39'3''N,2°59'20''E,40,7047696,350.0,"18,9"
0592700953,23/06/2021,23/07/2021,,ALLEE DES ACACIAS (LOMME),RESIDENCE VILOGIA ACACIAS,,59350,LILLE,2481825,oui,,Immeuble,23,50°39'3''N,2°59'20''E,40,7047692,80.0,"18,9"
0592700953,23/06/2021,23/07/2021,,ALLEE DES ACACIAS (LOMME),RESIDENCE VILOGIA ACACIAS,,59350,LILLE,2481825,oui,,Immeuble,23,50°39'3''N,2°59'20''E,40,7047694,210.0,"18,9"
0592700953,23/06/2021,23/07/2021,,ALLEE DES ACACIAS (LOMME),RESIDENCE VILOGIA ACACIAS,,59350,LILLE,2481825,oui,,Immeuble,23,50°39'3''N,2°59'20''E,40,7047698,80.0,"18,3"
0592700953,23/06/2021,23/07/2021,,ALLEE DES ACACIAS (LOMME),RESIDENCE VILOGIA ACACIAS,,59350,LILLE,2481825,oui,,Immeuble,23,50°39'3''N,2°59'20''E,40,7047700,210.0,"18,3"
0592700953,23/06/2021,23/07/2021,,ALLEE DES ACACIAS (LOMME),RESIDENCE VILOGIA ACACIAS,,59350,LILLE,2481825,oui,,Immeuble,23,50°39'3''N,2°59'20''E,40,7047702,350.0,"18,3"
0592700951,22/06/2021,23/07/2021,,1 rue de la Liberté,,,59079,BEUVRAGES,2481447,oui,,Immeuble,33,50°23'10''N,3°30'26''E,30,7045196,120.0,"22,7"
0592700951,22/06/2021,23/07/2021,,1 rue de la Liberté,,,59079,BEUVRAGES,2481447,oui,,Immeuble,33,50°23'10''N,3°30'26''E,30,7045194,0.0,"26,7"
0592700951,22/06/2021,23/07/2021,,1 rue de la Liberté,,,59079,BEUVRAGES,2481447,oui,,Immeuble,33,50°23'10''N,3°30'26''E,30,7045198,240.0,"26,7"
0592700924,25/08/2021,24/09/2021,,94 RUE LAMARTINE,,,59650,WATTRELOS,2411088,non,,Immeuble,"17,9",50°42'43.177''N,3°11'53.381''E,25,6728833,270.0,"15,6"
0592700924,25/08/2021,24/09/2021,,94 RUE LAMARTINE,,,59650,WATTRELOS,2411088,non,,Immeuble,"17,9",50°42'43.177''N,3°11'53.381''E,25,6728831,190.0,"15,6"
0592700924,25/08/2021,24/09/2021,,94 RUE LAMARTINE,,,59650,WATTRELOS,2411088,non,,Immeuble,"17,9",50°42'43.177''N,3°11'53.381''E,25,6728829,115.0,"15,6"
0592700923,03/12/2021,03/01/2022,,68 AV JOHN FITZGERALD KENNEDY,imm Archimède,,59599,TOURCOING,2410815,oui,,Immeuble,31,50°43'52.120''N,3°8'40.938''E,31,6726885,40.0,"28,5"
0592700923,03/12/2021,03/01/2022,,68 AV JOHN FITZGERALD KENNEDY,imm Archimède,,59599,TOURCOING,2410815,oui,,Immeuble,31,50°43'52.120''N,3°8'40.938''E,31,6726889,270.0,"28,5"
0592700923,03/12/2021,03/01/2022,,68 AV JOHN FITZGERALD KENNEDY,imm Archimède,,59599,TOURCOING,2410815,oui,,Immeuble,31,50°43'52.120''N,3°8'40.938''E,31,7528375,150.0,"30,4"
0592700923,03/12/2021,03/01/2022,,68 AV JOHN FITZGERALD KENNEDY,imm Archimède,,59599,TOURCOING,2410815,oui,,Immeuble,31,50°43'52.120''N,3°8'40.938''E,31,6726887,150.0,"28,5"
0592700923,03/12/2021,03/01/2022,,68 AV JOHN FITZGERALD KENNEDY,imm Archimède,,59599,TOURCOING,2410815,oui,,Immeuble,31,50°43'52.120''N,3°8'40.938''E,31,7528377,270.0,"30,4"
0592700923,03/12/2021,03/01/2022,,68 AV JOHN FITZGERALD KENNEDY,imm Archimède,,59599,TOURCOING,2410815,oui,,Immeuble,31,50°43'52.120''N,3°8'40.938''E,31,7528373,40.0,"30,4"
0592700921,05/11/2021,03/12/2021,Résidence Jules Ferry,17/21 Rue Léon Gambetta,Résidence Jules Ferry,,59163,CROIX,2409887,oui,,Immeuble,31,50°40'31''N,3°8'50''E,32,6726877,320.0,"27,3"
0592700921,05/11/2021,03/12/2021,Résidence Jules Ferry,17/21 Rue Léon Gambetta,Résidence Jules Ferry,,59163,CROIX,2409887,oui,,Immeuble,31,50°40'31''N,3°8'50''E,32,6726875,210.0,"27,3"
0592700921,05/11/2021,03/12/2021,Résidence Jules Ferry,17/21 Rue Léon Gambetta,Résidence Jules Ferry,,59163,CROIX,2409887,oui,,Immeuble,31,50°40'31''N,3°8'50''E,32,6726873,100.0,"27,3"
0592700920,03/12/2021,03/01/2022,,45 RUE DE LA POTONNERIE,,,59512,ROUBAIX,1878490,oui,,Immeuble,23,50°40'58''N,3°11'0''E,32,6756284,220.0,20
0592700920,03/12/2021,03/01/2022,,45 RUE DE LA POTONNERIE,,,59512,ROUBAIX,1878490,oui,,Immeuble,23,50°40'58''N,3°11'0''E,32,6756282,90.0,20
0592700920,03/12/2021,03/01/2022,,45 RUE DE LA POTONNERIE,,,59512,ROUBAIX,1878490,oui,,Immeuble,23,50°40'58''N,3°11'0''E,32,6756286,330.0,20
0592700918,02/11/2021,03/12/2021,,23 IMPASSE BLERIOT,,,59350,LILLE,2410643,non,,Immeuble,"29,5",50°36'56''N,3°1'36''E,23,6726794,100.0,"28,1"
0592700918,02/11/2021,03/12/2021,,23 IMPASSE BLERIOT,,,59350,LILLE,2410643,non,,Immeuble,"29,5",50°36'56''N,3°1'36''E,23,6726798,340.0,"28,1"
0592700918,02/11/2021,03/12/2021,,23 IMPASSE BLERIOT,,,59350,LILLE,2410643,non,,Immeuble,"29,5",50°36'56''N,3°1'36''E,23,7378592,200.0,"28,4"
0592700918,02/11/2021,03/12/2021,,23 IMPASSE BLERIOT,,,59350,LILLE,2410643,non,,Immeuble,"29,5",50°36'56''N,3°1'36''E,23,7378594,340.0,"28,4"
0592700918,02/11/2021,03/12/2021,,23 IMPASSE BLERIOT,,,59350,LILLE,2410643,non,,Immeuble,"29,5",50°36'56''N,3°1'36''E,23,6726796,200.0,"28,1"
0592700918,02/11/2021,03/12/2021,,23 IMPASSE BLERIOT,,,59350,LILLE,2410643,non,,Immeuble,"29,5",50°36'56''N,3°1'36''E,23,7378590,100.0,"28,4"
0592700916,10/02/2023,10/03/2023,,4 AVENUE DES COTTAGES,"Résidence ""Les Cottages""",,59512,ROUBAIX,2391256,oui,,Immeuble,24,50°40'43''N,3°9'40''E,41,6641924,30.0,"22,6"
0592700916,10/02/2023,10/03/2023,,4 AVENUE DES COTTAGES,"Résidence ""Les Cottages""",,59512,ROUBAIX,2391256,oui,,Immeuble,24,50°40'43''N,3°9'40''E,41,6641926,150.0,"22,6"
0592700916,10/02/2023,10/03/2023,,4 AVENUE DES COTTAGES,"Résidence ""Les Cottages""",,59512,ROUBAIX,2391256,oui,,Immeuble,24,50°40'43''N,3°9'40''E,41,6641928,270.0,"20,1"
0592700914,27/02/2021,02/04/2021,,2 rue Guillaume de Mortagne,rue Henri Mansard,,59599,TOURCOING,1292161,oui,,Immeuble,34,50°44'11''N,3°10'33''E,39,6571148,240.0,"28,8"
0592700914,27/02/2021,02/04/2021,,2 rue Guillaume de Mortagne,rue Henri Mansard,,59599,TOURCOING,1292161,oui,,Immeuble,34,50°44'11''N,3°10'33''E,39,6571146,150.0,"28,8"
0592700914,27/02/2021,02/04/2021,,2 rue Guillaume de Mortagne,rue Henri Mansard,,59599,TOURCOING,1292161,oui,,Immeuble,34,50°44'11''N,3°10'33''E,39,6571144,20.0,"28,8"
0592700911,10/02/2023,10/03/2023,,45 RUE DE RENAIX,,,59599,TOURCOING,2374251,non,,Immeuble,"18,3",50°43'23''N,3°10'10''E,34,6571890,240.0,"17,6"
0592700911,10/02/2023,10/03/2023,,45 RUE DE RENAIX,,,59599,TOURCOING,2374251,non,,Immeuble,"18,3",50°43'23''N,3°10'10''E,34,6571886,0.0,"17,6"
0592700911,10/02/2023,10/03/2023,,45 RUE DE RENAIX,,,59599,TOURCOING,2374251,non,,Immeuble,"18,3",50°43'23''N,3°10'10''E,34,6571888,120.0,"17,6"
0592700906,14/10/2020,13/11/2020,,2 RUE DE NORMANDIE,,,59383,MARLY,2354580,non,,Immeuble,15,50°20'24.049''N,3°31'4.148''E,56,6486325,55.0,"16,3"
0592700906,14/10/2020,13/11/2020,,2 RUE DE NORMANDIE,,,59383,MARLY,2354580,non,,Immeuble,15,50°20'24.049''N,3°31'4.148''E,56,6486329,285.0,"16,3"
0592700906,14/10/2020,13/11/2020,,2 RUE DE NORMANDIE,,,59383,MARLY,2354580,non,,Immeuble,15,50°20'24.049''N,3°31'4.148''E,56,6486327,115.0,"16,3"
0592700904,26/02/2022,01/04/2022,,Rue SAINT MICHEL,Résidence Desrousseaux,,59350,LILLE,2326112,non,,Bâtiment,45,50°38'0''N,3°4'12''E,22,6380611,70.0,43
0592700904,26/02/2022,01/04/2022,,Rue SAINT MICHEL,Résidence Desrousseaux,,59350,LILLE,2326112,non,,Bâtiment,45,50°38'0''N,3°4'12''E,22,6380613,240.0,43
0592700904,26/02/2022,01/04/2022,,Rue SAINT MICHEL,Résidence Desrousseaux,,59350,LILLE,2326112,non,,Bâtiment,45,50°38'0''N,3°4'12''E,22,6380609,0.0,"43,1"
0592700904,26/02/2022,01/04/2022,,Rue SAINT MICHEL,Résidence Desrousseaux,,59350,LILLE,2326112,non,,Bâtiment,45,50°38'0''N,3°4'12''E,22,7718081,70.0,"42,4"
0592700904,26/02/2022,01/04/2022,,Rue SAINT MICHEL,Résidence Desrousseaux,,59350,LILLE,2326112,non,,Bâtiment,45,50°38'0''N,3°4'12''E,22,7718083,240.0,"40,7"
0592700902,10/02/2023,10/03/2023,,17 R du Président Vincent Auriol,,,59650,WATTRELOS,805566,oui,,Immeuble,30,50°42'15''N,3°14'10''E,35,6356435,0.0,"26,5"
0592700902,10/02/2023,10/03/2023,,17 R du Président Vincent Auriol,,,59650,WATTRELOS,805566,oui,,Immeuble,30,50°42'15''N,3°14'10''E,35,6356439,290.0,"26,8"
0592700902,10/02/2023,10/03/2023,,17 R du Président Vincent Auriol,,,59650,WATTRELOS,805566,oui,,Immeuble,30,50°42'15''N,3°14'10''E,35,6356437,70.0,"26,5"
0592700900,29/10/2021,03/12/2021,,1BIS RUE DU MOLINEL,BÂT A,CAGES A B C,59646,WASQUEHAL,2318697,non,,Immeuble,"20,6",50°40'29''N,3°7'44''E,24,6356425,120.0,"16,8"
0592700900,29/10/2021,03/12/2021,,1BIS RUE DU MOLINEL,BÂT A,CAGES A B C,59646,WASQUEHAL,2318697,non,,Immeuble,"20,6",50°40'29''N,3°7'44''E,24,6356423,0.0,"16,8"
0592700900,29/10/2021,03/12/2021,,1BIS RUE DU MOLINEL,BÂT A,CAGES A B C,59646,WASQUEHAL,2318697,non,,Immeuble,"20,6",50°40'29''N,3°7'44''E,24,6356427,240.0,"16,8"
0592700900,29/10/2021,03/12/2021,,1BIS RUE DU MOLINEL,BÂT A,CAGES A B C,59646,WASQUEHAL,2318697,non,,Immeuble,"20,6",50°40'29''N,3°7'44''E,24,7373161,0.0,"17,3"
0592700900,29/10/2021,03/12/2021,,1BIS RUE DU MOLINEL,BÂT A,CAGES A B C,59646,WASQUEHAL,2318697,non,,Immeuble,"20,6",50°40'29''N,3°7'44''E,24,7373165,240.0,"17,3"
0592700900,29/10/2021,03/12/2021,,1BIS RUE DU MOLINEL,BÂT A,CAGES A B C,59646,WASQUEHAL,2318697,non,,Immeuble,"20,6",50°40'29''N,3°7'44''E,24,7373163,120.0,"17,3"
0592700899,02/07/2025,04/08/2025,,r jehan de tourcoing,Résidence Armancour,,59599,TOURCOING,703353,oui,,Immeuble,32,50°44'22''N,3°11'4''E,35,6356288,150.0,"30,1"
0592700899,02/07/2025,04/08/2025,,r jehan de tourcoing,Résidence Armancour,,59599,TOURCOING,703353,oui,,Immeuble,32,50°44'22''N,3°11'4''E,35,6356290,270.0,"30,1"
0592700899,02/07/2025,04/08/2025,,r jehan de tourcoing,Résidence Armancour,,59599,TOURCOING,703353,oui,,Immeuble,32,50°44'22''N,3°11'4''E,35,6356286,30.0,"30,1"
0592700898,21/07/2020,21/08/2020,,26 RUE DU HAUT VINAGE,,,59646,WASQUEHAL,2318663,non,,Immeuble,"17,4",50°39'46''N,3°7'6''E,25,6356284,300.0,"16,7"
0592700898,21/07/2020,21/08/2020,,26 RUE DU HAUT VINAGE,,,59646,WASQUEHAL,2318663,non,,Immeuble,"17,4",50°39'46''N,3°7'6''E,25,6356282,180.0,"16,7"
0592700898,21/07/2020,21/08/2020,,26 RUE DU HAUT VINAGE,,,59646,WASQUEHAL,2318663,non,,Immeuble,"17,4",50°39'46''N,3°7'6''E,25,6356280,60.0,"16,7"
0592700867,20/04/2022,20/05/2022,,172 BOULEVARD VICTOR HUGO,,,59350,LILLE,2291444,oui,,Immeuble,22,50°37'15.237''N,3°3'25.381''E,25,6262007,350.0,"20,9"
0592700867,20/04/2022,20/05/2022,,172 BOULEVARD VICTOR HUGO,,,59350,LILLE,2291444,oui,,Immeuble,22,50°37'15.237''N,3°3'25.381''E,25,7814188,350.0,"19,9"
0592700867,20/04/2022,20/05/2022,,172 BOULEVARD VICTOR HUGO,,,59350,LILLE,2291444,oui,,Immeuble,22,50°37'15.237''N,3°3'25.381''E,25,6262003,80.0,"20,9"
0592700867,20/04/2022,20/05/2022,,172 BOULEVARD VICTOR HUGO,,,59350,LILLE,2291444,oui,,Immeuble,22,50°37'15.237''N,3°3'25.381''E,25,7814184,80.0,"19,9"
0592700866,18/11/2022,23/12/2022,,67 RUE JULES WATTEEUW,,,59512,ROUBAIX,2291637,non,,Bâtiment,"59,5",50°41'29''N,3°10'57''E,26,6264155,220.0,"57,6"
0592700866,18/11/2022,23/12/2022,,67 RUE JULES WATTEEUW,,,59512,ROUBAIX,2291637,non,,Bâtiment,"59,5",50°41'29''N,3°10'57''E,26,6264153,60.0,"57,6"
0592700866,18/11/2022,23/12/2022,,67 RUE JULES WATTEEUW,,,59512,ROUBAIX,2291637,non,,Bâtiment,"59,5",50°41'29''N,3°10'57''E,26,6264157,330.0,"57,6"
0592700866,18/11/2022,23/12/2022,,67 RUE JULES WATTEEUW,,,59512,ROUBAIX,2291637,non,,Bâtiment,"59,5",50°41'29''N,3°10'57''E,26,8279135,330.0,59
0592700866,18/11/2022,23/12/2022,,67 RUE JULES WATTEEUW,,,59512,ROUBAIX,2291637,non,,Bâtiment,"59,5",50°41'29''N,3°10'57''E,26,8279131,60.0,59
0592700866,18/11/2022,23/12/2022,,67 RUE JULES WATTEEUW,,,59512,ROUBAIX,2291637,non,,Bâtiment,"59,5",50°41'29''N,3°10'57''E,26,8279133,220.0,59
0592700865,29/10/2021,26/11/2021,,9001 Av. de Jussieu,Tour du Fer à Cheval,,59512,ROUBAIX,478474,oui,,Immeuble,61,50°40'14''N,3°9'15''E,26,6258872,240.0,"49,7"
0592700865,29/10/2021,26/11/2021,,9001 Av. de Jussieu,Tour du Fer à Cheval,,59512,ROUBAIX,478474,oui,,Immeuble,61,50°40'14''N,3°9'15''E,26,6258870,120.0,"49,7"
0592700865,29/10/2021,26/11/2021,,9001 Av. de Jussieu,Tour du Fer à Cheval,,59512,ROUBAIX,478474,oui,,Immeuble,61,50°40'14''N,3°9'15''E,26,6258868,0.0,"49,7"
0592700853,02/07/2025,04/08/2025,,47 Bd Léon Jouhaux,Tour de Tilleul,,59650,WATTRELOS,805586,oui,,Immeuble,63,50°42'50''N,3°10'31''E,39,6174286,40.0,"49,6"
0592700853,02/07/2025,04/08/2025,,47 Bd Léon Jouhaux,Tour de Tilleul,,59650,WATTRELOS,805586,oui,,Immeuble,63,50°42'50''N,3°10'31''E,39,6174288,160.0,"48,6"
0592700853,02/07/2025,04/08/2025,,47 Bd Léon Jouhaux,Tour de Tilleul,,59650,WATTRELOS,805586,oui,,Immeuble,63,50°42'50''N,3°10'31''E,39,6174290,280.0,"48,6"
0592700852,17/11/2021,17/12/2021,,310 RUE DES FUSILLES,,,59009,VILLENEUVE-D'ASCQ,1435742,oui,,Bâtiment,"31,8",50°36'31''N,3°9'57''E,39,6279785,240.0,"22,4"
0592700852,17/11/2021,17/12/2021,,310 RUE DES FUSILLES,,,59009,VILLENEUVE-D'ASCQ,1435742,oui,,Bâtiment,"31,8",50°36'31''N,3°9'57''E,39,6279783,120.0,"22,4"
0592700852,17/11/2021,17/12/2021,,310 RUE DES FUSILLES,,,59009,VILLENEUVE-D'ASCQ,1435742,oui,,Bâtiment,"31,8",50°36'31''N,3°9'57''E,39,6279787,0.0,"22,4"
0592700833,10/02/2023,10/03/2023,,350 AVENUE DE RECKLINGHAUSEN,,,59178,DOUAI,2600553,non,,Immeuble,42,50°21'44.650''N,3°4'32.354''E,27,6033195,0.0,"40,4"
0592700833,10/02/2023,10/03/2023,,350 AVENUE DE RECKLINGHAUSEN,,,59178,DOUAI,2600553,non,,Immeuble,42,50°21'44.650''N,3°4'32.354''E,27,6033197,120.0,"40,4"
0592700833,10/02/2023,10/03/2023,,350 AVENUE DE RECKLINGHAUSEN,,,59178,DOUAI,2600553,non,,Immeuble,42,50°21'44.650''N,3°4'32.354''E,27,6033199,240.0,"40,4"
0592700832,05/08/2022,02/09/2022,,2 RUE ALBERT CALMETTE,,,59606,VALENCIENNES,2272274,non,,Bâtiment,"28,8",50°21'11''N,3°29'28''E,51,7900414,300.0,"26,7"
0592700832,05/08/2022,02/09/2022,,2 RUE ALBERT CALMETTE,,,59606,VALENCIENNES,2272274,non,,Bâtiment,"28,8",50°21'11''N,3°29'28''E,51,6196884,165.0,26
0592700832,05/08/2022,02/09/2022,,2 RUE ALBERT CALMETTE,,,59606,VALENCIENNES,2272274,non,,Bâtiment,"28,8",50°21'11''N,3°29'28''E,51,6196886,300.0,"25,8"
0592700832,05/08/2022,02/09/2022,,2 RUE ALBERT CALMETTE,,,59606,VALENCIENNES,2272274,non,,Bâtiment,"28,8",50°21'11''N,3°29'28''E,51,6196882,60.0,26
0592700832,05/08/2022,02/09/2022,,2 RUE ALBERT CALMETTE,,,59606,VALENCIENNES,2272274,non,,Bâtiment,"28,8",50°21'11''N,3°29'28''E,51,7900410,60.0,"26,7"
0592700832,05/08/2022,02/09/2022,,2 RUE ALBERT CALMETTE,,,59606,VALENCIENNES,2272274,non,,Bâtiment,"28,8",50°21'11''N,3°29'28''E,51,7900412,165.0,"26,7"
0592700830,27/10/2022,25/11/2022,,2 AVENUE CHARLES DE GAULLE,,,59544,SAINT-SAULVE,2219432,non,,Bâtiment,"25,4",50°22'4.271''N,3°33'29.246''E,36,6012376,240.0,"20,3"
0592700830,27/10/2022,25/11/2022,,2 AVENUE CHARLES DE GAULLE,,,59544,SAINT-SAULVE,2219432,non,,Bâtiment,"25,4",50°22'4.271''N,3°33'29.246''E,36,6012374,120.0,"20,1"
0592700830,27/10/2022,25/11/2022,,2 AVENUE CHARLES DE GAULLE,,,59544,SAINT-SAULVE,2219432,non,,Bâtiment,"25,4",50°22'4.271''N,3°33'29.246''E,36,6012372,0.0,"20,3"
0592700810,27/01/2023,24/02/2023,,45 av de l'europe,,,59508,RONCQ,2206908,oui,,Bâtiment,14,50°45'15''N,3°7'52''E,27,5965667,0.0,"13,3"
0592700810,27/01/2023,24/02/2023,,45 av de l'europe,,,59508,RONCQ,2206908,oui,,Bâtiment,14,50°45'15''N,3°7'52''E,27,5965669,120.0,"13,3"
0592700810,27/01/2023,24/02/2023,,45 av de l'europe,,,59508,RONCQ,2206908,oui,,Bâtiment,14,50°45'15''N,3°7'52''E,27,5965671,240.0,"13,3"
0592700808,22/06/2019,26/07/2019,,4 RUE WATTEAU,,,59560,SECLIN,2169791,oui,,Immeuble,25,50°32'32''N,3°1'29''E,25,5829788,60.0,"23,1"
0592700808,22/06/2019,26/07/2019,,4 RUE WATTEAU,,,59560,SECLIN,2169791,oui,,Immeuble,25,50°32'32''N,3°1'29''E,25,5829790,260.0,"23,1"
0592700808,22/06/2019,26/07/2019,,4 RUE WATTEAU,,,59560,SECLIN,2169791,oui,,Immeuble,25,50°32'32''N,3°1'29''E,25,5829792,340.0,"23,1"
0592700802,15/09/2021,15/10/2021,,4 r leon gambetta,,,59286,HAUBOURDIN,1543122,oui,,Immeuble,"28,4",50°36'36''N,2°58'57''E,22,5898323,120.0,"24,4"
0592700802,15/09/2021,15/10/2021,,4 r leon gambetta,,,59286,HAUBOURDIN,1543122,oui,,Immeuble,"28,4",50°36'36''N,2°58'57''E,22,5898327,330.0,"24,4"
0592700802,15/09/2021,15/10/2021,,4 r leon gambetta,,,59286,HAUBOURDIN,1543122,oui,,Immeuble,"28,4",50°36'36''N,2°58'57''E,22,5898325,240.0,"24,4"
0592700799,10/05/2022,10/06/2022,,420 rue des nation unies,,,59512,ROUBAIX,2141651,oui,,Immeuble,24,50°41'41''N,3°10'21''E,36,5728970,250.0,"23,4"
0592700799,10/05/2022,10/06/2022,,420 rue des nation unies,,,59512,ROUBAIX,2141651,oui,,Immeuble,24,50°41'41''N,3°10'21''E,36,5728972,320.0,"23,4"
0592700799,10/05/2022,10/06/2022,,420 rue des nation unies,,,59512,ROUBAIX,2141651,oui,,Immeuble,24,50°41'41''N,3°10'21''E,36,5728968,180.0,"23,4"
0592700794,09/02/2022,11/03/2022,,29 R St Vincent de Paul,imm abc export,,59650,WATTRELOS,462573,oui,,Immeuble,17,50°42'16''N,3°12'16''E,28,5673135,150.0,"13,7"
0592700794,09/02/2022,11/03/2022,,29 R St Vincent de Paul,imm abc export,,59650,WATTRELOS,462573,oui,,Immeuble,17,50°42'16''N,3°12'16''E,28,5673137,260.0,"13,7"
0592700794,09/02/2022,11/03/2022,,29 R St Vincent de Paul,imm abc export,,59650,WATTRELOS,462573,oui,,Immeuble,17,50°42'16''N,3°12'16''E,28,5673133,10.0,"13,7"
0592700792,14/10/2021,15/11/2021,,14 BD JEANNE D'ARC,Résidence de la porte d'Arras,,59178,DOUAI,1281891,oui,,Immeuble,27,50°21'59''N,3°4'0''E,28,5528778,80.0,"22,2"
0592700792,14/10/2021,15/11/2021,,14 BD JEANNE D'ARC,Résidence de la porte d'Arras,,59178,DOUAI,1281891,oui,,Immeuble,27,50°21'59''N,3°4'0''E,28,5528782,320.0,"22,2"
0592700792,14/10/2021,15/11/2021,,14 BD JEANNE D'ARC,Résidence de la porte d'Arras,,59178,DOUAI,1281891,oui,,Immeuble,27,50°21'59''N,3°4'0''E,28,5528780,200.0,"22,2"
0592700791,19/03/2025,18/04/2025,,1 Allée du Muguet,,,59014,ANZIN,2085512,oui,,Immeuble,27,50°22'26.000''N,3°29'53.965''E,50,5528774,90.0,"27,3"
0592700791,19/03/2025,18/04/2025,,1 Allée du Muguet,,,59014,ANZIN,2085512,oui,,Immeuble,27,50°22'26.000''N,3°29'53.965''E,50,5528776,180.0,"27,3"
0592700791,19/03/2025,18/04/2025,,1 Allée du Muguet,,,59014,ANZIN,2085512,oui,,Immeuble,27,50°22'26.000''N,3°29'53.965''E,50,5528772,0.0,"27,3"
0592700789,30/05/2024,28/06/2024,,106 r de la Croix Rouge/r des Piats,Rés des Piats,,59599,TOURCOING,462982,oui,,Immeuble,"32,1",50°43'38''N,3°10'25''E,35,5526816,40.0,"30,6"
0592700789,30/05/2024,28/06/2024,,106 r de la Croix Rouge/r des Piats,Rés des Piats,,59599,TOURCOING,462982,oui,,Immeuble,"32,1",50°43'38''N,3°10'25''E,35,5526818,140.0,"30,6"
0592700789,30/05/2024,28/06/2024,,106 r de la Croix Rouge/r des Piats,Rés des Piats,,59599,TOURCOING,462982,oui,,Immeuble,"32,1",50°43'38''N,3°10'25''E,35,5526820,230.0,"30,6"
0592700788,06/12/2018,04/01/2019,,RUE DU MARECHAL LECLERC,Résidence Villères Campo,,59574,SOMAIN,2084937,oui,,Immeuble,20,50°21'43''N,3°16'25''E,23,5526808,220.0,"17,8"
0592700788,06/12/2018,04/01/2019,,RUE DU MARECHAL LECLERC,Résidence Villères Campo,,59574,SOMAIN,2084937,oui,,Immeuble,20,50°21'43''N,3°16'25''E,23,5526810,120.0,"17,8"
0592700788,06/12/2018,04/01/2019,,RUE DU MARECHAL LECLERC,Résidence Villères Campo,,59574,SOMAIN,2084937,oui,,Immeuble,20,50°21'43''N,3°16'25''E,23,5526812,10.0,"17,8"
0592700785,03/10/2024,31/10/2024,,13 BD PAUL BEZIN ,RES CHARLES QUINT,,59122,CAMBRAI,81132,oui,,Immeuble,41,50°10'22''N,3°14'26''E,64,7464854,140.0,"34,3"
0592700785,03/10/2024,31/10/2024,,13 BD PAUL BEZIN ,RES CHARLES QUINT,,59122,CAMBRAI,81132,oui,,Immeuble,41,50°10'22''N,3°14'26''E,64,5524258,30.0,"34,6"
0592700785,03/10/2024,31/10/2024,,13 BD PAUL BEZIN ,RES CHARLES QUINT,,59122,CAMBRAI,81132,oui,,Immeuble,41,50°10'22''N,3°14'26''E,64,5524262,290.0,"34,6"
0592700785,03/10/2024,31/10/2024,,13 BD PAUL BEZIN ,RES CHARLES QUINT,,59122,CAMBRAI,81132,oui,,Immeuble,41,50°10'22''N,3°14'26''E,64,7464852,30.0,"34,3"
0592700785,03/10/2024,31/10/2024,,13 BD PAUL BEZIN ,RES CHARLES QUINT,,59122,CAMBRAI,81132,oui,,Immeuble,41,50°10'22''N,3°14'26''E,64,5524260,140.0,"34,6"
0592700785,03/10/2024,31/10/2024,,13 BD PAUL BEZIN ,RES CHARLES QUINT,,59122,CAMBRAI,81132,oui,,Immeuble,41,50°10'22''N,3°14'26''E,64,7464856,290.0,"34,3"
0592700741,23/04/2020,25/05/2020,LE BOIS DINOIR,R DE NOYELLES - D29,Ancienne Briquetterie,,59476,PROVILLE,438720,oui,,Bâtiment,"25,2",50°9'16''N,3°12'13''E,72,5188196,20.0,"18,8"
0592700741,23/04/2020,25/05/2020,LE BOIS DINOIR,R DE NOYELLES - D29,Ancienne Briquetterie,,59476,PROVILLE,438720,oui,,Bâtiment,"25,2",50°9'16''N,3°12'13''E,72,5188194,230.0,"18,8"
0592700741,23/04/2020,25/05/2020,LE BOIS DINOIR,R DE NOYELLES - D29,Ancienne Briquetterie,,59476,PROVILLE,438720,oui,,Bâtiment,"25,2",50°9'16''N,3°12'13''E,72,5188198,110.0,"18,8"
0592700740,19/01/2018,16/02/2018,,15 PLACE RIHOUR,IMMEUBLE LA CHICOREE,,59350,LILLE,1937966,non,,Immeuble,21,50°38'9''N,3°3'47''E,28,5013517,,"14,9"
0592700739,02/05/2025,06/06/2025,,41 RUE ESQUERMOISE,,,59350,LILLE,1931480,non,,Bâtiment,"19,8",50°38'17''N,3°3'41''E,20,4992958,,"6,3"
0592700738,26/11/2021,23/12/2021,,r Baggio,,,59350,LILLE,1900616,oui,,Immeuble,26,50°37'5''N,3°3'46''E,27,4887259,170.0,"23,2"
0592700738,26/11/2021,23/12/2021,,r Baggio,,,59350,LILLE,1900616,oui,,Immeuble,26,50°37'5''N,3°3'46''E,27,4887257,0.0,"23,2"
0592700738,26/11/2021,23/12/2021,,r Baggio,,,59350,LILLE,1900616,oui,,Immeuble,26,50°37'5''N,3°3'46''E,27,4887261,270.0,"23,2"
0592700737,02/05/2025,06/06/2025,,22 SQUARE DU RAMPONNEAU,,,59350,LILLE,1937964,non,,Bâtiment,"12,6",50°38'23''N,3°3'14''E,20,5013515,,"6,3"
0592700733,19/01/2018,16/02/2018,,17 BRUE NEUVE,,,59350,LILLE,1937962,non,,Bâtiment,13,50°38'9''N,3°3'51''E,20,5013513,,"7,4"
0592700732,01/09/2017,29/09/2017,,4 place de l'Arsenal,,,59350,LILLE,1885731,non,,Bâtiment,"11,7",50°38'15''N,3°3'29''E,20,4838664,360.0,"6,4"
0592700731,11/01/2018,09/02/2018,,25 RUE SAINT ETIENNE,,,59350,LILLE,1934883,non,,Bâtiment,10,50°38'12''N,3°3'39''E,20,5003067,360.0,"7,4"
0592700729,16/01/2023,17/02/2023,,64 Place du Général De Gaulle,Parfumerie du soleil d'or,,59350,LILLE,1937960,non,,Immeuble,"13,3",50°38'15''N,3°3'47''E,20,5013511,,"7,1"
0592700728,11/08/2017,08/09/2017,,12/14  RUE LEON TRULIN,,,59350,LILLE,1880414,oui,,Immeuble,24,50°38'16.493''N,3°3'59.118''E,20,4822387,0.0,"22,6"
0592700727,19/01/2018,16/02/2018,,51 RUE DES ARTS,,,59350,LILLE,1938336,non,,Immeuble,"15,6",50°38'20''N,3°3'56''E,20,5013509,0.0,"13,4"
0592700723,09/01/2018,09/02/2018,,42 RUE DE LA BARRE,,,59350,LILLE,1933617,non,,Immeuble,10,50°38'19''N,3°3'23''E,20,4999074,65.0,"6,2"
0592700722,12/01/2018,16/02/2018,,40 R DE BETHUNE,UGC,,59350,LILLE,2207939,oui,,Bâtiment,"7,4",50°38'3''N,3°3'49''E,20,5004533,,"7,4"
0592700709,14/10/2021,15/11/2021,,r Marconi,Cite scientifique,,59009,VILLENEUVE-D'ASCQ,1771716,oui,,Bâtiment,18,50°36'41''N,3°8'5''E,41,4494594,310.0,"11,1"
0592700709,14/10/2021,15/11/2021,,r Marconi,Cite scientifique,,59009,VILLENEUVE-D'ASCQ,1771716,oui,,Bâtiment,18,50°36'41''N,3°8'5''E,41,4494592,240.0,"11,1"
0592700698,30/05/2024,28/06/2024,,27 rue ROBERT SCHUMAN,,,59183,DUNKERQUE,1680039,oui,,Immeuble,19,51°2'54''N,2°25'52''E,4,4238771,280.0,"17,5"
0592700698,30/05/2024,28/06/2024,,27 rue ROBERT SCHUMAN,,,59183,DUNKERQUE,1680039,oui,,Immeuble,19,51°2'54''N,2°25'52''E,4,4238767,30.0,"17,5"
0592700698,30/05/2024,28/06/2024,,27 rue ROBERT SCHUMAN,,,59183,DUNKERQUE,1680039,oui,,Immeuble,19,51°2'54''N,2°25'52''E,4,4238769,180.0,"17,5"
0592700692,24/12/2022,03/02/2023,,rue Fernand Kamette,imm Christophe Colomb,Résidence Les Explorateurs,59225,FEIGNIES,1673509,oui,,Bâtiment,28,50°17'39''N,3°55'11''E,145,4223666,350.0,"26,8"
0592700692,24/12/2022,03/02/2023,,rue Fernand Kamette,imm Christophe Colomb,Résidence Les Explorateurs,59225,FEIGNIES,1673509,oui,,Bâtiment,28,50°17'39''N,3°55'11''E,145,4223664,260.0,"26,8"
0592700692,24/12/2022,03/02/2023,,rue Fernand Kamette,imm Christophe Colomb,Résidence Les Explorateurs,59225,FEIGNIES,1673509,oui,,Bâtiment,28,50°17'39''N,3°55'11''E,145,4223662,120.0,"26,8"
0592700689,20/05/2022,17/06/2022,,ALL D'HALVER,IMM SEQUOIA,,59291,HAUTMONT,501261,oui,,Immeuble,"28,3",50°15'21''N,3°54'9''E,162,4218732,10.0,27
0592700689,20/05/2022,17/06/2022,,ALL D'HALVER,IMM SEQUOIA,,59291,HAUTMONT,501261,oui,,Immeuble,"28,3",50°15'21''N,3°54'9''E,162,4218736,180.0,27
0592700689,20/05/2022,17/06/2022,,ALL D'HALVER,IMM SEQUOIA,,59291,HAUTMONT,501261,oui,,Immeuble,"28,3",50°15'21''N,3°54'9''E,162,4218734,100.0,27
0592700689,20/05/2022,17/06/2022,,ALL D'HALVER,IMM SEQUOIA,,59291,HAUTMONT,501261,oui,,Immeuble,"28,3",50°15'21''N,3°54'9''E,162,7427620,180.0,28
0592700689,20/05/2022,17/06/2022,,ALL D'HALVER,IMM SEQUOIA,,59291,HAUTMONT,501261,oui,,Immeuble,"28,3",50°15'21''N,3°54'9''E,162,7427616,10.0,28
0592700689,20/05/2022,17/06/2022,,ALL D'HALVER,IMM SEQUOIA,,59291,HAUTMONT,501261,oui,,Immeuble,"28,3",50°15'21''N,3°54'9''E,162,7427618,100.0,28
0592700687,10/05/2022,10/06/2022,,avenue de l'europe,residence le moulin,,59392,MAUBEUGE,1674188,oui,,Immeuble,43,50°16'46''N,3°57'52''E,149,4224565,90.0,"36,6"
0592700687,10/05/2022,10/06/2022,,avenue de l'europe,residence le moulin,,59392,MAUBEUGE,1674188,oui,,Immeuble,43,50°16'46''N,3°57'52''E,149,4224569,295.0,"36,5"
0592700687,10/05/2022,10/06/2022,,avenue de l'europe,residence le moulin,,59392,MAUBEUGE,1674188,oui,,Immeuble,43,50°16'46''N,3°57'52''E,149,7844286,210.0,"37,2"
0592700687,10/05/2022,10/06/2022,,avenue de l'europe,residence le moulin,,59392,MAUBEUGE,1674188,oui,,Immeuble,43,50°16'46''N,3°57'52''E,149,7844284,90.0,"37,2"
0592700687,10/05/2022,10/06/2022,,avenue de l'europe,residence le moulin,,59392,MAUBEUGE,1674188,oui,,Immeuble,43,50°16'46''N,3°57'52''E,149,4224567,210.0,"36,5"
0592700687,10/05/2022,10/06/2022,,avenue de l'europe,residence le moulin,,59392,MAUBEUGE,1674188,oui,,Immeuble,43,50°16'46''N,3°57'52''E,149,7844288,295.0,"37,2"
0592700686,10/03/2021,09/04/2021,LE FAUBOURG DES PRÈS DU PARADI,avenue PRESIDENT KENNEDY/IMMEUBLE GALAXY,,,59365,LOUVROIL,1671889,non,,Immeuble,"29,4",50°15'26''N,3°57'2''E,141,4218686,40.0,"26,7"
0592700686,10/03/2021,09/04/2021,LE FAUBOURG DES PRÈS DU PARADI,avenue PRESIDENT KENNEDY/IMMEUBLE GALAXY,,,59365,LOUVROIL,1671889,non,,Immeuble,"29,4",50°15'26''N,3°57'2''E,141,4218688,260.0,"26,7"
0592700686,10/03/2021,09/04/2021,LE FAUBOURG DES PRÈS DU PARADI,avenue PRESIDENT KENNEDY/IMMEUBLE GALAXY,,,59365,LOUVROIL,1671889,non,,Immeuble,"29,4",50°15'26''N,3°57'2''E,141,4218690,330.0,"26,7"
0592700685,28/05/2024,28/06/2024,,R DES JACINTHES,IMM BOURGOGNE,,59291,HAUTMONT,1671908,oui,,Immeuble,17,50°14'38''N,3°55'40''E,170,4218682,310.0,"15,6"
0592700685,28/05/2024,28/06/2024,,R DES JACINTHES,IMM BOURGOGNE,,59291,HAUTMONT,1671908,oui,,Immeuble,17,50°14'38''N,3°55'40''E,170,4218680,210.0,"15,6"
0592700685,28/05/2024,28/06/2024,,R DES JACINTHES,IMM BOURGOGNE,,59291,HAUTMONT,1671908,oui,,Immeuble,17,50°14'38''N,3°55'40''E,170,4218678,50.0,"15,6"
0592700685,28/05/2024,28/06/2024,,R DES JACINTHES,IMM BOURGOGNE,,59291,HAUTMONT,1671908,oui,,Immeuble,17,50°14'38''N,3°55'40''E,170,9278774,210.0,15
0592700685,28/05/2024,28/06/2024,,R DES JACINTHES,IMM BOURGOGNE,,59291,HAUTMONT,1671908,oui,,Immeuble,17,50°14'38''N,3°55'40''E,170,9278776,310.0,15
0592700685,28/05/2024,28/06/2024,,R DES JACINTHES,IMM BOURGOGNE,,59291,HAUTMONT,1671908,oui,,Immeuble,17,50°14'38''N,3°55'40''E,170,9278772,50.0,15
0592700684,01/10/2024,31/10/2024,,49 rue GABRIEL PERI - RESIDENCE MUGUET,,,59104,BOUSSOIS,1671824,oui,,Immeuble,"14,2",50°17'36''N,4°2'48''E,155,4218672,230.0,"14,2"
0592700684,01/10/2024,31/10/2024,,49 rue GABRIEL PERI - RESIDENCE MUGUET,,,59104,BOUSSOIS,1671824,oui,,Immeuble,"14,2",50°17'36''N,4°2'48''E,155,4218670,140.0,"14,2"
0592700684,01/10/2024,31/10/2024,,49 rue GABRIEL PERI - RESIDENCE MUGUET,,,59104,BOUSSOIS,1671824,oui,,Immeuble,"14,2",50°17'36''N,4°2'48''E,155,4218674,350.0,"14,2"
0592700681,16/06/2022,18/07/2022,,12/17/21 r salvador allende,,,59271,GRANDE-SYNTHE,514793,oui,,Immeuble,36,51°0'56''N,2°18'28''E,3,4183921,250.0,"33,9"
0592700681,16/06/2022,18/07/2022,,12/17/21 r salvador allende,,,59271,GRANDE-SYNTHE,514793,oui,,Immeuble,36,51°0'56''N,2°18'28''E,3,4183923,340.0,"33,9"
0592700681,16/06/2022,18/07/2022,,12/17/21 r salvador allende,,,59271,GRANDE-SYNTHE,514793,oui,,Immeuble,36,51°0'56''N,2°18'28''E,3,4183925,125.0,"33,9"
0592700681,16/06/2022,18/07/2022,,12/17/21 r salvador allende,,,59271,GRANDE-SYNTHE,514793,oui,,Immeuble,36,51°0'56''N,2°18'28''E,3,7942381,125.0,36
0592700681,16/06/2022,18/07/2022,,12/17/21 r salvador allende,,,59271,GRANDE-SYNTHE,514793,oui,,Immeuble,36,51°0'56''N,2°18'28''E,3,7942385,340.0,36
0592700681,16/06/2022,18/07/2022,,12/17/21 r salvador allende,,,59271,GRANDE-SYNTHE,514793,oui,,Immeuble,36,51°0'56''N,2°18'28''E,3,7942383,250.0,36
0592700680,26/04/2022,30/05/2022,,17 Rue Quai du Wault,,,59350,LILLE,1658004,non,,Bâtiment,10,50°38'16''N,3°3'17''E,20,4182246,,"7,1"
0592700668,12/05/2022,10/06/2022,Tour Emery,1B  R JACOBSEN,RES ROOSEVELT,,59183,DUNKERQUE,469697,oui,,Immeuble,65,51°2'15.501''N,2°23'17.724''E,3,4174830,310.0,"45,1"
0592700668,12/05/2022,10/06/2022,Tour Emery,1B  R JACOBSEN,RES ROOSEVELT,,59183,DUNKERQUE,469697,oui,,Immeuble,65,51°2'15.501''N,2°23'17.724''E,3,4174828,225.0,"45,1"
0592700668,12/05/2022,10/06/2022,Tour Emery,1B  R JACOBSEN,RES ROOSEVELT,,59183,DUNKERQUE,469697,oui,,Immeuble,65,51°2'15.501''N,2°23'17.724''E,3,4174826,95.0,"45,1"
0592700645,29/01/2019,01/03/2019,,2 AVENUE DE VERDUN,BOULANGERIE BANETTE,,59606,VALENCIENNES,1599543,non,,Immeuble,"13,2",50°21'14''N,3°31'48''E,31,4004305,360.0,"8,6"
0592700642,24/04/2020,25/05/2020,,Aeroport Lille Lesquin,"BP 227, local France Télécom",,59256,FRETIN,1810535,non,,Bâtiment,30,50°34'18''N,3°6'22''E,44,3178719,,"6,3"
0592700639,01/01/2022,04/02/2022,,Héron Parc - 40 rue de la Vague,,,59009,VILLENEUVE-D'ASCQ,1302248,oui,,Immeuble,21,50°36'56''N,3°7'34''E,41,2982661,30.0,"20,7"
0592700639,01/01/2022,04/02/2022,,Héron Parc - 40 rue de la Vague,,,59009,VILLENEUVE-D'ASCQ,1302248,oui,,Immeuble,21,50°36'56''N,3°7'34''E,41,2982665,240.0,"20,7"
0592700639,01/01/2022,04/02/2022,,Héron Parc - 40 rue de la Vague,,,59009,VILLENEUVE-D'ASCQ,1302248,oui,,Immeuble,21,50°36'56''N,3°7'34''E,41,2982663,150.0,"20,7"
0592700633,21/06/2017,21/07/2017,,22 AV DU PEUPLE BELGE,CABINET D'ASSURANCE DESCAMPS D'HAUSSY,,59350,LILLE,1237572,non,,Bâtiment,19,50°38'32''N,3°3'50''E,20,2766897,235.0,"8,2"
0592700632,16/05/2013,14/06/2013,,1 rue Jean Moulin,,,59350,LILLE,1237570,non,,Bâtiment,18,50°38'27.268''N,3°3'33.528''E,20,2766895,140.0,"10,6"
0592700631,16/06/2017,13/07/2017,,1 Rue de Weppes,1 rue des Trois Mollettes,,59350,LILLE,1237568,non,,Bâtiment,13,50°38'23.283''N,3°3'41.189''E,20,2766893,45.0,"12,0"
0592700630,07/07/2017,04/08/2017,,"7, Place Louise de Bettignies",Hôtel de la Treille,,59350,LILLE,1237566,non,,Bâtiment,19,50°38'26.009''N,3°3'50.014''E,19,2766891,45.0,"14,9"
0592700629,29/12/2020,05/02/2021,VIEUX LILLE,27 RUE DES TOURS,,,59350,LILLE,2836325,oui,,Bâtiment,24,50°38'30''N,3°4'0''E,22,2766889,120.0,"10,1"
0592700623,14/11/2024,13/12/2024,,rue rené panhard,ZI aux prés loribes,,59234,FLERS-EN-ESCREBIEUX,1213300,non,,Bâtiment,"11,2",50°24'27''N,3°3'52''E,22,2692204,,"7,6"
0592700623,14/11/2024,13/12/2024,,rue rené panhard,ZI aux prés loribes,,59234,FLERS-EN-ESCREBIEUX,1213300,non,,Bâtiment,"11,2",50°24'27''N,3°3'52''E,22,2692202,,"7,6"
0592700622,16/09/2021,15/10/2021,,113 rue du tilleul,,,59599,TOURCOING,1943781,non,,Immeuble,18,50°43'8''N,3°10'15''E,40,2639142,300.0,"16,1"
0592700622,16/09/2021,15/10/2021,,113 rue du tilleul,,,59599,TOURCOING,1943781,non,,Immeuble,18,50°43'8''N,3°10'15''E,40,2639138,60.0,"16,1"
0592700622,16/09/2021,15/10/2021,,113 rue du tilleul,,,59599,TOURCOING,1943781,non,,Immeuble,18,50°43'8''N,3°10'15''E,40,2639140,180.0,"16,1"
0592700618,20/09/2021,22/10/2021,,"66, r littré",Hotel BALLADINS,,59350,LILLE,639128,oui,,Immeuble,21,50°37'34''N,3°3'6''E,23,2766883,110.0,"19,8"
0592700618,20/09/2021,22/10/2021,,"66, r littré",Hotel BALLADINS,,59350,LILLE,639128,oui,,Immeuble,21,50°37'34''N,3°3'6''E,23,2766887,350.0,"19,8"
0592700618,20/09/2021,22/10/2021,,"66, r littré",Hotel BALLADINS,,59350,LILLE,639128,oui,,Immeuble,21,50°37'34''N,3°3'6''E,23,2766885,225.0,"19,8"
0592700618,20/09/2021,22/10/2021,,"66, r littré",Hotel BALLADINS,,59350,LILLE,639128,oui,,Immeuble,21,50°37'34''N,3°3'6''E,23,7266107,225.0,"19,4"
0592700618,20/09/2021,22/10/2021,,"66, r littré",Hotel BALLADINS,,59350,LILLE,639128,oui,,Immeuble,21,50°37'34''N,3°3'6''E,23,7266109,350.0,"19,4"
0592700618,20/09/2021,22/10/2021,,"66, r littré",Hotel BALLADINS,,59350,LILLE,639128,oui,,Immeuble,21,50°37'34''N,3°3'6''E,23,7266105,110.0,"19,4"
0592700477,12/01/2022,11/02/2022,,14-22 R de Tourcoing,Rés de la Fosse aux Chênes,,59512,ROUBAIX,805772,oui,,Bâtiment,23,50°41'59''N,3°10'29''E,37,2182028,320.0,"17,3"
0592700477,12/01/2022,11/02/2022,,14-22 R de Tourcoing,Rés de la Fosse aux Chênes,,59512,ROUBAIX,805772,oui,,Bâtiment,23,50°41'59''N,3°10'29''E,37,2182026,180.0,"19,8"
0592700477,12/01/2022,11/02/2022,,14-22 R de Tourcoing,Rés de la Fosse aux Chênes,,59512,ROUBAIX,805772,oui,,Bâtiment,23,50°41'59''N,3°10'29''E,37,2182024,60.0,"17,3"
0592700464,26/01/2024,23/02/2024,,r du 8 mai 1945,Mairie,,59268,LA GORGUE,486621,non,,Bâtiment,27,50°38'11''N,2°42'21''E,16,1170267,300.0,"22,5"
0592700464,26/01/2024,23/02/2024,,r du 8 mai 1945,Mairie,,59268,LA GORGUE,486621,non,,Bâtiment,27,50°38'11''N,2°42'21''E,16,1170265,190.0,"22,5"
0592700464,26/01/2024,23/02/2024,,r du 8 mai 1945,Mairie,,59268,LA GORGUE,486621,non,,Bâtiment,27,50°38'11''N,2°42'21''E,16,1170263,50.0,"22,5"
0592700464,26/01/2024,23/02/2024,,r du 8 mai 1945,Mairie,,59268,LA GORGUE,486621,non,,Bâtiment,27,50°38'11''N,2°42'21''E,16,7178270,300.0,"23,2"
0592700464,26/01/2024,23/02/2024,,r du 8 mai 1945,Mairie,,59268,LA GORGUE,486621,non,,Bâtiment,27,50°38'11''N,2°42'21''E,16,7178266,50.0,"24,4"
0592700464,26/01/2024,23/02/2024,,r du 8 mai 1945,Mairie,,59268,LA GORGUE,486621,non,,Bâtiment,27,50°38'11''N,2°42'21''E,16,7178268,190.0,"24,4"
0592700454,16/11/2021,17/12/2021,,R Louis Bergot,Résidence Provence,,59220,FACHES-THUMESNIL,403158,non,,Immeuble,25,50°35'50''N,3°4'42''E,46,979056,100.0,"21,7"
0592700454,16/11/2021,17/12/2021,,R Louis Bergot,Résidence Provence,,59220,FACHES-THUMESNIL,403158,non,,Immeuble,25,50°35'50''N,3°4'42''E,46,979054,0.0,"21,7"
0592700454,16/11/2021,17/12/2021,,R Louis Bergot,Résidence Provence,,59220,FACHES-THUMESNIL,403158,non,,Immeuble,25,50°35'50''N,3°4'42''E,46,7427177,0.0,"22,2"
0592700454,16/11/2021,17/12/2021,,R Louis Bergot,Résidence Provence,,59220,FACHES-THUMESNIL,403158,non,,Immeuble,25,50°35'50''N,3°4'42''E,46,7427179,100.0,"22,2"
0592700452,09/11/2021,10/12/2021,,51-53 r du gl de gaulle,,,59352,LINSELLES,1303056,oui,,Immeuble,"19,6",50°44'17''N,3°4'32''E,36,979088,175.0,"18,5"
0592700452,09/11/2021,10/12/2021,,51-53 r du gl de gaulle,,,59352,LINSELLES,1303056,oui,,Immeuble,"19,6",50°44'17''N,3°4'32''E,36,979090,300.0,"18,5"
0592700452,09/11/2021,10/12/2021,,51-53 r du gl de gaulle,,,59352,LINSELLES,1303056,oui,,Immeuble,"19,6",50°44'17''N,3°4'32''E,36,979086,40.0,"18,5"
0592700451,07/12/2021,07/01/2022,,1 t r jules guesde,,,59367,LYS-LEZ-LANNOY,476606,oui,,Bâtiment,27,50°40'7''N,3°12'23''E,32,1068344,30.0,"19,2"
0592700451,07/12/2021,07/01/2022,,1 t r jules guesde,,,59367,LYS-LEZ-LANNOY,476606,oui,,Bâtiment,27,50°40'7''N,3°12'23''E,32,1068346,130.0,"19,2"
0592700449,09/06/2022,18/07/2022,,Résidence Argonne,Cité Verdun,,59036,AVESNES-SUR-HELPE,682068,oui,,Immeuble,"22,7",50°7'7''N,3°54'50''E,176,702058,280.0,"20,4"
0592700449,09/06/2022,18/07/2022,,Résidence Argonne,Cité Verdun,,59036,AVESNES-SUR-HELPE,682068,oui,,Immeuble,"22,7",50°7'7''N,3°54'50''E,176,702056,160.0,"20,4"
0592700449,09/06/2022,18/07/2022,,Résidence Argonne,Cité Verdun,,59036,AVESNES-SUR-HELPE,682068,oui,,Immeuble,"22,7",50°7'7''N,3°54'50''E,176,702054,60.0,"20,4"
0592700445,22/02/2022,25/03/2022,,r de west-cappel,cheminée,,59499,REXPOEDE,476648,oui,,Bâtiment,30,50°56'14''N,2°32'10''E,20,706666,170.0,"25,7"
0592700445,22/02/2022,25/03/2022,,r de west-cappel,cheminée,,59499,REXPOEDE,476648,oui,,Bâtiment,30,50°56'14''N,2°32'10''E,20,706668,245.0,"25,7"
0592700445,22/02/2022,25/03/2022,,r de west-cappel,cheminée,,59499,REXPOEDE,476648,oui,,Bâtiment,30,50°56'14''N,2°32'10''E,20,706664,40.0,"25,7"
0592700441,10/03/2021,09/04/2021,,47 r Thiers,,,59599,TOURCOING,703379,oui,,Immeuble,"28,7",50°43'3''N,3°9'35''E,39,26300,240.0,"27,4"
0592700441,10/03/2021,09/04/2021,,47 r Thiers,,,59599,TOURCOING,703379,oui,,Immeuble,"28,7",50°43'3''N,3°9'35''E,39,26299,120.0,"27,4"
0592700441,10/03/2021,09/04/2021,,47 r Thiers,,,59599,TOURCOING,703379,oui,,Immeuble,"28,7",50°43'3''N,3°9'35''E,39,26298,0.0,"27,4"
0592700441,10/03/2021,09/04/2021,,47 r Thiers,,,59599,TOURCOING,703379,oui,,Immeuble,"28,7",50°43'3''N,3°9'35''E,39,6835324,120.0,"26,4"
0592700441,10/03/2021,09/04/2021,,47 r Thiers,,,59599,TOURCOING,703379,oui,,Immeuble,"28,7",50°43'3''N,3°9'35''E,39,6835326,240.0,"26,4"
0592700441,10/03/2021,09/04/2021,,47 r Thiers,,,59599,TOURCOING,703379,oui,,Immeuble,"28,7",50°43'3''N,3°9'35''E,39,6835322,0.0,"26,4"
0592700429,18/07/2020,21/08/2020,,190 r de Cambrai,res Autan,,59183,DUNKERQUE,443101,non,,Immeuble,29,51°3'3''N,2°24'40''E,14,964619,160.0,"25,5"
0592700429,18/07/2020,21/08/2020,,190 r de Cambrai,res Autan,,59183,DUNKERQUE,443101,non,,Immeuble,29,51°3'3''N,2°24'40''E,14,964617,60.0,"25,5"
0592700429,18/07/2020,21/08/2020,,190 r de Cambrai,res Autan,,59183,DUNKERQUE,443101,non,,Immeuble,29,51°3'3''N,2°24'40''E,14,964621,290.0,"25,5"
0592700428,17/07/2025,18/08/2025,,68 R chanzy,Entreprise EGPN,,59367,LYS-LEZ-LANNOY,555378,non,,Bâtiment,"12,1",50°40'25''N,3°12'28''E,34,1643523,240.0,"11,5"
0592700428,17/07/2025,18/08/2025,,68 R chanzy,Entreprise EGPN,,59367,LYS-LEZ-LANNOY,555378,non,,Bâtiment,"12,1",50°40'25''N,3°12'28''E,34,1643521,120.0,"11,5"
0592700428,17/07/2025,18/08/2025,,68 R chanzy,Entreprise EGPN,,59367,LYS-LEZ-LANNOY,555378,non,,Bâtiment,"12,1",50°40'25''N,3°12'28''E,34,1643519,0.0,"11,5"
0592700425,09/12/2021,07/01/2022,,92 R D'HAUBOURDIN,,,59220,FACHES-THUMESNIL,2139580,oui,,Bâtiment,15,50°36'0''N,3°4'5''E,40,1286136,190.0,13
0592700425,09/12/2021,07/01/2022,,92 R D'HAUBOURDIN,,,59220,FACHES-THUMESNIL,2139580,oui,,Bâtiment,15,50°36'0''N,3°4'5''E,40,1286138,330.0,13
0592700425,09/12/2021,07/01/2022,,92 R D'HAUBOURDIN,,,59220,FACHES-THUMESNIL,2139580,oui,,Bâtiment,15,50°36'0''N,3°4'5''E,40,1286134,70.0,13
0592700416,01/10/2024,31/10/2024,,2 PL DE LA LIBÉRATION,,,59291,HAUTMONT,1692048,oui,,Bâtiment,"19,6",50°15'3''N,3°55'10''E,133,625391,120.0,"18,1"
0592700416,01/10/2024,31/10/2024,,2 PL DE LA LIBÉRATION,,,59291,HAUTMONT,1692048,oui,,Bâtiment,"19,6",50°15'3''N,3°55'10''E,133,625393,240.0,"16,3"
0592700416,01/10/2024,31/10/2024,,2 PL DE LA LIBÉRATION,,,59291,HAUTMONT,1692048,oui,,Bâtiment,"19,6",50°15'3''N,3°55'10''E,133,625389,0.0,"18,1"
0592700415,06/05/2023,09/06/2023,,43-45 r de paris,imm robelet partenord,,59183,DUNKERQUE,465479,oui,,Immeuble,55,51°1'44.538''N,2°22'23.238''E,3,1135491,190.0,"43,9"
0592700415,06/05/2023,09/06/2023,,43-45 r de paris,imm robelet partenord,,59183,DUNKERQUE,465479,oui,,Immeuble,55,51°1'44.538''N,2°22'23.238''E,3,1135495,280.0,"43,9"
0592700415,06/05/2023,09/06/2023,,43-45 r de paris,imm robelet partenord,,59183,DUNKERQUE,465479,oui,,Immeuble,55,51°1'44.538''N,2°22'23.238''E,3,1135493,100.0,"43,9"
0592700415,06/05/2023,09/06/2023,,43-45 r de paris,imm robelet partenord,,59183,DUNKERQUE,465479,oui,,Immeuble,55,51°1'44.538''N,2°22'23.238''E,3,8684606,280.0,"43,9"
0592700415,06/05/2023,09/06/2023,,43-45 r de paris,imm robelet partenord,,59183,DUNKERQUE,465479,oui,,Immeuble,55,51°1'44.538''N,2°22'23.238''E,3,8684604,190.0,"43,9"
0592700415,06/05/2023,09/06/2023,,43-45 r de paris,imm robelet partenord,,59183,DUNKERQUE,465479,oui,,Immeuble,55,51°1'44.538''N,2°22'23.238''E,3,8684602,100.0,"43,9"
0592700410,20/10/2023,17/11/2023,pl de la gare,GARE SNCF,,,59178,DOUAI,806155,oui,,Bâtiment,"16,6",50°22'18''N,3°5'24''E,25,795013,240.0,"14,8"
0592700410,20/10/2023,17/11/2023,pl de la gare,GARE SNCF,,,59178,DOUAI,806155,oui,,Bâtiment,"16,6",50°22'18''N,3°5'24''E,25,795009,0.0,"14,8"
0592700410,20/10/2023,17/11/2023,pl de la gare,GARE SNCF,,,59178,DOUAI,806155,oui,,Bâtiment,"16,6",50°22'18''N,3°5'24''E,25,795011,120.0,"14,8"
0592700406,18/03/2022,15/04/2022,,Bd de l'esperance - Res Jean Bart,,,59183,DUNKERQUE,1669247,oui,,Immeuble,"33,8",51°1'45''N,2°20'25''E,4,687605,40.0,"33,5"
0592700406,18/03/2022,15/04/2022,,Bd de l'esperance - Res Jean Bart,,,59183,DUNKERQUE,1669247,oui,,Immeuble,"33,8",51°1'45''N,2°20'25''E,4,687607,140.0,"33,5"
0592700406,18/03/2022,15/04/2022,,Bd de l'esperance - Res Jean Bart,,,59183,DUNKERQUE,1669247,oui,,Immeuble,"33,8",51°1'45''N,2°20'25''E,4,687609,260.0,"33,5"
0592700403,04/11/2021,03/12/2021,,4 Chaussée Marcelin Berthelot,SARL Vandenplas,,59599,TOURCOING,703365,oui,,Bâtiment,25,50°43'25''N,3°10'57''E,30,475989,0.0,"13,1"
0592700403,04/11/2021,03/12/2021,,4 Chaussée Marcelin Berthelot,SARL Vandenplas,,59599,TOURCOING,703365,oui,,Bâtiment,25,50°43'25''N,3°10'57''E,30,475993,240.0,"13,1"
0592700403,04/11/2021,03/12/2021,,4 Chaussée Marcelin Berthelot,SARL Vandenplas,,59599,TOURCOING,703365,oui,,Bâtiment,25,50°43'25''N,3°10'57''E,30,475991,120.0,"13,1"
0592700400,18/08/2021,17/09/2021,,10 Av. Victor Hugo,Résidence Les Peupliers,,59368,LA MADELEINE,804655,oui,,Immeuble,45,50°39'15''N,3°4'14''E,28,464143,340.0,"35,8"
0592700400,18/08/2021,17/09/2021,,10 Av. Victor Hugo,Résidence Les Peupliers,,59368,LA MADELEINE,804655,oui,,Immeuble,45,50°39'15''N,3°4'14''E,28,3586378,230.0,"35,8"
0592700400,18/08/2021,17/09/2021,,10 Av. Victor Hugo,Résidence Les Peupliers,,59368,LA MADELEINE,804655,oui,,Immeuble,45,50°39'15''N,3°4'14''E,28,464139,110.0,"35,8"
0592700400,18/08/2021,17/09/2021,,10 Av. Victor Hugo,Résidence Les Peupliers,,59368,LA MADELEINE,804655,oui,,Immeuble,45,50°39'15''N,3°4'14''E,28,7189285,110.0,"35,4"
0592700400,18/08/2021,17/09/2021,,10 Av. Victor Hugo,Résidence Les Peupliers,,59368,LA MADELEINE,804655,oui,,Immeuble,45,50°39'15''N,3°4'14''E,28,7189287,230.0,"35,4"
0592700400,18/08/2021,17/09/2021,,10 Av. Victor Hugo,Résidence Les Peupliers,,59368,LA MADELEINE,804655,oui,,Immeuble,45,50°39'15''N,3°4'14''E,28,7189289,340.0,"35,4"
0592700399,06/11/2021,10/12/2021,,81 r de turenne,imm partenord habitat,,59368,LA MADELEINE,658397,non,,Immeuble,"16,3",50°39'23''N,3°4'36''E,33,1492538,180.0,"15,3"
0592700399,06/11/2021,10/12/2021,,81 r de turenne,imm partenord habitat,,59368,LA MADELEINE,658397,non,,Immeuble,"16,3",50°39'23''N,3°4'36''E,33,1492540,300.0,"15,3"
0592700399,06/11/2021,10/12/2021,,81 r de turenne,imm partenord habitat,,59368,LA MADELEINE,658397,non,,Immeuble,"16,3",50°39'23''N,3°4'36''E,33,1492536,60.0,"15,3"
0592700398,18/01/2019,15/02/2019,,56 av léon blum,Confort Hotel,,59410,MONS-EN-BAROEUL,368827,non,,Immeuble,15,50°39'0''N,3°6'30''E,33,859675,340.0,"14,7"
0592700398,18/01/2019,15/02/2019,,56 av léon blum,Confort Hotel,,59410,MONS-EN-BAROEUL,368827,non,,Immeuble,15,50°39'0''N,3°6'30''E,33,859671,100.0,"14,7"
0592700398,18/01/2019,15/02/2019,,56 av léon blum,Confort Hotel,,59410,MONS-EN-BAROEUL,368827,non,,Immeuble,15,50°39'0''N,3°6'30''E,33,859673,220.0,"14,7"
0592700396,19/03/2025,18/04/2025,,79 r du Faubourg de Douai,,,59350,LILLE,465278,non,,Immeuble,"16,5",50°36'45''N,3°4'31''E,30,1135479,50.0,"16,3"
0592700396,19/03/2025,18/04/2025,,79 r du Faubourg de Douai,,,59350,LILLE,465278,non,,Immeuble,"16,5",50°36'45''N,3°4'31''E,30,1135483,290.0,"16,3"
0592700396,19/03/2025,18/04/2025,,79 r du Faubourg de Douai,,,59350,LILLE,465278,non,,Immeuble,"16,5",50°36'45''N,3°4'31''E,30,1135481,170.0,"16,3"
0592700395,22/10/2021,19/11/2021,,14 r jeanne maillotte,,,59350,LILLE,639758,oui,,Immeuble,26,50°37'54''N,3°3'48''E,20,2448696,305.0,"21,4"
0592700395,22/10/2021,19/11/2021,,14 r jeanne maillotte,,,59350,LILLE,639758,oui,,Immeuble,26,50°37'54''N,3°3'48''E,20,2448692,85.0,"21,4"
0592700395,22/10/2021,19/11/2021,,14 r jeanne maillotte,,,59350,LILLE,639758,oui,,Immeuble,26,50°37'54''N,3°3'48''E,20,2448694,215.0,"21,4"
0592700389,27/05/2021,25/06/2021,,"17, pl de la gare",Hôtel Napoléon,,59350,LILLE,639772,non,,Immeuble,20,50°38'13.614''N,3°4'11.009''E,19,6989018,100.0,"21,1"
0592700389,27/05/2021,25/06/2021,,"17, pl de la gare",Hôtel Napoléon,,59350,LILLE,639772,non,,Immeuble,20,50°38'13.614''N,3°4'11.009''E,19,2574679,280.0,"21,1"
0592700389,27/05/2021,25/06/2021,,"17, pl de la gare",Hôtel Napoléon,,59350,LILLE,639772,non,,Immeuble,20,50°38'13.614''N,3°4'11.009''E,19,2574677,100.0,"21,1"
0592700389,27/05/2021,25/06/2021,,"17, pl de la gare",Hôtel Napoléon,,59350,LILLE,639772,non,,Immeuble,20,50°38'13.614''N,3°4'11.009''E,19,6989020,280.0,"21,1"
0592700386,27/04/2022,30/05/2022,,228 AV ALFRED MOTTE,CCAL,,59512,ROUBAIX,645594,oui,,Bâtiment,35,50°40'31''N,3°11'49''E,36,367872,120.0,"29,4"
0592700386,27/04/2022,30/05/2022,,228 AV ALFRED MOTTE,CCAL,,59512,ROUBAIX,645594,oui,,Bâtiment,35,50°40'31''N,3°11'49''E,36,367870,0.0,"29,4"
0592700386,27/04/2022,30/05/2022,,228 AV ALFRED MOTTE,CCAL,,59512,ROUBAIX,645594,oui,,Bâtiment,35,50°40'31''N,3°11'49''E,36,367874,240.0,"29,4"
0592700383,10/12/2021,07/01/2022,,11 BD LACORDAIRE,Hôpital Victor Provo,,59512,ROUBAIX,473742,oui,,Immeuble,52,50°40'45.727''N,3°10'25.008''E,45,469144,250.0,"29,3"
0592700383,10/12/2021,07/01/2022,,11 BD LACORDAIRE,Hôpital Victor Provo,,59512,ROUBAIX,473742,oui,,Immeuble,52,50°40'45.727''N,3°10'25.008''E,45,469140,30.0,"29,3"
0592700383,10/12/2021,07/01/2022,,11 BD LACORDAIRE,Hôpital Victor Provo,,59512,ROUBAIX,473742,oui,,Immeuble,52,50°40'45.727''N,3°10'25.008''E,45,469142,120.0,"29,3"
0592700380,05/01/2022,04/02/2022,,41 r nationale,LE PRINTEMPS,,59350,LILLE,633570,oui,,Immeuble,49,50°38'10''N,3°3'41''E,20,2448848,0.0,"28,8"
0592700380,05/01/2022,04/02/2022,,41 r nationale,LE PRINTEMPS,,59350,LILLE,633570,oui,,Immeuble,49,50°38'10''N,3°3'41''E,20,2448850,120.0,"33,2"
0592700380,05/01/2022,04/02/2022,,41 r nationale,LE PRINTEMPS,,59350,LILLE,633570,oui,,Immeuble,49,50°38'10''N,3°3'41''E,20,2448852,240.0,"28,8"
0592700379,01/09/2021,01/10/2021,,25 r emilie vandamne,,,59527,SAINT-ANDRE-LEZ-LILLE,317217,non,,Bâtiment,"24,5",50°39'56''N,3°3'26''E,17,1467648,220.0,"22,3"
0592700379,01/09/2021,01/10/2021,,25 r emilie vandamne,,,59527,SAINT-ANDRE-LEZ-LILLE,317217,non,,Bâtiment,"24,5",50°39'56''N,3°3'26''E,17,7230953,220.0,22
0592700379,01/09/2021,01/10/2021,,25 r emilie vandamne,,,59527,SAINT-ANDRE-LEZ-LILLE,317217,non,,Bâtiment,"24,5",50°39'56''N,3°3'26''E,17,1467650,320.0,"22,3"
0592700379,01/09/2021,01/10/2021,,25 r emilie vandamne,,,59527,SAINT-ANDRE-LEZ-LILLE,317217,non,,Bâtiment,"24,5",50°39'56''N,3°3'26''E,17,1467646,60.0,"22,3"
0592700379,01/09/2021,01/10/2021,,25 r emilie vandamne,,,59527,SAINT-ANDRE-LEZ-LILLE,317217,non,,Bâtiment,"24,5",50°39'56''N,3°3'26''E,17,7230955,320.0,22
0592700379,01/09/2021,01/10/2021,,25 r emilie vandamne,,,59527,SAINT-ANDRE-LEZ-LILLE,317217,non,,Bâtiment,"24,5",50°39'56''N,3°3'26''E,17,7230951,60.0,22
0592700378,01/01/2022,04/02/2022,,12 R DU LANGUEDOC,MAIL LAMARTINE,,59410,MONS-EN-BAROEUL,462725,oui,,Immeuble,50,50°38'42''N,3°6'48''E,40,674861,300.0,"44,5"
0592700378,01/01/2022,04/02/2022,,12 R DU LANGUEDOC,MAIL LAMARTINE,,59410,MONS-EN-BAROEUL,462725,oui,,Immeuble,50,50°38'42''N,3°6'48''E,40,674857,60.0,"44,5"
0592700378,01/01/2022,04/02/2022,,12 R DU LANGUEDOC,MAIL LAMARTINE,,59410,MONS-EN-BAROEUL,462725,oui,,Immeuble,50,50°38'42''N,3°6'48''E,40,674859,180.0,"44,5"
0592700372,14/10/2021,15/11/2021,,364 bd  harpignies,,,59606,VALENCIENNES,861208,non,,Immeuble,28,50°21'52''N,3°31'27''E,22,361575,0.0,"26,3"
0592700372,14/10/2021,15/11/2021,,364 bd  harpignies,,,59606,VALENCIENNES,861208,non,,Immeuble,28,50°21'52''N,3°31'27''E,22,361577,240.0,"23,3"
0592700372,14/10/2021,15/11/2021,,364 bd  harpignies,,,59606,VALENCIENNES,861208,non,,Immeuble,28,50°21'52''N,3°31'27''E,22,361579,120.0,"23,3"
0592700372,14/10/2021,15/11/2021,,364 bd  harpignies,,,59606,VALENCIENNES,861208,non,,Immeuble,28,50°21'52''N,3°31'27''E,22,7341377,240.0,"24,2"
0592700372,14/10/2021,15/11/2021,,364 bd  harpignies,,,59606,VALENCIENNES,861208,non,,Immeuble,28,50°21'52''N,3°31'27''E,22,7341375,0.0,"27,4"
0592700372,14/10/2021,15/11/2021,,364 bd  harpignies,,,59606,VALENCIENNES,861208,non,,Immeuble,28,50°21'52''N,3°31'27''E,22,7341379,120.0,"24,2"
0592700361,02/10/2021,05/11/2021,,4 r du Vertuquet,Hôtel NOVOTEL,,59426,NEUVILLE-EN-FERRAIN,740806,non,,Immeuble,"25,3",50°45'43''N,3°9'20''E,48,374508,45.0,"25,3"
0592700361,02/10/2021,05/11/2021,,4 r du Vertuquet,Hôtel NOVOTEL,,59426,NEUVILLE-EN-FERRAIN,740806,non,,Immeuble,"25,3",50°45'43''N,3°9'20''E,48,374506,270.0,"25,3"
0592700361,02/10/2021,05/11/2021,,4 r du Vertuquet,Hôtel NOVOTEL,,59426,NEUVILLE-EN-FERRAIN,740806,non,,Immeuble,"25,3",50°45'43''N,3°9'20''E,48,374504,170.0,"25,3"
0592700355,21/06/2023,21/07/2023,,79 81 R D'ELESMES,,,59392,MAUBEUGE,501376,non,,Bâtiment,"28,7",50°17'8''N,3°58'52''E,141,93877,240.0,"27,4"
0592700355,21/06/2023,21/07/2023,,79 81 R D'ELESMES,,,59392,MAUBEUGE,501376,non,,Bâtiment,"28,7",50°17'8''N,3°58'52''E,141,93879,0.0,"27,4"
0592700355,21/06/2023,21/07/2023,,79 81 R D'ELESMES,,,59392,MAUBEUGE,501376,non,,Bâtiment,"28,7",50°17'8''N,3°58'52''E,141,93881,120.0,"27,4"
0592700350,27/05/2021,25/06/2021,,70-72 façade de l'Esplanade,,,59350,LILLE,639734,oui,,Immeuble,36,50°38'41''N,3°3'7''E,20,2448885,120.0,"24,8"
0592700350,27/05/2021,25/06/2021,,70-72 façade de l'Esplanade,,,59350,LILLE,639734,oui,,Immeuble,36,50°38'41''N,3°3'7''E,20,2448887,240.0,"24,8"
0592700350,27/05/2021,25/06/2021,,70-72 façade de l'Esplanade,,,59350,LILLE,639734,oui,,Immeuble,36,50°38'41''N,3°3'7''E,20,2448883,0.0,"24,8"
0592700349,23/10/2021,26/11/2021,,1 r geoges potié,bd  de la république,,59360,LOOS,795968,oui,,Bâtiment,26,50°36'51''N,3°0'31''E,22,602654,330.0,"23,8"
0592700349,23/10/2021,26/11/2021,,1 r geoges potié,bd  de la république,,59360,LOOS,795968,oui,,Bâtiment,26,50°36'51''N,3°0'31''E,22,602650,90.0,"23,8"
0592700349,23/10/2021,26/11/2021,,1 r geoges potié,bd  de la république,,59360,LOOS,795968,oui,,Bâtiment,26,50°36'51''N,3°0'31''E,22,602652,210.0,"23,8"
0592700349,23/10/2021,26/11/2021,,1 r geoges potié,bd  de la république,,59360,LOOS,795968,oui,,Bâtiment,26,50°36'51''N,3°0'31''E,22,7359493,90.0,"23,4"
0592700349,23/10/2021,26/11/2021,,1 r geoges potié,bd  de la république,,59360,LOOS,795968,oui,,Bâtiment,26,50°36'51''N,3°0'31''E,22,7359495,210.0,"23,4"
0592700349,23/10/2021,26/11/2021,,1 r geoges potié,bd  de la république,,59360,LOOS,795968,oui,,Bâtiment,26,50°36'51''N,3°0'31''E,22,7359497,330.0,"23,4"
0592700348,16/07/2021,13/08/2021,,2 R ST-JUST,rue de la convention,,59350,LILLE,547949,oui,,Immeuble,"31,1",50°38'8.977''N,3°5'39.904''E,23,2448871,70.0,"29,7"
0592700348,16/07/2021,13/08/2021,,2 R ST-JUST,rue de la convention,,59350,LILLE,547949,oui,,Immeuble,"31,1",50°38'8.977''N,3°5'39.904''E,23,2448875,330.0,"29,7"
0592700348,16/07/2021,13/08/2021,,2 R ST-JUST,rue de la convention,,59350,LILLE,547949,oui,,Immeuble,"31,1",50°38'8.977''N,3°5'39.904''E,23,2448873,180.0,"29,7"
0592700347,25/05/2024,28/06/2024,,"91, r de la république-entrée 3",Résidence les Chataigniers,,59183,DUNKERQUE,861218,oui,,Immeuble,34,51°1'43''N,2°21'20''E,4,384049,120.0,"32,4"
0592700347,25/05/2024,28/06/2024,,"91, r de la république-entrée 3",Résidence les Chataigniers,,59183,DUNKERQUE,861218,oui,,Immeuble,34,51°1'43''N,2°21'20''E,4,7854098,240.0,"33,3"
0592700347,25/05/2024,28/06/2024,,"91, r de la république-entrée 3",Résidence les Chataigniers,,59183,DUNKERQUE,861218,oui,,Immeuble,34,51°1'43''N,2°21'20''E,4,7854094,120.0,"33,3"
0592700347,25/05/2024,28/06/2024,,"91, r de la république-entrée 3",Résidence les Chataigniers,,59183,DUNKERQUE,861218,oui,,Immeuble,34,51°1'43''N,2°21'20''E,4,7854096,0.0,"33,3"
0592700347,25/05/2024,28/06/2024,,"91, r de la république-entrée 3",Résidence les Chataigniers,,59183,DUNKERQUE,861218,oui,,Immeuble,34,51°1'43''N,2°21'20''E,4,384051,240.0,"32,4"
0592700347,25/05/2024,28/06/2024,,"91, r de la république-entrée 3",Résidence les Chataigniers,,59183,DUNKERQUE,861218,oui,,Immeuble,34,51°1'43''N,2°21'20''E,4,384047,0.0,"32,4"
0592700345,19/08/2021,17/09/2021,,148 r nationale,,,59350,LILLE,639124,oui,,Immeuble,41,50°38'1''N,3°3'14''E,20,374122,0.0,"36,4"
0592700345,19/08/2021,17/09/2021,,148 r nationale,,,59350,LILLE,639124,oui,,Immeuble,41,50°38'1''N,3°3'14''E,20,7190481,260.0,"36,4"
0592700345,19/08/2021,17/09/2021,,148 r nationale,,,59350,LILLE,639124,oui,,Immeuble,41,50°38'1''N,3°3'14''E,20,374124,120.0,"36,4"
0592700345,19/08/2021,17/09/2021,,148 r nationale,,,59350,LILLE,639124,oui,,Immeuble,41,50°38'1''N,3°3'14''E,20,374126,260.0,"36,4"
0592700345,19/08/2021,17/09/2021,,148 r nationale,,,59350,LILLE,639124,oui,,Immeuble,41,50°38'1''N,3°3'14''E,20,7190479,120.0,"36,3"
0592700345,19/08/2021,17/09/2021,,148 r nationale,,,59350,LILLE,639124,oui,,Immeuble,41,50°38'1''N,3°3'14''E,20,7190483,0.0,"36,4"
0592700344,03/11/2021,03/12/2021,,4 rue d'isly,,,59350,LILLE,2775185,oui,,Immeuble,27,50°37'32''N,3°2'21''E,20,489825,240.0,"23,4"
0592700344,03/11/2021,03/12/2021,,4 rue d'isly,,,59350,LILLE,2775185,oui,,Immeuble,27,50°37'32''N,3°2'21''E,20,489823,120.0,"23,4"
0592700344,03/11/2021,03/12/2021,,4 rue d'isly,,,59350,LILLE,2775185,oui,,Immeuble,27,50°37'32''N,3°2'21''E,20,489821,0.0,"23,4"
0592700343,27/05/2021,25/06/2021,,9/11/13 r de cambrai,,,59350,LILLE,639131,oui,,Immeuble,40,50°37'28.486''N,3°4'18.826''E,24,2574662,240.0,"31,9"
0592700343,27/05/2021,25/06/2021,,9/11/13 r de cambrai,,,59350,LILLE,639131,oui,,Immeuble,40,50°37'28.486''N,3°4'18.826''E,24,6989001,0.0,"30,9"
0592700343,27/05/2021,25/06/2021,,9/11/13 r de cambrai,,,59350,LILLE,639131,oui,,Immeuble,40,50°37'28.486''N,3°4'18.826''E,24,6989005,240.0,"30,9"
0592700343,27/05/2021,25/06/2021,,9/11/13 r de cambrai,,,59350,LILLE,639131,oui,,Immeuble,40,50°37'28.486''N,3°4'18.826''E,24,2574666,120.0,"31,9"
0592700343,27/05/2021,25/06/2021,,9/11/13 r de cambrai,,,59350,LILLE,639131,oui,,Immeuble,40,50°37'28.486''N,3°4'18.826''E,24,2574664,0.0,"31,9"
0592700343,27/05/2021,25/06/2021,,9/11/13 r de cambrai,,,59350,LILLE,639131,oui,,Immeuble,40,50°37'28.486''N,3°4'18.826''E,24,6989003,120.0,"30,9"
0592700341,06/05/2024,14/06/2024,,1 r de la libération,Résidence LOGIS Le Val de Lys,,59279,HALLUIN,436646,oui,,Immeuble,23,50°46'55''N,3°7'37''E,26,26274,120.0,"15,8"
0592700341,06/05/2024,14/06/2024,,1 r de la libération,Résidence LOGIS Le Val de Lys,,59279,HALLUIN,436646,oui,,Immeuble,23,50°46'55''N,3°7'37''E,26,26276,240.0,"15,8"
0592700341,06/05/2024,14/06/2024,,1 r de la libération,Résidence LOGIS Le Val de Lys,,59279,HALLUIN,436646,oui,,Immeuble,23,50°46'55''N,3°7'37''E,26,26275,0.0,"15,8"
0592700339,13/10/2021,15/11/2021,,1000 AV DE DUNKERQUE ,Groupe Rénovation Bât E3 ,,59350,LILLE,2123671,oui,,Immeuble,21,50°38'40''N,2°58'43''E,46,26289,220.0,"19,4"
0592700339,13/10/2021,15/11/2021,,1000 AV DE DUNKERQUE ,Groupe Rénovation Bât E3 ,,59350,LILLE,2123671,oui,,Immeuble,21,50°38'40''N,2°58'43''E,46,26290,120.0,"19,4"
0592700339,13/10/2021,15/11/2021,,1000 AV DE DUNKERQUE ,Groupe Rénovation Bât E3 ,,59350,LILLE,2123671,oui,,Immeuble,21,50°38'40''N,2°58'43''E,46,7330631,0.0,"18,4"
0592700339,13/10/2021,15/11/2021,,1000 AV DE DUNKERQUE ,Groupe Rénovation Bât E3 ,,59350,LILLE,2123671,oui,,Immeuble,21,50°38'40''N,2°58'43''E,46,7330633,120.0,"18,4"
0592700339,13/10/2021,15/11/2021,,1000 AV DE DUNKERQUE ,Groupe Rénovation Bât E3 ,,59350,LILLE,2123671,oui,,Immeuble,21,50°38'40''N,2°58'43''E,46,26291,0.0,"19,4"
0592700339,13/10/2021,15/11/2021,,1000 AV DE DUNKERQUE ,Groupe Rénovation Bât E3 ,,59350,LILLE,2123671,oui,,Immeuble,21,50°38'40''N,2°58'43''E,46,7330635,220.0,"18,4"
0592700335,19/06/2025,18/07/2025,,Bd de l'Europe,imm Touraine,,59392,MAUBEUGE,1692067,oui,,Immeuble,"43,8",50°16'23''N,3°58'30''E,133,592556,0.0,"39,8"
0592700335,19/06/2025,18/07/2025,,Bd de l'Europe,imm Touraine,,59392,MAUBEUGE,1692067,oui,,Immeuble,"43,8",50°16'23''N,3°58'30''E,133,8216016,240.0,"38,9"
0592700335,19/06/2025,18/07/2025,,Bd de l'Europe,imm Touraine,,59392,MAUBEUGE,1692067,oui,,Immeuble,"43,8",50°16'23''N,3°58'30''E,133,592558,120.0,"39,8"
0592700335,19/06/2025,18/07/2025,,Bd de l'Europe,imm Touraine,,59392,MAUBEUGE,1692067,oui,,Immeuble,"43,8",50°16'23''N,3°58'30''E,133,8216012,0.0,"38,9"
0592700335,19/06/2025,18/07/2025,,Bd de l'Europe,imm Touraine,,59392,MAUBEUGE,1692067,oui,,Immeuble,"43,8",50°16'23''N,3°58'30''E,133,8216014,120.0,"38,9"
0592700335,19/06/2025,18/07/2025,,Bd de l'Europe,imm Touraine,,59392,MAUBEUGE,1692067,oui,,Immeuble,"43,8",50°16'23''N,3°58'30''E,133,592560,240.0,"39,8"
0592700334,03/04/2021,07/05/2021,,rue du hainaut,imm du hainaut,,59447,ONNAING,860940,non,,Immeuble,27,50°22'55''N,3°35'56''E,31,26116,240.0,"22,3"
0592700334,03/04/2021,07/05/2021,,rue du hainaut,imm du hainaut,,59447,ONNAING,860940,non,,Immeuble,27,50°22'55''N,3°35'56''E,31,26115,120.0,"22,3"
0592700334,03/04/2021,07/05/2021,,rue du hainaut,imm du hainaut,,59447,ONNAING,860940,non,,Immeuble,27,50°22'55''N,3°35'56''E,31,26114,0.0,"22,3"
0592700334,03/04/2021,07/05/2021,,rue du hainaut,imm du hainaut,,59447,ONNAING,860940,non,,Immeuble,27,50°22'55''N,3°35'56''E,31,6890440,0.0,"24,2"
0592700334,03/04/2021,07/05/2021,,rue du hainaut,imm du hainaut,,59447,ONNAING,860940,non,,Immeuble,27,50°22'55''N,3°35'56''E,31,6890436,120.0,"24,2"
0592700334,03/04/2021,07/05/2021,,rue du hainaut,imm du hainaut,,59447,ONNAING,860940,non,,Immeuble,27,50°22'55''N,3°35'56''E,31,6890438,240.0,"24,2"
0592700333,26/05/2021,25/06/2021,,rue du Docteur Huart,,,59350,LILLE,1454432,oui,,Immeuble,"19,2",50°38'4''N,3°6'55''E,28,1477070,260.0,"15,3"
0592700333,26/05/2021,25/06/2021,,rue du Docteur Huart,,,59350,LILLE,1454432,oui,,Immeuble,"19,2",50°38'4''N,3°6'55''E,28,1477066,0.0,"15,3"
0592700333,26/05/2021,25/06/2021,,rue du Docteur Huart,,,59350,LILLE,1454432,oui,,Immeuble,"19,2",50°38'4''N,3°6'55''E,28,6985874,100.0,"14,9"
0592700333,26/05/2021,25/06/2021,,rue du Docteur Huart,,,59350,LILLE,1454432,oui,,Immeuble,"19,2",50°38'4''N,3°6'55''E,28,1477068,100.0,"15,3"
0592700333,26/05/2021,25/06/2021,,rue du Docteur Huart,,,59350,LILLE,1454432,oui,,Immeuble,"19,2",50°38'4''N,3°6'55''E,28,6985872,0.0,"14,9"
0592700333,26/05/2021,25/06/2021,,rue du Docteur Huart,,,59350,LILLE,1454432,oui,,Immeuble,"19,2",50°38'4''N,3°6'55''E,28,6985876,260.0,"14,9"
0592700331,01/01/2022,04/02/2022,,90 Bd de l'Egalité,OPHLM,,59599,TOURCOING,703347,oui,,Immeuble,27,50°43'48''N,3°10'4''E,38,26280,240.0,"24,1"
0592700331,01/01/2022,04/02/2022,,90 Bd de l'Egalité,OPHLM,,59599,TOURCOING,703347,oui,,Immeuble,27,50°43'48''N,3°10'4''E,38,26279,120.0,"24,1"
0592700331,01/01/2022,04/02/2022,,90 Bd de l'Egalité,OPHLM,,59599,TOURCOING,703347,oui,,Immeuble,27,50°43'48''N,3°10'4''E,38,26278,0.0,"24,1"
0592700330,16/07/2021,13/08/2021,,BD VAUBAN,,,59350,LILLE,2642351,oui,,Bâtiment,32,50°37'54''N,3°2'46''E,20,2233851,0.0,"26,3"
0592700330,16/07/2021,13/08/2021,,BD VAUBAN,,,59350,LILLE,2642351,oui,,Bâtiment,32,50°37'54''N,3°2'46''E,20,2233855,240.0,"26,3"
0592700330,16/07/2021,13/08/2021,,BD VAUBAN,,,59350,LILLE,2642351,oui,,Bâtiment,32,50°37'54''N,3°2'46''E,20,2233853,120.0,"27,1"
0592700329,27/05/2021,25/06/2021,,"1ère av, bât f",Port de Lille,,59350,LILLE,639779,non,,Bâtiment,19,50°37'58''N,3°2'10''E,20,2609019,120.0,"17,7"
0592700329,27/05/2021,25/06/2021,,"1ère av, bât f",Port de Lille,,59350,LILLE,639779,non,,Bâtiment,19,50°37'58''N,3°2'10''E,20,630204,240.0,"17,7"
0592700329,27/05/2021,25/06/2021,,"1ère av, bât f",Port de Lille,,59350,LILLE,639779,non,,Bâtiment,19,50°37'58''N,3°2'10''E,20,6988974,0.0,"17,6"
0592700329,27/05/2021,25/06/2021,,"1ère av, bât f",Port de Lille,,59350,LILLE,639779,non,,Bâtiment,19,50°37'58''N,3°2'10''E,20,630200,0.0,"17,7"
0592700329,27/05/2021,25/06/2021,,"1ère av, bât f",Port de Lille,,59350,LILLE,639779,non,,Bâtiment,19,50°37'58''N,3°2'10''E,20,6988976,240.0,"16,7"
0592700329,27/05/2021,25/06/2021,,"1ère av, bât f",Port de Lille,,59350,LILLE,639779,non,,Bâtiment,19,50°37'58''N,3°2'10''E,20,6988978,120.0,"16,7"
0592700328,13/11/2021,10/12/2021,,20 r de seclin,,,59350,LILLE,639108,oui,,Immeuble,24,50°37'17''N,3°3'44''E,26,2574650,0.0,"18,9"
0592700328,13/11/2021,10/12/2021,,20 r de seclin,,,59350,LILLE,639108,oui,,Immeuble,24,50°37'17''N,3°3'44''E,26,2574654,240.0,"18,9"
0592700328,13/11/2021,10/12/2021,,20 r de seclin,,,59350,LILLE,639108,oui,,Immeuble,24,50°37'17''N,3°3'44''E,26,2574652,120.0,"18,9"
0592700324,26/05/2021,25/06/2021,Hellemmes,12 r maurice berteaux,,,59350,LILLE,2150803,oui,,Immeuble,18,50°37'25''N,3°5'59''E,31,2479512,0.0,16
0592700324,26/05/2021,25/06/2021,Hellemmes,12 r maurice berteaux,,,59350,LILLE,2150803,oui,,Immeuble,18,50°37'25''N,3°5'59''E,31,2479514,240.0,16
0592700324,26/05/2021,25/06/2021,Hellemmes,12 r maurice berteaux,,,59350,LILLE,2150803,oui,,Immeuble,18,50°37'25''N,3°5'59''E,31,6985865,0.0,"15,4"
0592700324,26/05/2021,25/06/2021,Hellemmes,12 r maurice berteaux,,,59350,LILLE,2150803,oui,,Immeuble,18,50°37'25''N,3°5'59''E,31,6985867,240.0,"15,4"
0592700319,29/08/2023,29/09/2023,,Bd Molière,Rés. Le Vivorde,,59392,MAUBEUGE,560547,oui,,Immeuble,"28,6",50°17'29''N,3°57'50''E,140,26235,0.0,"26,3"
0592700319,29/08/2023,29/09/2023,,Bd Molière,Rés. Le Vivorde,,59392,MAUBEUGE,560547,oui,,Immeuble,"28,6",50°17'29''N,3°57'50''E,140,26237,260.0,"26,3"
0592700319,29/08/2023,29/09/2023,,Bd Molière,Rés. Le Vivorde,,59392,MAUBEUGE,560547,oui,,Immeuble,"28,6",50°17'29''N,3°57'50''E,140,26236,90.0,"26,3"
0592700318,30/05/2024,28/06/2024,,130 Ave de la Libération,Résidence Herbeaux,,59183,DUNKERQUE,705494,oui,,Immeuble,"19,7",51°2'44''N,2°23'19''E,7,26196,0.0,"19,1"
0592700318,30/05/2024,28/06/2024,,130 Ave de la Libération,Résidence Herbeaux,,59183,DUNKERQUE,705494,oui,,Immeuble,"19,7",51°2'44''N,2°23'19''E,7,9283013,0.0,"18,5"
0592700318,30/05/2024,28/06/2024,,130 Ave de la Libération,Résidence Herbeaux,,59183,DUNKERQUE,705494,oui,,Immeuble,"19,7",51°2'44''N,2°23'19''E,7,26198,240.0,"19,1"
0592700318,30/05/2024,28/06/2024,,130 Ave de la Libération,Résidence Herbeaux,,59183,DUNKERQUE,705494,oui,,Immeuble,"19,7",51°2'44''N,2°23'19''E,7,26197,120.0,"19,1"
0592700318,30/05/2024,28/06/2024,,130 Ave de la Libération,Résidence Herbeaux,,59183,DUNKERQUE,705494,oui,,Immeuble,"19,7",51°2'44''N,2°23'19''E,7,9283017,240.0,"18,5"
0592700318,30/05/2024,28/06/2024,,130 Ave de la Libération,Résidence Herbeaux,,59183,DUNKERQUE,705494,oui,,Immeuble,"19,7",51°2'44''N,2°23'19''E,7,9283015,120.0,"18,5"
0592700314,21/10/2021,19/11/2021,,44 Ave de Condé,Résidence Vervey,,59606,VALENCIENNES,1305670,oui,,Immeuble,"33,8",50°22'6''N,3°30'44''E,34,1213608,240.0,"32,8"
0592700314,21/10/2021,19/11/2021,,44 Ave de Condé,Résidence Vervey,,59606,VALENCIENNES,1305670,oui,,Immeuble,"33,8",50°22'6''N,3°30'44''E,34,7354351,0.0,"32,7"
0592700314,21/10/2021,19/11/2021,,44 Ave de Condé,Résidence Vervey,,59606,VALENCIENNES,1305670,oui,,Immeuble,"33,8",50°22'6''N,3°30'44''E,34,1213606,120.0,"32,8"
0592700314,21/10/2021,19/11/2021,,44 Ave de Condé,Résidence Vervey,,59606,VALENCIENNES,1305670,oui,,Immeuble,"33,8",50°22'6''N,3°30'44''E,34,7354353,120.0,"32,7"
0592700314,21/10/2021,19/11/2021,,44 Ave de Condé,Résidence Vervey,,59606,VALENCIENNES,1305670,oui,,Immeuble,"33,8",50°22'6''N,3°30'44''E,34,7354355,240.0,"32,7"
0592700314,21/10/2021,19/11/2021,,44 Ave de Condé,Résidence Vervey,,59606,VALENCIENNES,1305670,oui,,Immeuble,"33,8",50°22'6''N,3°30'44''E,34,1576575,0.0,"32,8"
0592700313,16/05/2025,20/06/2025,,1 pl gay lussac,,,59606,VALENCIENNES,2307193,non,,Immeuble,30,50°21'16''N,3°30'11''E,42,26191,120.0,30
0592700313,16/05/2025,20/06/2025,,1 pl gay lussac,,,59606,VALENCIENNES,2307193,non,,Immeuble,30,50°21'16''N,3°30'11''E,42,26192,240.0,30
0592700313,16/05/2025,20/06/2025,,1 pl gay lussac,,,59606,VALENCIENNES,2307193,non,,Immeuble,30,50°21'16''N,3°30'11''E,42,26190,0.0,30
0592700310,24/09/2019,25/10/2019,,20 b  pl de béthune,,,59350,LILLE,35041,non,,Immeuble,20,50°37'57''N,3°3'43''E,20,4753600,0.0,"8,3"
0592700308,09/11/2021,10/12/2021,,10 Rue du Pont Neuf,,,59350,LILLE,1125414,oui,,Immeuble,26,50°38'43''N,3°3'52''E,21,2496797,290.0,"20,1"
0592700308,09/11/2021,10/12/2021,,10 Rue du Pont Neuf,,,59350,LILLE,1125414,oui,,Immeuble,26,50°38'43''N,3°3'52''E,21,2496793,60.0,"20,1"
0592700308,09/11/2021,10/12/2021,,10 Rue du Pont Neuf,,,59350,LILLE,1125414,oui,,Immeuble,26,50°38'43''N,3°3'52''E,21,2496795,180.0,"20,1"
0592700306,23/10/2021,26/11/2021,,RUE DE BELLEVUE,M651 N356,,59350,LILLE,2582883,oui,,Bâtiment,19,50°37'40''N,3°5'12''E,35,2637780,120.0,"15,4"
0592700306,23/10/2021,26/11/2021,,RUE DE BELLEVUE,M651 N356,,59350,LILLE,2582883,oui,,Bâtiment,19,50°37'40''N,3°5'12''E,35,2637778,0.0,"15,4"
0592700306,23/10/2021,26/11/2021,,RUE DE BELLEVUE,M651 N356,,59350,LILLE,2582883,oui,,Bâtiment,19,50°37'40''N,3°5'12''E,35,2637782,240.0,"15,4"
0592700306,23/10/2021,26/11/2021,,RUE DE BELLEVUE,M651 N356,,59350,LILLE,2582883,oui,,Bâtiment,19,50°37'40''N,3°5'12''E,35,7359484,0.0,"14,4"
0592700306,23/10/2021,26/11/2021,,RUE DE BELLEVUE,M651 N356,,59350,LILLE,2582883,oui,,Bâtiment,19,50°37'40''N,3°5'12''E,35,7359488,240.0,"14,4"
0592700306,23/10/2021,26/11/2021,,RUE DE BELLEVUE,M651 N356,,59350,LILLE,2582883,oui,,Bâtiment,19,50°37'40''N,3°5'12''E,35,7359486,120.0,"14,4"
0592700305,30/10/2021,03/12/2021,,R de la Briqueterie,Résidence Lion d'OR,,59350,LILLE,546361,oui,,Bâtiment,"31,2",50°38'35''N,3°5'21''E,34,7381850,120.0,"29,4"
0592700305,30/10/2021,03/12/2021,,R de la Briqueterie,Résidence Lion d'OR,,59350,LILLE,546361,oui,,Bâtiment,"31,2",50°38'35''N,3°5'21''E,34,2448831,120.0,30
0592700305,30/10/2021,03/12/2021,,R de la Briqueterie,Résidence Lion d'OR,,59350,LILLE,546361,oui,,Bâtiment,"31,2",50°38'35''N,3°5'21''E,34,2448833,240.0,30
0592700305,30/10/2021,03/12/2021,,R de la Briqueterie,Résidence Lion d'OR,,59350,LILLE,546361,oui,,Bâtiment,"31,2",50°38'35''N,3°5'21''E,34,2448829,0.0,30
0592700305,30/10/2021,03/12/2021,,R de la Briqueterie,Résidence Lion d'OR,,59350,LILLE,546361,oui,,Bâtiment,"31,2",50°38'35''N,3°5'21''E,34,7381852,240.0,"29,4"
0592700305,30/10/2021,03/12/2021,,R de la Briqueterie,Résidence Lion d'OR,,59350,LILLE,546361,oui,,Bâtiment,"31,2",50°38'35''N,3°5'21''E,34,7381848,0.0,"29,4"
0592700301,02/09/2021,01/10/2021,,57 r corneille,imm sle,,59009,VILLENEUVE-D'ASCQ,560200,non,,Immeuble,29,50°37'25''N,3°8'38''E,27,25962,0.0,"27,9"
0592700301,02/09/2021,01/10/2021,,57 r corneille,imm sle,,59009,VILLENEUVE-D'ASCQ,560200,non,,Immeuble,29,50°37'25''N,3°8'38''E,27,6929640,120.0,"27,9"
0592700301,02/09/2021,01/10/2021,,57 r corneille,imm sle,,59009,VILLENEUVE-D'ASCQ,560200,non,,Immeuble,29,50°37'25''N,3°8'38''E,27,25964,240.0,"27,9"
0592700298,17/05/2021,18/06/2021,,56 R du Train de Loos,,,59599,TOURCOING,703343,oui,,Immeuble,"30,6",50°43'44''N,3°7'44''E,32,26007,0.0,"30,3"
0592700298,17/05/2021,18/06/2021,,56 R du Train de Loos,,,59599,TOURCOING,703343,oui,,Immeuble,"30,6",50°43'44''N,3°7'44''E,32,427611,240.0,"30,3"
0592700298,17/05/2021,18/06/2021,,56 R du Train de Loos,,,59599,TOURCOING,703343,oui,,Immeuble,"30,6",50°43'44''N,3°7'44''E,32,427615,120.0,"30,3"
0592700298,17/05/2021,18/06/2021,,56 R du Train de Loos,,,59599,TOURCOING,703343,oui,,Immeuble,"30,6",50°43'44''N,3°7'44''E,32,6967216,0.0,"29,4"
0592700298,17/05/2021,18/06/2021,,56 R du Train de Loos,,,59599,TOURCOING,703343,oui,,Immeuble,"30,6",50°43'44''N,3°7'44''E,32,6967218,120.0,"29,4"
0592700298,17/05/2021,18/06/2021,,56 R du Train de Loos,,,59599,TOURCOING,703343,oui,,Immeuble,"30,6",50°43'44''N,3°7'44''E,32,6967220,240.0,"29,4"
0592700292,09/08/2022,09/09/2022,,5 AV DU MARECHAL DE LATTRE DE TASSIGNY,HLM Bertrand,,59507,RONCHIN,586385,oui,,Immeuble,42,50°36'0''N,3°5'37''E,43,557334,120.0,"34,1"
0592700292,09/08/2022,09/09/2022,,5 AV DU MARECHAL DE LATTRE DE TASSIGNY,HLM Bertrand,,59507,RONCHIN,586385,oui,,Immeuble,42,50°36'0''N,3°5'37''E,43,557336,240.0,"34,1"
0592700292,09/08/2022,09/09/2022,,5 AV DU MARECHAL DE LATTRE DE TASSIGNY,HLM Bertrand,,59507,RONCHIN,586385,oui,,Immeuble,42,50°36'0''N,3°5'37''E,43,557332,0.0,"34,1"
0592700279,09/11/2021,10/12/2021,,R des Glaïeuls,,,59279,HALLUIN,806205,oui,,Immeuble,37,50°46'47''N,3°6'53''E,17,26025,0.0,"31,6"
0592700279,09/11/2021,10/12/2021,,R des Glaïeuls,,,59279,HALLUIN,806205,oui,,Immeuble,37,50°46'47''N,3°6'53''E,17,26027,120.0,"31,6"
0592700279,09/11/2021,10/12/2021,,R des Glaïeuls,,,59279,HALLUIN,806205,oui,,Immeuble,37,50°46'47''N,3°6'53''E,17,26026,240.0,"31,6"
0592700274,21/09/2021,22/10/2021,,60 r jean bart,,,59646,WASQUEHAL,681188,oui,,Immeuble,"29,1",50°39'57.983''N,3°7'50.764''E,23,53170,240.0,"27,4"
0592700274,21/09/2021,22/10/2021,,60 r jean bart,,,59646,WASQUEHAL,681188,oui,,Immeuble,"29,1",50°39'57.983''N,3°7'50.764''E,23,53168,120.0,"27,4"
0592700274,21/09/2021,22/10/2021,,60 r jean bart,,,59646,WASQUEHAL,681188,oui,,Immeuble,"29,1",50°39'57.983''N,3°7'50.764''E,23,53166,0.0,"27,4"
0592700274,21/09/2021,22/10/2021,,60 r jean bart,,,59646,WASQUEHAL,681188,oui,,Immeuble,"29,1",50°39'57.983''N,3°7'50.764''E,23,7275466,0.0,"26,4"
0592700274,21/09/2021,22/10/2021,,60 r jean bart,,,59646,WASQUEHAL,681188,oui,,Immeuble,"29,1",50°39'57.983''N,3°7'50.764''E,23,7275468,120.0,"26,4"
0592700274,21/09/2021,22/10/2021,,60 r jean bart,,,59646,WASQUEHAL,681188,oui,,Immeuble,"29,1",50°39'57.983''N,3°7'50.764''E,23,7275470,240.0,"26,4"
0592700272,15/12/2022,13/01/2023,,13 r de la filature,ancienne usine du Groupement Textile du Nord,,59218,ETROEUNGT,682056,oui,,Bâtiment,34,50°3'34''N,3°55'28''E,162,224573,180.0,"28,4"
0592700272,15/12/2022,13/01/2023,,13 r de la filature,ancienne usine du Groupement Textile du Nord,,59218,ETROEUNGT,682056,oui,,Bâtiment,34,50°3'34''N,3°55'28''E,162,224571,0.0,"28,4"
0592700249,20/07/2022,19/08/2022,,21 rue Marcel Cachin,,,59253,FRESNES-SUR-ESCAUT,2943285,oui,,Bâtiment,28,50°26'3''N,3°33'39''E,19,26067,330.0,"25,4"
0592700249,20/07/2022,19/08/2022,,21 rue Marcel Cachin,,,59253,FRESNES-SUR-ESCAUT,2943285,oui,,Bâtiment,28,50°26'3''N,3°33'39''E,19,26066,210.0,"25,4"
0592700249,20/07/2022,19/08/2022,,21 rue Marcel Cachin,,,59253,FRESNES-SUR-ESCAUT,2943285,oui,,Bâtiment,28,50°26'3''N,3°33'39''E,19,26065,90.0,"25,4"
0592700245,26/05/2021,25/06/2021,,87 r pierre brosselette,,,59512,ROUBAIX,905491,oui,,Immeuble,"46,4",50°40'17''N,3°11'36''E,39,26073,240.0,"43,5"
0592700245,26/05/2021,25/06/2021,,87 r pierre brosselette,,,59512,ROUBAIX,905491,oui,,Immeuble,"46,4",50°40'17''N,3°11'36''E,39,26072,120.0,"43,5"
0592700245,26/05/2021,25/06/2021,,87 r pierre brosselette,,,59512,ROUBAIX,905491,oui,,Immeuble,"46,4",50°40'17''N,3°11'36''E,39,26071,0.0,"43,5"
0592700245,26/05/2021,25/06/2021,,87 r pierre brosselette,,,59512,ROUBAIX,905491,oui,,Immeuble,"46,4",50°40'17''N,3°11'36''E,39,6985841,120.0,"42,9"
0592700245,26/05/2021,25/06/2021,,87 r pierre brosselette,,,59512,ROUBAIX,905491,oui,,Immeuble,"46,4",50°40'17''N,3°11'36''E,39,6985843,240.0,"42,9"
0592700245,26/05/2021,25/06/2021,,87 r pierre brosselette,,,59512,ROUBAIX,905491,oui,,Immeuble,"46,4",50°40'17''N,3°11'36''E,39,6985839,0.0,"42,9"
0592700243,14/12/2022,13/01/2023,,23 bd  de la liberte,,,59179,DOUCHY-LES-MINES,805735,oui,,Immeuble,"33,8",50°17'58''N,3°23'31''E,45,26096,0.0,"31,8"
0592700243,14/12/2022,13/01/2023,,23 bd  de la liberte,,,59179,DOUCHY-LES-MINES,805735,oui,,Immeuble,"33,8",50°17'58''N,3°23'31''E,45,26098,240.0,"31,8"
0592700243,14/12/2022,13/01/2023,,23 bd  de la liberte,,,59179,DOUCHY-LES-MINES,805735,oui,,Immeuble,"33,8",50°17'58''N,3°23'31''E,45,26097,120.0,"31,8"
0592700240,21/07/2023,25/08/2023,Résidence Joffre,Quai de la Sambre,PRES DE LA PISCINE ET PATINOIRE,,59324,JEUMONT,496683,non,,Immeuble,"39,2",50°17'53''N,4°6'1''E,125,25960,240.0,"33,3"
0592700240,21/07/2023,25/08/2023,Résidence Joffre,Quai de la Sambre,PRES DE LA PISCINE ET PATINOIRE,,59324,JEUMONT,496683,non,,Immeuble,"39,2",50°17'53''N,4°6'1''E,125,25958,0.0,"33,3"
0592700240,21/07/2023,25/08/2023,Résidence Joffre,Quai de la Sambre,PRES DE LA PISCINE ET PATINOIRE,,59324,JEUMONT,496683,non,,Immeuble,"39,2",50°17'53''N,4°6'1''E,125,25959,120.0,"33,3"
0592700239,26/02/2021,26/03/2021,,1 Boulevard des Scilteurs,cse Sapeurs Pompiers,,59273,GRAVELINES,453905,oui,,Bâtiment,35,50°59'56''N,2°7'27''E,5,1170668,160.0,"27,1"
0592700239,26/02/2021,26/03/2021,,1 Boulevard des Scilteurs,cse Sapeurs Pompiers,,59273,GRAVELINES,453905,oui,,Bâtiment,35,50°59'56''N,2°7'27''E,5,1170666,45.0,"27,1"
0592700239,26/02/2021,26/03/2021,,1 Boulevard des Scilteurs,cse Sapeurs Pompiers,,59273,GRAVELINES,453905,oui,,Bâtiment,35,50°59'56''N,2°7'27''E,5,1170670,300.0,"27,1"
0592700236,06/09/2022,07/10/2022,,AV DES PRESIDENTS,,,59392,MAUBEUGE,805742,non,,Immeuble,27,50°17'2''N,3°57'2''E,152,25953,240.0,"25,4"
0592700236,06/09/2022,07/10/2022,,AV DES PRESIDENTS,,,59392,MAUBEUGE,805742,non,,Immeuble,27,50°17'2''N,3°57'2''E,152,25955,120.0,"25,4"
0592700236,06/09/2022,07/10/2022,,AV DES PRESIDENTS,,,59392,MAUBEUGE,805742,non,,Immeuble,27,50°17'2''N,3°57'2''E,152,25954,0.0,"25,4"
0592700236,06/09/2022,07/10/2022,,AV DES PRESIDENTS,,,59392,MAUBEUGE,805742,non,,Immeuble,27,50°17'2''N,3°57'2''E,152,8098005,120.0,23
0592700236,06/09/2022,07/10/2022,,AV DES PRESIDENTS,,,59392,MAUBEUGE,805742,non,,Immeuble,27,50°17'2''N,3°57'2''E,152,8098003,0.0,23
0592700236,06/09/2022,07/10/2022,,AV DES PRESIDENTS,,,59392,MAUBEUGE,805742,non,,Immeuble,27,50°17'2''N,3°57'2''E,152,8098007,240.0,23
0592700235,20/08/2024,20/09/2024,,AV DES PLATANES,Résidence  NICOLAS DUBOIS,,59526,SAINT-AMAND-LES-EAUX,1642935,oui,,Immeuble,"25,4",50°27'10''N,3°25'52''E,17,25987,0.0,"25,4"
0592700235,20/08/2024,20/09/2024,,AV DES PLATANES,Résidence  NICOLAS DUBOIS,,59526,SAINT-AMAND-LES-EAUX,1642935,oui,,Immeuble,"25,4",50°27'10''N,3°25'52''E,17,25989,240.0,"25,4"
0592700235,20/08/2024,20/09/2024,,AV DES PLATANES,Résidence  NICOLAS DUBOIS,,59526,SAINT-AMAND-LES-EAUX,1642935,oui,,Immeuble,"25,4",50°27'10''N,3°25'52''E,17,25988,120.0,"25,4"
0592700233,09/08/2022,09/09/2022,,169 Chaussée Gramme,,,59599,TOURCOING,479250,oui,,Bâtiment,34,50°44'15''N,3°9'49''E,42,26015,0.0,"23,1"
0592700233,09/08/2022,09/09/2022,,169 Chaussée Gramme,,,59599,TOURCOING,479250,oui,,Bâtiment,34,50°44'15''N,3°9'49''E,42,26014,240.0,"23,1"
0592700233,09/08/2022,09/09/2022,,169 Chaussée Gramme,,,59599,TOURCOING,479250,oui,,Bâtiment,34,50°44'15''N,3°9'49''E,42,26016,120.0,"23,1"
0592700232,16/07/2021,13/08/2021,,249 r des bois blancs,,,59350,LILLE,637661,non,,Immeuble,"21,8",50°37'48''N,3°1'28''E,20,2235882,120.0,"20,4"
0592700232,16/07/2021,13/08/2021,,249 r des bois blancs,,,59350,LILLE,637661,non,,Immeuble,"21,8",50°37'48''N,3°1'28''E,20,2235884,240.0,"20,4"
0592700232,16/07/2021,13/08/2021,,249 r des bois blancs,,,59350,LILLE,637661,non,,Immeuble,"21,8",50°37'48''N,3°1'28''E,20,2235880,0.0,"20,4"
0592700229,05/01/2022,04/02/2022,,13 r colbrant,,,59350,LILLE,639787,non,,Immeuble,23,50°37'44''N,3°3'24''E,21,2448819,0.0,"22,1"
0592700229,05/01/2022,04/02/2022,,13 r colbrant,,,59350,LILLE,639787,non,,Immeuble,23,50°37'44''N,3°3'24''E,21,2448823,240.0,"22,1"
0592700229,05/01/2022,04/02/2022,,13 r colbrant,,,59350,LILLE,639787,non,,Immeuble,23,50°37'44''N,3°3'24''E,21,2448821,120.0,"22,1"
0592700227,19/11/2021,17/12/2021,,7 r de liège,Institut Infirmier,,59183,DUNKERQUE,705482,oui,,Immeuble,27,51°2'11''N,2°24'6''E,4,26000,0.0,"23,7"
0592700227,19/11/2021,17/12/2021,,7 r de liège,Institut Infirmier,,59183,DUNKERQUE,705482,oui,,Immeuble,27,51°2'11''N,2°24'6''E,4,26002,220.0,"23,7"
0592700227,19/11/2021,17/12/2021,,7 r de liège,Institut Infirmier,,59183,DUNKERQUE,705482,oui,,Immeuble,27,51°2'11''N,2°24'6''E,4,26001,120.0,"23,7"
0592700226,22/10/2021,19/11/2021,,24-38 bd  Albert 1er,,,59009,VILLENEUVE-D'ASCQ,1286849,oui,,Immeuble,36,50°39'27''N,3°8'18''E,23,2919271,120.0,"32,8"
0592700226,22/10/2021,19/11/2021,,24-38 bd  Albert 1er,,,59009,VILLENEUVE-D'ASCQ,1286849,oui,,Immeuble,36,50°39'27''N,3°8'18''E,23,2919269,0.0,"32,8"
0592700226,22/10/2021,19/11/2021,,24-38 bd  Albert 1er,,,59009,VILLENEUVE-D'ASCQ,1286849,oui,,Immeuble,36,50°39'27''N,3°8'18''E,23,7357716,0.0,"32,2"
0592700226,22/10/2021,19/11/2021,,24-38 bd  Albert 1er,,,59009,VILLENEUVE-D'ASCQ,1286849,oui,,Immeuble,36,50°39'27''N,3°8'18''E,23,2919273,240.0,"33,2"
0592700226,22/10/2021,19/11/2021,,24-38 bd  Albert 1er,,,59009,VILLENEUVE-D'ASCQ,1286849,oui,,Immeuble,36,50°39'27''N,3°8'18''E,23,7357718,120.0,"32,2"
0592700226,22/10/2021,19/11/2021,,24-38 bd  Albert 1er,,,59009,VILLENEUVE-D'ASCQ,1286849,oui,,Immeuble,36,50°39'27''N,3°8'18''E,23,7357720,240.0,"31,8"
0592700225,03/11/2021,03/12/2021,,9002 r jules wattew,r de lille,,59508,RONCQ,862689,non,,Immeuble,23,50°44'11''N,3°7'8''E,43,26084,240.0,"17,8"
0592700225,03/11/2021,03/12/2021,,9002 r jules wattew,r de lille,,59508,RONCQ,862689,non,,Immeuble,23,50°44'11''N,3°7'8''E,43,26085,120.0,"17,8"
0592700225,03/11/2021,03/12/2021,,9002 r jules wattew,r de lille,,59508,RONCQ,862689,non,,Immeuble,23,50°44'11''N,3°7'8''E,43,7384615,0.0,"18,4"
0592700225,03/11/2021,03/12/2021,,9002 r jules wattew,r de lille,,59508,RONCQ,862689,non,,Immeuble,23,50°44'11''N,3°7'8''E,43,7384617,120.0,"18,4"
0592700225,03/11/2021,03/12/2021,,9002 r jules wattew,r de lille,,59508,RONCQ,862689,non,,Immeuble,23,50°44'11''N,3°7'8''E,43,26083,0.0,"17,8"
0592700225,03/11/2021,03/12/2021,,9002 r jules wattew,r de lille,,59508,RONCQ,862689,non,,Immeuble,23,50°44'11''N,3°7'8''E,43,7384619,240.0,"18,4"
0592700221,19/02/2025,21/03/2025,,31 r romain rolland,imm goeland,,59648,WATTIGNIES,859831,non,,Immeuble,34,50°35'17''N,3°2'26''E,36,25797,240.0,"32,3"
0592700221,19/02/2025,21/03/2025,,31 r romain rolland,imm goeland,,59648,WATTIGNIES,859831,non,,Immeuble,34,50°35'17''N,3°2'26''E,36,25795,10.0,"32,3"
0592700221,19/02/2025,21/03/2025,,31 r romain rolland,imm goeland,,59648,WATTIGNIES,859831,non,,Immeuble,34,50°35'17''N,3°2'26''E,36,25796,120.0,"32,3"
0592700221,19/02/2025,21/03/2025,,31 r romain rolland,imm goeland,,59648,WATTIGNIES,859831,non,,Immeuble,34,50°35'17''N,3°2'26''E,36,7384610,240.0,"31,4"
0592700221,19/02/2025,21/03/2025,,31 r romain rolland,imm goeland,,59648,WATTIGNIES,859831,non,,Immeuble,34,50°35'17''N,3°2'26''E,36,7384608,120.0,"31,4"
0592700221,19/02/2025,21/03/2025,,31 r romain rolland,imm goeland,,59648,WATTIGNIES,859831,non,,Immeuble,34,50°35'17''N,3°2'26''E,36,7384606,10.0,"31,4"
0592700219,24/11/2021,23/12/2021,,81 r marechal foch,466 r Faidherbe,espace culturel F mitterand,59360,LOOS,572014,non,,Immeuble,25,50°36'53''N,3°1'7''E,23,2847618,120.0,"22,6"
0592700219,24/11/2021,23/12/2021,,81 r marechal foch,466 r Faidherbe,espace culturel F mitterand,59360,LOOS,572014,non,,Immeuble,25,50°36'53''N,3°1'7''E,23,2847620,240.0,"22,6"
0592700219,24/11/2021,23/12/2021,,81 r marechal foch,466 r Faidherbe,espace culturel F mitterand,59360,LOOS,572014,non,,Immeuble,25,50°36'53''N,3°1'7''E,23,2847616,0.0,"22,6"
0592700218,30/08/2021,01/10/2021,,"3, pl léonard de vinci",Résidence Sylvestre Verhulst,,59350,LILLE,629955,oui,,Immeuble,33,50°36'35''N,3°2'24''E,33,25719,240.0,25
0592700218,30/08/2021,01/10/2021,,"3, pl léonard de vinci",Résidence Sylvestre Verhulst,,59350,LILLE,629955,oui,,Immeuble,33,50°36'35''N,3°2'24''E,33,25718,120.0,25
0592700218,30/08/2021,01/10/2021,,"3, pl léonard de vinci",Résidence Sylvestre Verhulst,,59350,LILLE,629955,oui,,Immeuble,33,50°36'35''N,3°2'24''E,33,25717,0.0,25
0592700218,30/08/2021,01/10/2021,,"3, pl léonard de vinci",Résidence Sylvestre Verhulst,,59350,LILLE,629955,oui,,Immeuble,33,50°36'35''N,3°2'24''E,33,7219188,240.0,"24,4"
0592700218,30/08/2021,01/10/2021,,"3, pl léonard de vinci",Résidence Sylvestre Verhulst,,59350,LILLE,629955,oui,,Immeuble,33,50°36'35''N,3°2'24''E,33,7219184,0.0,"24,4"
0592700218,30/08/2021,01/10/2021,,"3, pl léonard de vinci",Résidence Sylvestre Verhulst,,59350,LILLE,629955,oui,,Immeuble,33,50°36'35''N,3°2'24''E,33,7219186,120.0,"24,4"
0592700217,14/10/2021,15/11/2021,,80 r de cassel- r stephenson,,,59512,ROUBAIX,549902,oui,,Immeuble,"25,3",50°42'1''N,3°10'2''E,44,25704,120.0,"23,1"
0592700217,14/10/2021,15/11/2021,,80 r de cassel- r stephenson,,,59512,ROUBAIX,549902,oui,,Immeuble,"25,3",50°42'1''N,3°10'2''E,44,25702,0.0,"23,1"
0592700217,14/10/2021,15/11/2021,,80 r de cassel- r stephenson,,,59512,ROUBAIX,549902,oui,,Immeuble,"25,3",50°42'1''N,3°10'2''E,44,25703,240.0,"23,1"
0592700216,10/03/2021,09/04/2021,Blanc Seau,63 r de mouvaux,,,59512,ROUBAIX,804802,oui,,Immeuble,34,50°41'38''N,3°9'25''E,30,25727,0.0,"27,4"
0592700216,10/03/2021,09/04/2021,Blanc Seau,63 r de mouvaux,,,59512,ROUBAIX,804802,oui,,Immeuble,34,50°41'38''N,3°9'25''E,30,6835309,120.0,"26,4"
0592700216,10/03/2021,09/04/2021,Blanc Seau,63 r de mouvaux,,,59512,ROUBAIX,804802,oui,,Immeuble,34,50°41'38''N,3°9'25''E,30,25728,240.0,"27,4"
0592700216,10/03/2021,09/04/2021,Blanc Seau,63 r de mouvaux,,,59512,ROUBAIX,804802,oui,,Immeuble,34,50°41'38''N,3°9'25''E,30,25729,120.0,"27,4"
0592700216,10/03/2021,09/04/2021,Blanc Seau,63 r de mouvaux,,,59512,ROUBAIX,804802,oui,,Immeuble,34,50°41'38''N,3°9'25''E,30,6835311,240.0,"26,4"
0592700216,10/03/2021,09/04/2021,Blanc Seau,63 r de mouvaux,,,59512,ROUBAIX,804802,oui,,Immeuble,34,50°41'38''N,3°9'25''E,30,6835307,0.0,"26,4"
0592700215,08/09/2021,08/10/2021,,292 bd  gambetta,,,59599,TOURCOING,703337,oui,,Immeuble,"33,5",50°42'23''N,3°9'33''E,39,25735,240.0,27
0592700215,08/09/2021,08/10/2021,,292 bd  gambetta,,,59599,TOURCOING,703337,oui,,Immeuble,"33,5",50°42'23''N,3°9'33''E,39,25733,0.0,27
0592700215,08/09/2021,08/10/2021,,292 bd  gambetta,,,59599,TOURCOING,703337,oui,,Immeuble,"33,5",50°42'23''N,3°9'33''E,39,25734,120.0,27
0592700215,08/09/2021,08/10/2021,,292 bd  gambetta,,,59599,TOURCOING,703337,oui,,Immeuble,"33,5",50°42'23''N,3°9'33''E,39,7246651,240.0,26
0592700215,08/09/2021,08/10/2021,,292 bd  gambetta,,,59599,TOURCOING,703337,oui,,Immeuble,"33,5",50°42'23''N,3°9'33''E,39,7246647,0.0,26
0592700215,08/09/2021,08/10/2021,,292 bd  gambetta,,,59599,TOURCOING,703337,oui,,Immeuble,"33,5",50°42'23''N,3°9'33''E,39,7246649,120.0,26
0592700210,07/01/2022,11/02/2022,,99 rue de Roubaix,,,59599,TOURCOING,2242482,oui,,Immeuble,"27,5",50°42'44.159''N,3°9'57.852''E,33,7614531,0.0,21
0592700210,07/01/2022,11/02/2022,,99 rue de Roubaix,,,59599,TOURCOING,2242482,oui,,Immeuble,"27,5",50°42'44.159''N,3°9'57.852''E,33,7614533,120.0,21
0592700210,07/01/2022,11/02/2022,,99 rue de Roubaix,,,59599,TOURCOING,2242482,oui,,Immeuble,"27,5",50°42'44.159''N,3°9'57.852''E,33,25763,0.0,"20,4"
0592700210,07/01/2022,11/02/2022,,99 rue de Roubaix,,,59599,TOURCOING,2242482,oui,,Immeuble,"27,5",50°42'44.159''N,3°9'57.852''E,33,7614535,240.0,24
0592700210,07/01/2022,11/02/2022,,99 rue de Roubaix,,,59599,TOURCOING,2242482,oui,,Immeuble,"27,5",50°42'44.159''N,3°9'57.852''E,33,25764,120.0,"20,4"
0592700210,07/01/2022,11/02/2022,,99 rue de Roubaix,,,59599,TOURCOING,2242482,oui,,Immeuble,"27,5",50°42'44.159''N,3°9'57.852''E,33,25765,240.0,"23,4"
0592700207,10/08/2021,10/09/2021,,"149, r anatole de la forge",,,59350,LILLE,2173170,oui,,Bâtiment,29,50°37'46''N,3°5'50''E,26,2448800,120.0,"28,1"
0592700207,10/08/2021,10/09/2021,,"149, r anatole de la forge",,,59350,LILLE,2173170,oui,,Bâtiment,29,50°37'46''N,3°5'50''E,26,2448802,240.0,28
0592700207,10/08/2021,10/09/2021,,"149, r anatole de la forge",,,59350,LILLE,2173170,oui,,Bâtiment,29,50°37'46''N,3°5'50''E,26,2448798,0.0,28
0592700206,09/11/2021,10/12/2021,,3 r du Château,Résidence BOHIN,,59343,LESQUIN,34799,non,,Immeuble,32,50°35'20''N,3°6'33''E,50,25819,0.0,"25,4"
0592700206,09/11/2021,10/12/2021,,3 r du Château,Résidence BOHIN,,59343,LESQUIN,34799,non,,Immeuble,32,50°35'20''N,3°6'33''E,50,25821,240.0,"25,4"
0592700206,09/11/2021,10/12/2021,,3 r du Château,Résidence BOHIN,,59343,LESQUIN,34799,non,,Immeuble,32,50°35'20''N,3°6'33''E,50,25820,120.0,"25,4"
0592700205,26/05/2021,25/06/2021,,270 r pierre de roubaix,,,59512,ROUBAIX,2195759,oui,,Immeuble,"30,5",50°41'8''N,3°11'28''E,26,25882,0.0,"24,8"
0592700205,26/05/2021,25/06/2021,,270 r pierre de roubaix,,,59512,ROUBAIX,2195759,oui,,Immeuble,"30,5",50°41'8''N,3°11'28''E,26,25884,120.0,"24,8"
0592700205,26/05/2021,25/06/2021,,270 r pierre de roubaix,,,59512,ROUBAIX,2195759,oui,,Immeuble,"30,5",50°41'8''N,3°11'28''E,26,442063,240.0,"24,8"
0592700205,26/05/2021,25/06/2021,,270 r pierre de roubaix,,,59512,ROUBAIX,2195759,oui,,Immeuble,"30,5",50°41'8''N,3°11'28''E,26,6985804,120.0,"23,8"
0592700205,26/05/2021,25/06/2021,,270 r pierre de roubaix,,,59512,ROUBAIX,2195759,oui,,Immeuble,"30,5",50°41'8''N,3°11'28''E,26,6985802,0.0,"23,8"
0592700205,26/05/2021,25/06/2021,,270 r pierre de roubaix,,,59512,ROUBAIX,2195759,oui,,Immeuble,"30,5",50°41'8''N,3°11'28''E,26,6985806,240.0,"23,8"
0592700202,01/01/2022,04/02/2022,,4 r aristide briand,,,59378,MARCQ-EN-BAROEUL,859841,non,,Immeuble,31,50°39'52''N,3°5'54''E,23,25832,0.0,"30,3"
0592700202,01/01/2022,04/02/2022,,4 r aristide briand,,,59378,MARCQ-EN-BAROEUL,859841,non,,Immeuble,31,50°39'52''N,3°5'54''E,23,25833,240.0,"30,3"
0592700202,01/01/2022,04/02/2022,,4 r aristide briand,,,59378,MARCQ-EN-BAROEUL,859841,non,,Immeuble,31,50°39'52''N,3°5'54''E,23,25834,120.0,"30,3"
0592700201,09/08/2022,09/09/2022,,330 r carnot,,,59650,WATTRELOS,859833,non,,Bâtiment,35,50°41'53''N,3°11'55''E,25,25807,120.0,"34,1"
0592700201,09/08/2022,09/09/2022,,330 r carnot,,,59650,WATTRELOS,859833,non,,Bâtiment,35,50°41'53''N,3°11'55''E,25,25806,0.0,"34,1"
0592700201,09/08/2022,09/09/2022,,330 r carnot,,,59650,WATTRELOS,859833,non,,Bâtiment,35,50°41'53''N,3°11'55''E,25,25808,240.0,"34,1"
0592700200,15/01/2022,18/02/2022,,r jean froissart,Résidence Brun Pain,,59599,TOURCOING,703377,oui,,Immeuble,30,50°43'30''N,3°8'49''E,47,25915,120.0,"28,4"
0592700200,15/01/2022,18/02/2022,,r jean froissart,Résidence Brun Pain,,59599,TOURCOING,703377,oui,,Immeuble,30,50°43'30''N,3°8'49''E,47,25916,240.0,"28,4"
0592700200,15/01/2022,18/02/2022,,r jean froissart,Résidence Brun Pain,,59599,TOURCOING,703377,oui,,Immeuble,30,50°43'30''N,3°8'49''E,47,25914,0.0,"28,4"
0592700198,01/01/2022,04/02/2022,,73 r de la paix,RES LA PAIX,,59512,ROUBAIX,860971,non,,Immeuble,"25,6",50°41'51''N,3°10'49''E,29,26136,120.0,"24,8"
0592700198,01/01/2022,04/02/2022,,73 r de la paix,RES LA PAIX,,59512,ROUBAIX,860971,non,,Immeuble,"25,6",50°41'51''N,3°10'49''E,29,26137,240.0,"24,8"
0592700198,01/01/2022,04/02/2022,,73 r de la paix,RES LA PAIX,,59512,ROUBAIX,860971,non,,Immeuble,"25,6",50°41'51''N,3°10'49''E,29,26135,0.0,"24,8"
0592700197,30/08/2021,01/10/2021,,20 r germain pilon,résidence CASSSENDE,,59350,LILLE,2670495,oui,,Bâtiment,29,50°38'52''N,3°5'31''E,38,25793,240.0,"25,4"
0592700197,30/08/2021,01/10/2021,,20 r germain pilon,résidence CASSSENDE,,59350,LILLE,2670495,oui,,Bâtiment,29,50°38'52''N,3°5'31''E,38,7219177,120.0,"24,4"
0592700197,30/08/2021,01/10/2021,,20 r germain pilon,résidence CASSSENDE,,59350,LILLE,2670495,oui,,Bâtiment,29,50°38'52''N,3°5'31''E,38,25792,120.0,"25,4"
0592700197,30/08/2021,01/10/2021,,20 r germain pilon,résidence CASSSENDE,,59350,LILLE,2670495,oui,,Bâtiment,29,50°38'52''N,3°5'31''E,38,25791,0.0,"17,4"
0592700197,30/08/2021,01/10/2021,,20 r germain pilon,résidence CASSSENDE,,59350,LILLE,2670495,oui,,Bâtiment,29,50°38'52''N,3°5'31''E,38,7219175,0.0,"16,4"
0592700197,30/08/2021,01/10/2021,,20 r germain pilon,résidence CASSSENDE,,59350,LILLE,2670495,oui,,Bâtiment,29,50°38'52''N,3°5'31''E,38,7219179,240.0,"24,4"
0592700193,09/08/2022,09/09/2022,,29 r eugene jacquet,,,59350,LILLE,633574,oui,,Immeuble,"38,6",50°38'17.844''N,3°4'59.567''E,24,2574637,0.0,"36,6"
0592700193,09/08/2022,09/09/2022,,29 r eugene jacquet,,,59350,LILLE,633574,oui,,Immeuble,"38,6",50°38'17.844''N,3°4'59.567''E,24,2574641,240.0,"36,6"
0592700193,09/08/2022,09/09/2022,,29 r eugene jacquet,,,59350,LILLE,633574,oui,,Immeuble,"38,6",50°38'17.844''N,3°4'59.567''E,24,2574639,120.0,"36,6"
0592700192,24/05/2024,21/06/2024,,r st exupery,pl kennedy,imm flandre et artois,59152,COMINES,549255,oui,,Immeuble,27,50°45'32''N,3°0'37''E,17,25738,210.0,"25,5"
0592700192,24/05/2024,21/06/2024,,r st exupery,pl kennedy,imm flandre et artois,59152,COMINES,549255,oui,,Immeuble,27,50°45'32''N,3°0'37''E,17,25737,330.0,"25,5"
0592700192,24/05/2024,21/06/2024,,r st exupery,pl kennedy,imm flandre et artois,59152,COMINES,549255,oui,,Immeuble,27,50°45'32''N,3°0'37''E,17,25736,90.0,"25,5"
0592700191,08/12/2021,07/01/2022,,104 bd  de metz,,,59350,LILLE,637692,non,,Immeuble,"41,4",50°37'5''N,3°2'55''E,29,2637737,240.0,38
0592700191,08/12/2021,07/01/2022,,104 bd  de metz,,,59350,LILLE,637692,non,,Immeuble,"41,4",50°37'5''N,3°2'55''E,29,2637735,120.0,40
0592700191,08/12/2021,07/01/2022,,104 bd  de metz,,,59350,LILLE,637692,non,,Immeuble,"41,4",50°37'5''N,3°2'55''E,29,2637733,10.0,40
0592700190,13/10/2021,15/11/2021,,3 bd  du dr calmette,,,59350,LILLE,637927,oui,,Immeuble,"40,8",50°37'47.231''N,3°4'37.887''E,25,2214035,0.0,"40,7"
0592700190,13/10/2021,15/11/2021,,3 bd  du dr calmette,,,59350,LILLE,637927,oui,,Immeuble,"40,8",50°37'47.231''N,3°4'37.887''E,25,25973,240.0,"40,7"
0592700190,13/10/2021,15/11/2021,,3 bd  du dr calmette,,,59350,LILLE,637927,oui,,Immeuble,"40,8",50°37'47.231''N,3°4'37.887''E,25,25972,120.0,"40,7"
0592700187,08/01/2021,05/02/2021,,25 R de l'Architecte Cordonnier,,,59350,LILLE,637623,oui,,Immeuble,43,50°38'5.605''N,3°2'36.599''E,20,2637753,120.0,33
0592700187,08/01/2021,05/02/2021,,25 R de l'Architecte Cordonnier,,,59350,LILLE,637623,oui,,Immeuble,43,50°38'5.605''N,3°2'36.599''E,20,2637755,240.0,33
0592700187,08/01/2021,05/02/2021,,25 R de l'Architecte Cordonnier,,,59350,LILLE,637623,oui,,Immeuble,43,50°38'5.605''N,3°2'36.599''E,20,2637751,0.0,33
0592700187,08/01/2021,05/02/2021,,25 R de l'Architecte Cordonnier,,,59350,LILLE,637623,oui,,Immeuble,43,50°38'5.605''N,3°2'36.599''E,20,6719204,120.0,33
0592700187,08/01/2021,05/02/2021,,25 R de l'Architecte Cordonnier,,,59350,LILLE,637623,oui,,Immeuble,43,50°38'5.605''N,3°2'36.599''E,20,6719202,0.0,33
0592700187,08/01/2021,05/02/2021,,25 R de l'Architecte Cordonnier,,,59350,LILLE,637623,oui,,Immeuble,43,50°38'5.605''N,3°2'36.599''E,20,6719206,240.0,33
0592700186,23/02/2021,26/03/2021,,1 r de Mulhouse,Ancienne Filature Usine,,59350,LILLE,628483,oui,,Bâtiment,"41,5",50°37'8''N,3°4'15''E,28,25647,240.0,"32,6"
0592700186,23/02/2021,26/03/2021,,1 r de Mulhouse,Ancienne Filature Usine,,59350,LILLE,628483,oui,,Bâtiment,"41,5",50°37'8''N,3°4'15''E,28,25646,120.0,"32,6"
0592700186,23/02/2021,26/03/2021,,1 r de Mulhouse,Ancienne Filature Usine,,59350,LILLE,628483,oui,,Bâtiment,"41,5",50°37'8''N,3°4'15''E,28,6805494,0.0,"31,6"
0592700186,23/02/2021,26/03/2021,,1 r de Mulhouse,Ancienne Filature Usine,,59350,LILLE,628483,oui,,Bâtiment,"41,5",50°37'8''N,3°4'15''E,28,6805498,240.0,"31,6"
0592700186,23/02/2021,26/03/2021,,1 r de Mulhouse,Ancienne Filature Usine,,59350,LILLE,628483,oui,,Bâtiment,"41,5",50°37'8''N,3°4'15''E,28,25645,0.0,"32,6"
0592700186,23/02/2021,26/03/2021,,1 r de Mulhouse,Ancienne Filature Usine,,59350,LILLE,628483,oui,,Bâtiment,"41,5",50°37'8''N,3°4'15''E,28,6805496,120.0,"31,6"
0592700177,22/10/2021,19/11/2021,,r salvador allende,Résidence Médicale Le Molinel,,59646,WASQUEHAL,804792,oui,,Immeuble,26,50°41'16''N,3°7'2''E,30,26011,120.0,"22,9"
0592700177,22/10/2021,19/11/2021,,r salvador allende,Résidence Médicale Le Molinel,,59646,WASQUEHAL,804792,oui,,Immeuble,26,50°41'16''N,3°7'2''E,30,26013,240.0,"22,9"
0592700177,22/10/2021,19/11/2021,,r salvador allende,Résidence Médicale Le Molinel,,59646,WASQUEHAL,804792,oui,,Immeuble,26,50°41'16''N,3°7'2''E,30,26012,0.0,"22,9"
0592700174,15/09/2021,15/10/2021,,82 r chem des margueritois,,,59220,FACHES-THUMESNIL,859825,non,,Immeuble,20,50°36'26.818''N,3°4'11.120''E,33,25715,120.0,"14,4"
0592700174,15/09/2021,15/10/2021,,82 r chem des margueritois,,,59220,FACHES-THUMESNIL,859825,non,,Immeuble,20,50°36'26.818''N,3°4'11.120''E,33,25716,240.0,"14,4"
0592700174,15/09/2021,15/10/2021,,82 r chem des margueritois,,,59220,FACHES-THUMESNIL,859825,non,,Immeuble,20,50°36'26.818''N,3°4'11.120''E,33,25714,0.0,"14,4"
0592700167,26/05/2021,25/06/2021,,64 r carpeaux,,,59512,ROUBAIX,474738,oui,,Immeuble,29,50°40'36''N,3°11'2''E,31,25730,240.0,27
0592700167,26/05/2021,25/06/2021,,64 r carpeaux,,,59512,ROUBAIX,474738,oui,,Immeuble,29,50°40'36''N,3°11'2''E,31,25731,120.0,27
0592700167,26/05/2021,25/06/2021,,64 r carpeaux,,,59512,ROUBAIX,474738,oui,,Immeuble,29,50°40'36''N,3°11'2''E,31,25732,0.0,27
0592700167,26/05/2021,25/06/2021,,64 r carpeaux,,,59512,ROUBAIX,474738,oui,,Immeuble,29,50°40'36''N,3°11'2''E,31,6985793,120.0,"26,4"
0592700167,26/05/2021,25/06/2021,,64 r carpeaux,,,59512,ROUBAIX,474738,oui,,Immeuble,29,50°40'36''N,3°11'2''E,31,6985791,0.0,"26,4"
0592700167,26/05/2021,25/06/2021,,64 r carpeaux,,,59512,ROUBAIX,474738,oui,,Immeuble,29,50°40'36''N,3°11'2''E,31,6985795,240.0,"26,4"
0592700166,24/03/2021,23/04/2021,,"210, r de l'Epeule",,,59512,ROUBAIX,859791,non,,Immeuble,25,50°41'13''N,3°9'29''E,33,25697,0.0,"24,4"
0592700166,24/03/2021,23/04/2021,,"210, r de l'Epeule",,,59512,ROUBAIX,859791,non,,Immeuble,25,50°41'13''N,3°9'29''E,33,25699,240.0,"24,4"
0592700166,24/03/2021,23/04/2021,,"210, r de l'Epeule",,,59512,ROUBAIX,859791,non,,Immeuble,25,50°41'13''N,3°9'29''E,33,25698,120.0,"24,4"
0592700166,24/03/2021,23/04/2021,,"210, r de l'Epeule",,,59512,ROUBAIX,859791,non,,Immeuble,25,50°41'13''N,3°9'29''E,33,6866861,0.0,"23,4"
0592700166,24/03/2021,23/04/2021,,"210, r de l'Epeule",,,59512,ROUBAIX,859791,non,,Immeuble,25,50°41'13''N,3°9'29''E,33,6866863,120.0,"23,4"
0592700166,24/03/2021,23/04/2021,,"210, r de l'Epeule",,,59512,ROUBAIX,859791,non,,Immeuble,25,50°41'13''N,3°9'29''E,33,6866865,240.0,"23,4"
0592700161,26/01/2024,23/02/2024,,41 AV DU MARECHAL FOCH,,,59295,HAZEBROUCK,596829,oui,,Immeuble,33,50°43'59''N,2°31'51''E,32,526280,230.0,27
0592700161,26/01/2024,23/02/2024,,41 AV DU MARECHAL FOCH,,,59295,HAZEBROUCK,596829,oui,,Immeuble,33,50°43'59''N,2°31'51''E,32,7854070,230.0,"28,1"
0592700161,26/01/2024,23/02/2024,,41 AV DU MARECHAL FOCH,,,59295,HAZEBROUCK,596829,oui,,Immeuble,33,50°43'59''N,2°31'51''E,32,7854068,90.0,"28,1"
0592700161,26/01/2024,23/02/2024,,41 AV DU MARECHAL FOCH,,,59295,HAZEBROUCK,596829,oui,,Immeuble,33,50°43'59''N,2°31'51''E,32,526282,320.0,27
0592700161,26/01/2024,23/02/2024,,41 AV DU MARECHAL FOCH,,,59295,HAZEBROUCK,596829,oui,,Immeuble,33,50°43'59''N,2°31'51''E,32,25608,90.0,27
0592700161,26/01/2024,23/02/2024,,41 AV DU MARECHAL FOCH,,,59295,HAZEBROUCK,596829,oui,,Immeuble,33,50°43'59''N,2°31'51''E,32,7854072,320.0,"28,1"
0592700150,25/11/2021,23/12/2021,,4 AVENUE EMILE ZOLA,Clinique,,59350,LILLE,2603825,oui,,Bâtiment,25,50°38'56''N,3°5'9''E,37,2574629,120.0,23
0592700150,25/11/2021,23/12/2021,,4 AVENUE EMILE ZOLA,Clinique,,59350,LILLE,2603825,oui,,Bâtiment,25,50°38'56''N,3°5'9''E,37,2574627,0.0,23
0592700150,25/11/2021,23/12/2021,,4 AVENUE EMILE ZOLA,Clinique,,59350,LILLE,2603825,oui,,Bâtiment,25,50°38'56''N,3°5'9''E,37,2574631,240.0,23
0592700150,25/11/2021,23/12/2021,,4 AVENUE EMILE ZOLA,Clinique,,59350,LILLE,2603825,oui,,Bâtiment,25,50°38'56''N,3°5'9''E,37,7464812,240.0,"22,4"
0592700150,25/11/2021,23/12/2021,,4 AVENUE EMILE ZOLA,Clinique,,59350,LILLE,2603825,oui,,Bâtiment,25,50°38'56''N,3°5'9''E,37,7464808,0.0,"22,4"
0592700150,25/11/2021,23/12/2021,,4 AVENUE EMILE ZOLA,Clinique,,59350,LILLE,2603825,oui,,Bâtiment,25,50°38'56''N,3°5'9''E,37,7464810,120.0,"22,4"
0592700144,15/01/2025,14/02/2025,,82 PL DE L'ESPLANADE,,,59107,BRAY-DUNES,531438,oui,,Immeuble,27,51°4'49''N,2°31'8''E,8,4187311,240.0,"24,6"
0592700144,15/01/2025,14/02/2025,,82 PL DE L'ESPLANADE,,,59107,BRAY-DUNES,531438,oui,,Immeuble,27,51°4'49''N,2°31'8''E,8,25640,80.0,"24,6"
0592700144,15/01/2025,14/02/2025,,82 PL DE L'ESPLANADE,,,59107,BRAY-DUNES,531438,oui,,Immeuble,27,51°4'49''N,2°31'8''E,8,25641,160.0,"24,6"
0592700143,14/05/2022,17/06/2022,,r Raymond Lis,résidence Bizet,,59017,ARMENTIERES,1713520,oui,,Immeuble,"31,1",50°41'32''N,2°53'11''E,14,25897,0.0,28
0592700143,14/05/2022,17/06/2022,,r Raymond Lis,résidence Bizet,,59017,ARMENTIERES,1713520,oui,,Immeuble,"31,1",50°41'32''N,2°53'11''E,14,25898,120.0,28
0592700143,14/05/2022,17/06/2022,,r Raymond Lis,résidence Bizet,,59017,ARMENTIERES,1713520,oui,,Immeuble,"31,1",50°41'32''N,2°53'11''E,14,25899,240.0,28
0592700143,14/05/2022,17/06/2022,,r Raymond Lis,résidence Bizet,,59017,ARMENTIERES,1713520,oui,,Immeuble,"31,1",50°41'32''N,2°53'11''E,14,7854057,240.0,"27,5"
0592700143,14/05/2022,17/06/2022,,r Raymond Lis,résidence Bizet,,59017,ARMENTIERES,1713520,oui,,Immeuble,"31,1",50°41'32''N,2°53'11''E,14,7854053,0.0,"27,5"
0592700143,14/05/2022,17/06/2022,,r Raymond Lis,résidence Bizet,,59017,ARMENTIERES,1713520,oui,,Immeuble,"31,1",50°41'32''N,2°53'11''E,14,7854055,120.0,"27,5"
0592700142,14/10/2021,15/11/2021,,56/58 r Pierre Legrand,,,59350,LILLE,637591,non,,Immeuble,28,50°37'55''N,3°5'11''E,22,2656174,0.0,"21,5"
0592700142,14/10/2021,15/11/2021,,56/58 r Pierre Legrand,,,59350,LILLE,637591,non,,Immeuble,28,50°37'55''N,3°5'11''E,22,2656176,120.0,"21,5"
0592700142,14/10/2021,15/11/2021,,56/58 r Pierre Legrand,,,59350,LILLE,637591,non,,Immeuble,28,50°37'55''N,3°5'11''E,22,2656178,240.0,"21,5"
0592700142,14/10/2021,15/11/2021,,56/58 r Pierre Legrand,,,59350,LILLE,637591,non,,Immeuble,28,50°37'55''N,3°5'11''E,22,7341363,0.0,"22,4"
0592700142,14/10/2021,15/11/2021,,56/58 r Pierre Legrand,,,59350,LILLE,637591,non,,Immeuble,28,50°37'55''N,3°5'11''E,22,7341367,240.0,"22,4"
0592700142,14/10/2021,15/11/2021,,56/58 r Pierre Legrand,,,59350,LILLE,637591,non,,Immeuble,28,50°37'55''N,3°5'11''E,22,7341365,120.0,"22,4"
0592700141,11/01/2022,11/02/2022,,30/34 r pierre curie,,,59527,SAINT-ANDRE-LEZ-LILLE,474681,oui,,Immeuble,26,50°39'40''N,3°2'41''E,20,2479491,240.0,"21,1"
0592700141,11/01/2022,11/02/2022,,30/34 r pierre curie,,,59527,SAINT-ANDRE-LEZ-LILLE,474681,oui,,Immeuble,26,50°39'40''N,3°2'41''E,20,2479489,120.0,"19,1"
0592700141,11/01/2022,11/02/2022,,30/34 r pierre curie,,,59527,SAINT-ANDRE-LEZ-LILLE,474681,oui,,Immeuble,26,50°39'40''N,3°2'41''E,20,2479487,0.0,"19,1"
0592700140,31/12/2021,04/02/2022,,23/27 r du commerce,,,59507,RONCHIN,465794,non,,Immeuble,23,50°36'35''N,3°5'0''E,34,25630,240.0,"20,1"
0592700140,31/12/2021,04/02/2022,,23/27 r du commerce,,,59507,RONCHIN,465794,non,,Immeuble,23,50°36'35''N,3°5'0''E,34,25628,0.0,"20,1"
0592700140,31/12/2021,04/02/2022,,23/27 r du commerce,,,59507,RONCHIN,465794,non,,Immeuble,23,50°36'35''N,3°5'0''E,34,25629,120.0,"20,1"
0592700134,01/04/2022,29/04/2022,,r Bostsarron,rés Clement Beauchamps,Hall 1 et 2,59491,RAISMES,861331,non,,Immeuble,"27,1",50°23'17.619''N,3°29'34.087''E,27,26041,120.0,"26,3"
0592700134,01/04/2022,29/04/2022,,r Bostsarron,rés Clement Beauchamps,Hall 1 et 2,59491,RAISMES,861331,non,,Immeuble,"27,1",50°23'17.619''N,3°29'34.087''E,27,26040,0.0,"26,3"
0592700134,01/04/2022,29/04/2022,,r Bostsarron,rés Clement Beauchamps,Hall 1 et 2,59491,RAISMES,861331,non,,Immeuble,"27,1",50°23'17.619''N,3°29'34.087''E,27,26042,240.0,"26,3"
0592700134,01/04/2022,29/04/2022,,r Bostsarron,rés Clement Beauchamps,Hall 1 et 2,59491,RAISMES,861331,non,,Immeuble,"27,1",50°23'17.619''N,3°29'34.087''E,27,7780981,0.0,"26,3"
0592700134,01/04/2022,29/04/2022,,r Bostsarron,rés Clement Beauchamps,Hall 1 et 2,59491,RAISMES,861331,non,,Immeuble,"27,1",50°23'17.619''N,3°29'34.087''E,27,7780979,240.0,"26,3"
0592700134,01/04/2022,29/04/2022,,r Bostsarron,rés Clement Beauchamps,Hall 1 et 2,59491,RAISMES,861331,non,,Immeuble,"27,1",50°23'17.619''N,3°29'34.087''E,27,7780977,120.0,"26,3"
0592700126,30/07/2025,29/08/2025,,pl du theatre,CHAMBRE DE COMMERCE ET D'INDUSTRIE,,59350,LILLE,639783,non,,Immeuble,25,50°38'17''N,3°3'50''E,20,3369357,,"9,6"
0592700109,25/01/2024,23/02/2024,,5 r de la Papeterie,Usine AHLSTROM,,59098,BOUSBECQUE,806336,oui,,Bâtiment,40,50°46'19''N,3°5'6''E,15,25966,60.0,"38,4"
0592700109,25/01/2024,23/02/2024,,5 r de la Papeterie,Usine AHLSTROM,,59098,BOUSBECQUE,806336,oui,,Bâtiment,40,50°46'19''N,3°5'6''E,15,25967,260.0,"38,4"
0592700109,25/01/2024,23/02/2024,,5 r de la Papeterie,Usine AHLSTROM,,59098,BOUSBECQUE,806336,oui,,Bâtiment,40,50°46'19''N,3°5'6''E,15,7859292,60.0,"38,4"
0592700109,25/01/2024,23/02/2024,,5 r de la Papeterie,Usine AHLSTROM,,59098,BOUSBECQUE,806336,oui,,Bâtiment,40,50°46'19''N,3°5'6''E,15,7859294,260.0,"38,4"
0592700100,22/07/2022,19/08/2022,,"2, r Georges Couthon",,,59032,AULNOY-LEZ-VALENCIENNES,859845,non,,Immeuble,"27,8",50°20'4''N,3°31'9''E,54,7361959,120.0,"25,9"
0592700100,22/07/2022,19/08/2022,,"2, r Georges Couthon",,,59032,AULNOY-LEZ-VALENCIENNES,859845,non,,Immeuble,"27,8",50°20'4''N,3°31'9''E,54,7361961,240.0,"25,9"
0592700100,22/07/2022,19/08/2022,,"2, r Georges Couthon",,,59032,AULNOY-LEZ-VALENCIENNES,859845,non,,Immeuble,"27,8",50°20'4''N,3°31'9''E,54,25490,10.0,"26,8"
0592700100,22/07/2022,19/08/2022,,"2, r Georges Couthon",,,59032,AULNOY-LEZ-VALENCIENNES,859845,non,,Immeuble,"27,8",50°20'4''N,3°31'9''E,54,25492,240.0,"26,8"
0592700100,22/07/2022,19/08/2022,,"2, r Georges Couthon",,,59032,AULNOY-LEZ-VALENCIENNES,859845,non,,Immeuble,"27,8",50°20'4''N,3°31'9''E,54,25491,120.0,"26,8"
0592700100,22/07/2022,19/08/2022,,"2, r Georges Couthon",,,59032,AULNOY-LEZ-VALENCIENNES,859845,non,,Immeuble,"27,8",50°20'4''N,3°31'9''E,54,7361957,10.0,"25,9"
0592700099,07/12/2021,07/01/2022,,1 pl de Bruxelles,,,59079,BEUVRAGES,560011,non,,Immeuble,"25,9",50°22'45''N,3°30'33''E,29,25484,0.0,"22,3"
0592700099,07/12/2021,07/01/2022,,1 pl de Bruxelles,,,59079,BEUVRAGES,560011,non,,Immeuble,"25,9",50°22'45''N,3°30'33''E,29,25486,240.0,"22,3"
0592700099,07/12/2021,07/01/2022,,1 pl de Bruxelles,,,59079,BEUVRAGES,560011,non,,Immeuble,"25,9",50°22'45''N,3°30'33''E,29,7537393,120.0,"24,6"
0592700099,07/12/2021,07/01/2022,,1 pl de Bruxelles,,,59079,BEUVRAGES,560011,non,,Immeuble,"25,9",50°22'45''N,3°30'33''E,29,25485,120.0,"22,3"
0592700099,07/12/2021,07/01/2022,,1 pl de Bruxelles,,,59079,BEUVRAGES,560011,non,,Immeuble,"25,9",50°22'45''N,3°30'33''E,29,7537395,0.0,"24,6"
0592700099,07/12/2021,07/01/2022,,1 pl de Bruxelles,,,59079,BEUVRAGES,560011,non,,Immeuble,"25,9",50°22'45''N,3°30'33''E,29,7537397,240.0,"24,6"
0592700085,24/03/2022,25/04/2022,,48 -49 r des victoires,res ctre ville,,59009,VILLENEUVE-D'ASCQ,560206,oui,,Immeuble,42,50°37'24''N,3°7'47''E,31,2919538,240.0,"37,4"
0592700085,24/03/2022,25/04/2022,,48 -49 r des victoires,res ctre ville,,59009,VILLENEUVE-D'ASCQ,560206,oui,,Immeuble,42,50°37'24''N,3°7'47''E,31,2919536,120.0,"37,4"
0592700085,24/03/2022,25/04/2022,,48 -49 r des victoires,res ctre ville,,59009,VILLENEUVE-D'ASCQ,560206,oui,,Immeuble,42,50°37'24''N,3°7'47''E,31,2919534,0.0,"37,4"
0592700082,24/06/2021,23/07/2021,,131 r yves decugis,,,59009,VILLENEUVE-D'ASCQ,34717,non,,Immeuble,28,50°37'2''N,3°8'32''E,34,25668,230.0,27
0592700082,24/06/2021,23/07/2021,,131 r yves decugis,,,59009,VILLENEUVE-D'ASCQ,34717,non,,Immeuble,28,50°37'2''N,3°8'32''E,34,25667,0.0,27
0592700082,24/06/2021,23/07/2021,,131 r yves decugis,,,59009,VILLENEUVE-D'ASCQ,34717,non,,Immeuble,28,50°37'2''N,3°8'32''E,34,7049371,0.0,26
0592700082,24/06/2021,23/07/2021,,131 r yves decugis,,,59009,VILLENEUVE-D'ASCQ,34717,non,,Immeuble,28,50°37'2''N,3°8'32''E,34,7049373,230.0,26
0592700080,20/03/2025,18/04/2025,,"155, bd  clemenceau",S.A. DAMART SERVIPOSTE,,59299,HEM,437040,oui,,Bâtiment,"23,6",50°39'43.093''N,3°10'47.075''E,50,25530,120.0,"20,0"
0592700080,20/03/2025,18/04/2025,,"155, bd  clemenceau",S.A. DAMART SERVIPOSTE,,59299,HEM,437040,oui,,Bâtiment,"23,6",50°39'43.093''N,3°10'47.075''E,50,7086420,120.0,"20,0"
0592700080,20/03/2025,18/04/2025,,"155, bd  clemenceau",S.A. DAMART SERVIPOSTE,,59299,HEM,437040,oui,,Bâtiment,"23,6",50°39'43.093''N,3°10'47.075''E,50,25529,0.0,"20,0"
0592700080,20/03/2025,18/04/2025,,"155, bd  clemenceau",S.A. DAMART SERVIPOSTE,,59299,HEM,437040,oui,,Bâtiment,"23,6",50°39'43.093''N,3°10'47.075''E,50,25531,240.0,"20,0"
0592700080,20/03/2025,18/04/2025,,"155, bd  clemenceau",S.A. DAMART SERVIPOSTE,,59299,HEM,437040,oui,,Bâtiment,"23,6",50°39'43.093''N,3°10'47.075''E,50,7086422,240.0,"20,0"
0592700080,20/03/2025,18/04/2025,,"155, bd  clemenceau",S.A. DAMART SERVIPOSTE,,59299,HEM,437040,oui,,Bâtiment,"23,6",50°39'43.093''N,3°10'47.075''E,50,7086418,0.0,"20,0"
0592700079,24/06/2021,23/07/2021,,av paul vansteekiste,Résidence Bellevue,,59508,RONCQ,806089,oui,,Immeuble,25,50°45'24''N,3°7'7''E,36,2448778,0.0,"21,1"
0592700079,24/06/2021,23/07/2021,,av paul vansteekiste,Résidence Bellevue,,59508,RONCQ,806089,oui,,Immeuble,25,50°45'24''N,3°7'7''E,36,2448786,120.0,"21,1"
0592700079,24/06/2021,23/07/2021,,av paul vansteekiste,Résidence Bellevue,,59508,RONCQ,806089,oui,,Immeuble,25,50°45'24''N,3°7'7''E,36,7049436,120.0,"20,1"
0592700079,24/06/2021,23/07/2021,,av paul vansteekiste,Résidence Bellevue,,59508,RONCQ,806089,oui,,Immeuble,25,50°45'24''N,3°7'7''E,36,2448782,240.0,"21,1"
0592700079,24/06/2021,23/07/2021,,av paul vansteekiste,Résidence Bellevue,,59508,RONCQ,806089,oui,,Immeuble,25,50°45'24''N,3°7'7''E,36,7049438,240.0,"20,1"
0592700079,24/06/2021,23/07/2021,,av paul vansteekiste,Résidence Bellevue,,59508,RONCQ,806089,oui,,Immeuble,25,50°45'24''N,3°7'7''E,36,7049434,0.0,"20,1"
0592700078,18/05/2024,21/06/2024,Parc Europe,340 bis av de la Marne,Hôtel ibis,,59378,MARCQ-EN-BAROEUL,2194654,oui,,Bâtiment,25,50°40'32''N,3°6'59''E,21,25499,240.0,19
0592700078,18/05/2024,21/06/2024,Parc Europe,340 bis av de la Marne,Hôtel ibis,,59378,MARCQ-EN-BAROEUL,2194654,oui,,Bâtiment,25,50°40'32''N,3°6'59''E,21,25501,120.0,19
0592700078,18/05/2024,21/06/2024,Parc Europe,340 bis av de la Marne,Hôtel ibis,,59378,MARCQ-EN-BAROEUL,2194654,oui,,Bâtiment,25,50°40'32''N,3°6'59''E,21,25500,0.0,20
0592700077,16/11/2021,17/12/2021,,317 R VERTE,,,59163,CROIX,2053574,oui,,Immeuble,35,50°40'25''N,3°9'41''E,32,1489019,240.0,"34,3"
0592700077,16/11/2021,17/12/2021,,317 R VERTE,,,59163,CROIX,2053574,oui,,Immeuble,35,50°40'25''N,3°9'41''E,32,1489017,120.0,"34,3"
0592700077,16/11/2021,17/12/2021,,317 R VERTE,,,59163,CROIX,2053574,oui,,Immeuble,35,50°40'25''N,3°9'41''E,32,7427608,240.0,"33,9"
0592700077,16/11/2021,17/12/2021,,317 R VERTE,,,59163,CROIX,2053574,oui,,Immeuble,35,50°40'25''N,3°9'41''E,32,1489015,0.0,"34,3"
0592700077,16/11/2021,17/12/2021,,317 R VERTE,,,59163,CROIX,2053574,oui,,Immeuble,35,50°40'25''N,3°9'41''E,32,7427604,0.0,"33,9"
0592700077,16/11/2021,17/12/2021,,317 R VERTE,,,59163,CROIX,2053574,oui,,Immeuble,35,50°40'25''N,3°9'41''E,32,7427606,120.0,"33,9"
0592700075,25/05/2024,28/06/2024,,6 QUAI DE MARSEILLE,imm sriem,,59512,ROUBAIX,767301,oui,,Immeuble,"56,3",50°42'22.017''N,3°10'53.826''E,30,25507,0.0,"45,9"
0592700075,25/05/2024,28/06/2024,,6 QUAI DE MARSEILLE,imm sriem,,59512,ROUBAIX,767301,oui,,Immeuble,"56,3",50°42'22.017''N,3°10'53.826''E,30,25505,240.0,"45,9"
0592700075,25/05/2024,28/06/2024,,6 QUAI DE MARSEILLE,imm sriem,,59512,ROUBAIX,767301,oui,,Immeuble,"56,3",50°42'22.017''N,3°10'53.826''E,30,25506,120.0,"45,9"
0592700075,25/05/2024,28/06/2024,,6 QUAI DE MARSEILLE,imm sriem,,59512,ROUBAIX,767301,oui,,Immeuble,"56,3",50°42'22.017''N,3°10'53.826''E,30,6985748,240.0,"45,9"
0592700075,25/05/2024,28/06/2024,,6 QUAI DE MARSEILLE,imm sriem,,59512,ROUBAIX,767301,oui,,Immeuble,"56,3",50°42'22.017''N,3°10'53.826''E,30,6985750,120.0,"45,9"
0592700075,25/05/2024,28/06/2024,,6 QUAI DE MARSEILLE,imm sriem,,59512,ROUBAIX,767301,oui,,Immeuble,"56,3",50°42'22.017''N,3°10'53.826''E,30,6985752,0.0,"45,9"
0592700071,25/05/2024,28/06/2024,,"2, r andré gide",RES GIDE VALLES,,59350,LILLE,549788,non,,Immeuble,55,50°36'14''N,3°2'51''E,38,25115,120.0,"47,4"
0592700071,25/05/2024,28/06/2024,,"2, r andré gide",RES GIDE VALLES,,59350,LILLE,549788,non,,Immeuble,55,50°36'14''N,3°2'51''E,38,25114,0.0,"47,3"
0592700071,25/05/2024,28/06/2024,,"2, r andré gide",RES GIDE VALLES,,59350,LILLE,549788,non,,Immeuble,55,50°36'14''N,3°2'51''E,38,25116,240.0,"47,3"
0592700071,25/05/2024,28/06/2024,,"2, r andré gide",RES GIDE VALLES,,59350,LILLE,549788,non,,Immeuble,55,50°36'14''N,3°2'51''E,38,7407878,120.0,"46,4"
0592700064,10/08/2021,10/09/2021,,R de la halle,Pl d'armes,,59606,VALENCIENNES,599393,oui,,Immeuble,"32,5",50°21'27''N,3°31'28''E,25,979082,240.0,30
0592700064,10/08/2021,10/09/2021,,R de la halle,Pl d'armes,,59606,VALENCIENNES,599393,oui,,Immeuble,"32,5",50°21'27''N,3°31'28''E,25,979078,0.0,30
0592700064,10/08/2021,10/09/2021,,R de la halle,Pl d'armes,,59606,VALENCIENNES,599393,oui,,Immeuble,"32,5",50°21'27''N,3°31'28''E,25,979080,120.0,30
0592700063,07/08/2021,10/09/2021,,69 Pl d'Armes,Résidence Univers,,59178,DOUAI,859779,non,,Immeuble,27,50°22'5''N,3°4'58''E,27,25230,120.0,24
0592700063,07/08/2021,10/09/2021,,69 Pl d'Armes,Résidence Univers,,59178,DOUAI,859779,non,,Immeuble,27,50°22'5''N,3°4'58''E,27,491422,240.0,24
0592700063,07/08/2021,10/09/2021,,69 Pl d'Armes,Résidence Univers,,59178,DOUAI,859779,non,,Immeuble,27,50°22'5''N,3°4'58''E,27,7176891,0.0,"24,3"
0592700063,07/08/2021,10/09/2021,,69 Pl d'Armes,Résidence Univers,,59178,DOUAI,859779,non,,Immeuble,27,50°22'5''N,3°4'58''E,27,7176893,120.0,"24,3"
0592700063,07/08/2021,10/09/2021,,69 Pl d'Armes,Résidence Univers,,59178,DOUAI,859779,non,,Immeuble,27,50°22'5''N,3°4'58''E,27,25231,0.0,24
0592700063,07/08/2021,10/09/2021,,69 Pl d'Armes,Résidence Univers,,59178,DOUAI,859779,non,,Immeuble,27,50°22'5''N,3°4'58''E,27,7176895,240.0,"24,3"
0592700062,20/03/2025,18/04/2025,Ravennes les Francs,77 r d'amsterdam,Ets. VERHAEGHE INDUSTRIES,,59090,BONDUES,730686,oui,,Bâtiment,44,50°43'4''N,3°7'59''E,43,1964016,120.0,31
0592700062,20/03/2025,18/04/2025,Ravennes les Francs,77 r d'amsterdam,Ets. VERHAEGHE INDUSTRIES,,59090,BONDUES,730686,oui,,Bâtiment,44,50°43'4''N,3°7'59''E,43,1964014,0.0,31
0592700062,20/03/2025,18/04/2025,Ravennes les Francs,77 r d'amsterdam,Ets. VERHAEGHE INDUSTRIES,,59090,BONDUES,730686,oui,,Bâtiment,44,50°43'4''N,3°7'59''E,43,1964018,240.0,31
0592700061,14/10/2021,15/11/2021,,202 r jean jaurès,,,59009,VILLENEUVE-D'ASCQ,485355,oui,,Bâtiment,39,50°40'0''N,3°8'39''E,22,2147961,240.0,36
0592700061,14/10/2021,15/11/2021,,202 r jean jaurès,,,59009,VILLENEUVE-D'ASCQ,485355,oui,,Bâtiment,39,50°40'0''N,3°8'39''E,22,2147957,0.0,36
0592700061,14/10/2021,15/11/2021,,202 r jean jaurès,,,59009,VILLENEUVE-D'ASCQ,485355,oui,,Bâtiment,39,50°40'0''N,3°8'39''E,22,2147959,120.0,36
0592700061,14/10/2021,15/11/2021,,202 r jean jaurès,,,59009,VILLENEUVE-D'ASCQ,485355,oui,,Bâtiment,39,50°40'0''N,3°8'39''E,22,7341354,240.0,"35,4"
0592700061,14/10/2021,15/11/2021,,202 r jean jaurès,,,59009,VILLENEUVE-D'ASCQ,485355,oui,,Bâtiment,39,50°40'0''N,3°8'39''E,22,7341352,120.0,"35,4"
0592700061,14/10/2021,15/11/2021,,202 r jean jaurès,,,59009,VILLENEUVE-D'ASCQ,485355,oui,,Bâtiment,39,50°40'0''N,3°8'39''E,22,7341350,0.0,"35,4"
0592700059,10/11/2021,10/12/2021,,15 r de la bienfaisance,La caisse d'épargne et de prévoyance de FLANDRES,,59599,TOURCOING,478582,oui,,Immeuble,44,50°43'27''N,3°9'29''E,41,25300,240.0,"42,2"
0592700059,10/11/2021,10/12/2021,,15 r de la bienfaisance,La caisse d'épargne et de prévoyance de FLANDRES,,59599,TOURCOING,478582,oui,,Immeuble,44,50°43'27''N,3°9'29''E,41,796834,120.0,"42,2"
0592700059,10/11/2021,10/12/2021,,15 r de la bienfaisance,La caisse d'épargne et de prévoyance de FLANDRES,,59599,TOURCOING,478582,oui,,Immeuble,44,50°43'27''N,3°9'29''E,41,796830,0.0,"42,2"
0592700059,10/11/2021,10/12/2021,,15 r de la bienfaisance,La caisse d'épargne et de prévoyance de FLANDRES,,59599,TOURCOING,478582,oui,,Immeuble,44,50°43'27''N,3°9'29''E,41,7412092,120.0,"42,6"
0592700059,10/11/2021,10/12/2021,,15 r de la bienfaisance,La caisse d'épargne et de prévoyance de FLANDRES,,59599,TOURCOING,478582,oui,,Immeuble,44,50°43'27''N,3°9'29''E,41,7412094,240.0,"42,6"
0592700059,10/11/2021,10/12/2021,,15 r de la bienfaisance,La caisse d'épargne et de prévoyance de FLANDRES,,59599,TOURCOING,478582,oui,,Immeuble,44,50°43'27''N,3°9'29''E,41,7412090,0.0,"42,6"
0592700058,17/03/2023,14/04/2023,,50 RUE ALEXANDRE DESROUSSEAUX,,,59350,LILLE,1449655,oui,,Immeuble,46,50°37'44''N,3°0'17''E,22,2847039,0.0,"41,4"
0592700058,17/03/2023,14/04/2023,,50 RUE ALEXANDRE DESROUSSEAUX,,,59350,LILLE,1449655,oui,,Immeuble,46,50°37'44''N,3°0'17''E,22,2847041,120.0,"41,4"
0592700058,17/03/2023,14/04/2023,,50 RUE ALEXANDRE DESROUSSEAUX,,,59350,LILLE,1449655,oui,,Immeuble,46,50°37'44''N,3°0'17''E,22,6539156,240.0,"41,5"
0592700058,17/03/2023,14/04/2023,,50 RUE ALEXANDRE DESROUSSEAUX,,,59350,LILLE,1449655,oui,,Immeuble,46,50°37'44''N,3°0'17''E,22,2847037,240.0,"41,4"
0592700058,17/03/2023,14/04/2023,,50 RUE ALEXANDRE DESROUSSEAUX,,,59350,LILLE,1449655,oui,,Immeuble,46,50°37'44''N,3°0'17''E,22,6539154,120.0,"41,5"
0592700058,17/03/2023,14/04/2023,,50 RUE ALEXANDRE DESROUSSEAUX,,,59350,LILLE,1449655,oui,,Immeuble,46,50°37'44''N,3°0'17''E,22,6539158,0.0,"41,5"
0592700053,04/11/2021,03/12/2021,,"12, r du Coq Francais",Résidence du Théatre,,59512,ROUBAIX,859835,oui,,Immeuble,53,50°41'20.979''N,3°10'40.899''E,28,25375,0.0,"50,1"
0592700053,04/11/2021,03/12/2021,,"12, r du Coq Francais",Résidence du Théatre,,59512,ROUBAIX,859835,oui,,Immeuble,53,50°41'20.979''N,3°10'40.899''E,28,25374,120.0,"50,1"
0592700053,04/11/2021,03/12/2021,,"12, r du Coq Francais",Résidence du Théatre,,59512,ROUBAIX,859835,oui,,Immeuble,53,50°41'20.979''N,3°10'40.899''E,28,25376,240.0,"50,1"
0592700053,04/11/2021,03/12/2021,,"12, r du Coq Francais",Résidence du Théatre,,59512,ROUBAIX,859835,oui,,Immeuble,53,50°41'20.979''N,3°10'40.899''E,28,7389207,0.0,"50,1"
0592700053,04/11/2021,03/12/2021,,"12, r du Coq Francais",Résidence du Théatre,,59512,ROUBAIX,859835,oui,,Immeuble,53,50°41'20.979''N,3°10'40.899''E,28,7389211,240.0,"50,1"
0592700053,04/11/2021,03/12/2021,,"12, r du Coq Francais",Résidence du Théatre,,59512,ROUBAIX,859835,oui,,Immeuble,53,50°41'20.979''N,3°10'40.899''E,28,7389209,120.0,"50,1"
0592700052,11/03/2021,09/04/2021,,"70,72 R D'ARCOLE",,,59350,LILLE,445795,oui,,Immeuble,49,50°37'22''N,3°2'47''E,24,2607791,120.0,48
0592700052,11/03/2021,09/04/2021,,"70,72 R D'ARCOLE",,,59350,LILLE,445795,oui,,Immeuble,49,50°37'22''N,3°2'47''E,24,2607789,0.0,48
0592700052,11/03/2021,09/04/2021,,"70,72 R D'ARCOLE",,,59350,LILLE,445795,oui,,Immeuble,49,50°37'22''N,3°2'47''E,24,2607793,240.0,48
0592700052,11/03/2021,09/04/2021,,"70,72 R D'ARCOLE",,,59350,LILLE,445795,oui,,Immeuble,49,50°37'22''N,3°2'47''E,24,6837306,240.0,"45,4"
0592700052,11/03/2021,09/04/2021,,"70,72 R D'ARCOLE",,,59350,LILLE,445795,oui,,Immeuble,49,50°37'22''N,3°2'47''E,24,6837302,0.0,"47,4"
0592700052,11/03/2021,09/04/2021,,"70,72 R D'ARCOLE",,,59350,LILLE,445795,oui,,Immeuble,49,50°37'22''N,3°2'47''E,24,6837304,120.0,"47,4"
0592700044,25/05/2024,28/06/2024,,510 rte Nationale,bat nord ste PRESCO (près supermarché),,59486,RACHES,826076,non,,Bâtiment,27,50°24'54''N,3°8'16''E,20,25270,120.0,"25,8"
0592700044,25/05/2024,28/06/2024,,510 rte Nationale,bat nord ste PRESCO (près supermarché),,59486,RACHES,826076,non,,Bâtiment,27,50°24'54''N,3°8'16''E,20,25269,0.0,"25,8"
0592700044,25/05/2024,28/06/2024,,510 rte Nationale,bat nord ste PRESCO (près supermarché),,59486,RACHES,826076,non,,Bâtiment,27,50°24'54''N,3°8'16''E,20,25271,240.0,"25,8"
0592700039,22/06/2021,23/07/2021,,28 r wagnonville,,,59234,FLERS-EN-ESCREBIEUX,861244,non,,Bâtiment,"29,3",50°23'40''N,3°3'45''E,21,511089,0.0,"27,4"
0592700039,22/06/2021,23/07/2021,,28 r wagnonville,,,59234,FLERS-EN-ESCREBIEUX,861244,non,,Bâtiment,"29,3",50°23'40''N,3°3'45''E,21,511091,120.0,"27,4"
0592700039,22/06/2021,23/07/2021,,28 r wagnonville,,,59234,FLERS-EN-ESCREBIEUX,861244,non,,Bâtiment,"29,3",50°23'40''N,3°3'45''E,21,511093,240.0,"27,4"
0592700039,22/06/2021,23/07/2021,,28 r wagnonville,,,59234,FLERS-EN-ESCREBIEUX,861244,non,,Bâtiment,"29,3",50°23'40''N,3°3'45''E,21,7045182,120.0,"28,7"
0592700039,22/06/2021,23/07/2021,,28 r wagnonville,,,59234,FLERS-EN-ESCREBIEUX,861244,non,,Bâtiment,"29,3",50°23'40''N,3°3'45''E,21,7045184,240.0,"28,7"
0592700039,22/06/2021,23/07/2021,,28 r wagnonville,,,59234,FLERS-EN-ESCREBIEUX,861244,non,,Bâtiment,"29,3",50°23'40''N,3°3'45''E,21,7045180,0.0,"28,7"
0592700038,17/07/2021,20/08/2021,,"26, r Georges CLEMENCEAU",imm tour clemenceau,,59350,LILLE,442586,oui,,Immeuble,"49,9",50°37'17''N,3°4'46''E,26,2673821,240.0,"48,5"
0592700038,17/07/2021,20/08/2021,,"26, r Georges CLEMENCEAU",imm tour clemenceau,,59350,LILLE,442586,oui,,Immeuble,"49,9",50°37'17''N,3°4'46''E,26,2673817,0.0,"45,5"
0592700038,17/07/2021,20/08/2021,,"26, r Georges CLEMENCEAU",imm tour clemenceau,,59350,LILLE,442586,oui,,Immeuble,"49,9",50°37'17''N,3°4'46''E,26,2673819,120.0,"48,5"
0592700029,20/02/2025,21/03/2025,,"89, r des Ecoles",Ferme Ponseel,,59260,GHYVELDE,1706220,oui,,Bâtiment,33,51°2'46''N,2°31'10''E,2,25368,0.0,"31,1"
0592700029,20/02/2025,21/03/2025,,"89, r des Ecoles",Ferme Ponseel,,59260,GHYVELDE,1706220,oui,,Bâtiment,33,51°2'46''N,2°31'10''E,2,25369,120.0,"31,1"
0592700029,20/02/2025,21/03/2025,,"89, r des Ecoles",Ferme Ponseel,,59260,GHYVELDE,1706220,oui,,Bâtiment,33,51°2'46''N,2°31'10''E,2,25370,240.0,"31,1"
0592700027,23/10/2021,26/11/2021,L'Epine,"5, imp des rosiers",,,59350,LILLE,635591,oui,,Immeuble,27,50°37'10''N,3°6'15''E,33,489877,240.0,"25,4"
0592700027,23/10/2021,26/11/2021,L'Epine,"5, imp des rosiers",,,59350,LILLE,635591,oui,,Immeuble,27,50°37'10''N,3°6'15''E,33,489881,120.0,"25,4"
0592700027,23/10/2021,26/11/2021,L'Epine,"5, imp des rosiers",,,59350,LILLE,635591,oui,,Immeuble,27,50°37'10''N,3°6'15''E,33,489879,0.0,"25,4"
0592700027,23/10/2021,26/11/2021,L'Epine,"5, imp des rosiers",,,59350,LILLE,635591,oui,,Immeuble,27,50°37'10''N,3°6'15''E,33,7359465,240.0,"24,4"
0592700027,23/10/2021,26/11/2021,L'Epine,"5, imp des rosiers",,,59350,LILLE,635591,oui,,Immeuble,27,50°37'10''N,3°6'15''E,33,7359461,0.0,"24,4"
0592700027,23/10/2021,26/11/2021,L'Epine,"5, imp des rosiers",,,59350,LILLE,635591,oui,,Immeuble,27,50°37'10''N,3°6'15''E,33,7359463,120.0,"24,4"
0592700026,03/07/2024,02/08/2024,,"22,r paul ramadier",Résidence Winston CHURCHILL,,59350,LILLE,474796,oui,,Immeuble,"38,5",50°38'57''N,3°3'45''E,21,2577607,0.0,37
0592700026,03/07/2024,02/08/2024,,"22,r paul ramadier",Résidence Winston CHURCHILL,,59350,LILLE,474796,oui,,Immeuble,"38,5",50°38'57''N,3°3'45''E,21,2577609,240.0,37
0592700026,03/07/2024,02/08/2024,,"22,r paul ramadier",Résidence Winston CHURCHILL,,59350,LILLE,474796,oui,,Immeuble,"38,5",50°38'57''N,3°3'45''E,21,2577611,120.0,37
0592700022,14/05/2025,20/06/2025,,1 a 5 r courteline,Bâtiment N° 5,,59350,LILLE,639741,oui,,Immeuble,54,50°37'11.595''N,3°1'59.592''E,23,2574610,0.0,"47,2"
0592700022,14/05/2025,20/06/2025,,1 a 5 r courteline,Bâtiment N° 5,,59350,LILLE,639741,oui,,Immeuble,54,50°37'11.595''N,3°1'59.592''E,23,2574612,120.0,"47,2"
0592700022,14/05/2025,20/06/2025,,1 a 5 r courteline,Bâtiment N° 5,,59350,LILLE,639741,oui,,Immeuble,54,50°37'11.595''N,3°1'59.592''E,23,6174276,240.0,"47,2"
0592700021,10/08/2022,09/09/2022,,"52, av henri delecroix",Société SIH,,59299,HEM,861242,non,,Bâtiment,26,50°38'46''N,3°11'36''E,24,479905,240.0,"23,4"
0592700021,10/08/2022,09/09/2022,,"52, av henri delecroix",Société SIH,,59299,HEM,861242,non,,Bâtiment,26,50°38'46''N,3°11'36''E,24,479901,0.0,"23,4"
0592700021,10/08/2022,09/09/2022,,"52, av henri delecroix",Société SIH,,59299,HEM,861242,non,,Bâtiment,26,50°38'46''N,3°11'36''E,24,479903,120.0,"23,4"
0592700021,10/08/2022,09/09/2022,,"52, av henri delecroix",Société SIH,,59299,HEM,861242,non,,Bâtiment,26,50°38'46''N,3°11'36''E,24,8053371,240.0,"21,4"
0592700021,10/08/2022,09/09/2022,,"52, av henri delecroix",Société SIH,,59299,HEM,861242,non,,Bâtiment,26,50°38'46''N,3°11'36''E,24,8053367,0.0,"22,4"
0592700021,10/08/2022,09/09/2022,,"52, av henri delecroix",Société SIH,,59299,HEM,861242,non,,Bâtiment,26,50°38'46''N,3°11'36''E,24,8053369,120.0,"21,4"
0592700015,15/12/2021,14/01/2022,,278 CHAUSSE FERNAND FOREST,,,59599,TOURCOING,703369,oui,,Immeuble,38,50°44'14''N,3°9'5''E,28,25219,240.0,"36,2"
0592700015,15/12/2021,14/01/2022,,278 CHAUSSE FERNAND FOREST,,,59599,TOURCOING,703369,oui,,Immeuble,38,50°44'14''N,3°9'5''E,28,25218,120.0,"36,2"
0592700015,15/12/2021,14/01/2022,,278 CHAUSSE FERNAND FOREST,,,59599,TOURCOING,703369,oui,,Immeuble,38,50°44'14''N,3°9'5''E,28,25217,0.0,"36,2"
0592700015,15/12/2021,14/01/2022,,278 CHAUSSE FERNAND FOREST,,,59599,TOURCOING,703369,oui,,Immeuble,38,50°44'14''N,3°9'5''E,28,7566024,120.0,"35,8"
0592700015,15/12/2021,14/01/2022,,278 CHAUSSE FERNAND FOREST,,,59599,TOURCOING,703369,oui,,Immeuble,38,50°44'14''N,3°9'5''E,28,7566026,240.0,"35,8"
0592700015,15/12/2021,14/01/2022,,278 CHAUSSE FERNAND FOREST,,,59599,TOURCOING,703369,oui,,Immeuble,38,50°44'14''N,3°9'5''E,28,7566022,0.0,"35,8"
0592700004,21/02/2023,24/03/2023,,ZAC LES EPIS,RES ALEXIA,,59569,SIN-LE-NOBLE,716435,oui,,Immeuble,75,50°20'38''N,3°6'5''E,43,93823,0.0,"59,4"
0592700004,21/02/2023,24/03/2023,,ZAC LES EPIS,RES ALEXIA,,59569,SIN-LE-NOBLE,716435,oui,,Immeuble,75,50°20'38''N,3°6'5''E,43,25099,240.0,"59,4"
0592700004,21/02/2023,24/03/2023,,ZAC LES EPIS,RES ALEXIA,,59569,SIN-LE-NOBLE,716435,oui,,Immeuble,75,50°20'38''N,3°6'5''E,43,25100,120.0,"59,4"
0592700004,21/02/2023,24/03/2023,,ZAC LES EPIS,RES ALEXIA,,59569,SIN-LE-NOBLE,716435,oui,,Immeuble,75,50°20'38''N,3°6'5''E,43,7770082,120.0,"58,8"
0592700004,21/02/2023,24/03/2023,,ZAC LES EPIS,RES ALEXIA,,59569,SIN-LE-NOBLE,716435,oui,,Immeuble,75,50°20'38''N,3°6'5''E,43,7770080,0.0,"58,8"
0592700004,21/02/2023,24/03/2023,,ZAC LES EPIS,RES ALEXIA,,59569,SIN-LE-NOBLE,716435,oui,,Immeuble,75,50°20'38''N,3°6'5''E,43,7770084,240.0,"58,8"
0592291488,11/06/2025,11/07/2025,,5C Rue Robert Schuman,Loos,,59360,LOOS,3128946,non,,Bâtiment,"20,4",50°36'44''N,3°1'14''E,25,9962942,230.0,"18,6"
0592291488,11/06/2025,11/07/2025,,5C Rue Robert Schuman,Loos,,59360,LOOS,3128946,non,,Bâtiment,"20,4",50°36'44''N,3°1'14''E,25,9962944,350.0,"18,6"
0592291488,11/06/2025,11/07/2025,,5C Rue Robert Schuman,Loos,,59360,LOOS,3128946,non,,Bâtiment,"20,4",50°36'44''N,3°1'14''E,25,9962940,125.0,"18,6"
0592291488,11/06/2025,11/07/2025,,5C Rue Robert Schuman,Loos,,59360,LOOS,3128946,non,,Bâtiment,"20,4",50°36'44''N,3°1'14''E,25,9962948,230.0,"19,9"
0592291488,11/06/2025,11/07/2025,,5C Rue Robert Schuman,Loos,,59360,LOOS,3128946,non,,Bâtiment,"20,4",50°36'44''N,3°1'14''E,25,9962950,350.0,"19,9"
0592291488,11/06/2025,11/07/2025,,5C Rue Robert Schuman,Loos,,59360,LOOS,3128946,non,,Bâtiment,"20,4",50°36'44''N,3°1'14''E,25,9962946,125.0,"19,9"
0592291439,28/05/2024,28/06/2024,,245 boulevard de Tournai,Bat Orange Grand Stade,batiment Orange Grand Stade,59009,VILLENEUVE-D'ASCQ,2988097,non,,Bâtiment,"27,3",50°36'42''N,3°7'58''E,42,9273845,90.0,"25,9"
0592291439,28/05/2024,28/06/2024,,245 boulevard de Tournai,Bat Orange Grand Stade,batiment Orange Grand Stade,59009,VILLENEUVE-D'ASCQ,2988097,non,,Bâtiment,"27,3",50°36'42''N,3°7'58''E,42,9273849,305.0,"22,6"
0592291439,28/05/2024,28/06/2024,,245 boulevard de Tournai,Bat Orange Grand Stade,batiment Orange Grand Stade,59009,VILLENEUVE-D'ASCQ,2988097,non,,Bâtiment,"27,3",50°36'42''N,3°7'58''E,42,9273855,305.0,"23,9"
0592291439,28/05/2024,28/06/2024,,245 boulevard de Tournai,Bat Orange Grand Stade,batiment Orange Grand Stade,59009,VILLENEUVE-D'ASCQ,2988097,non,,Bâtiment,"27,3",50°36'42''N,3°7'58''E,42,9273847,180.0,"22,6"
0592291439,28/05/2024,28/06/2024,,245 boulevard de Tournai,Bat Orange Grand Stade,batiment Orange Grand Stade,59009,VILLENEUVE-D'ASCQ,2988097,non,,Bâtiment,"27,3",50°36'42''N,3°7'58''E,42,9273853,180.0,"23,9"
0592291439,28/05/2024,28/06/2024,,245 boulevard de Tournai,Bat Orange Grand Stade,batiment Orange Grand Stade,59009,VILLENEUVE-D'ASCQ,2988097,non,,Bâtiment,"27,3",50°36'42''N,3°7'58''E,42,9273851,90.0,27
0592291431,15/02/2024,15/03/2024,Stade Pierre Mauroy,261 Boulevard de Tournai,Tribune Nord,,59009,VILLENEUVE-D'ASCQ,1918986,oui,,Bâtiment,42,50°36'45''N,3°7'50''E,38,8835250,345.0,"26,2"
0592291431,15/02/2024,15/03/2024,Stade Pierre Mauroy,261 Boulevard de Tournai,Tribune Nord,,59009,VILLENEUVE-D'ASCQ,1918986,oui,,Bâtiment,42,50°36'45''N,3°7'50''E,38,8835254,165.0,"26,2"
0592291431,15/02/2024,15/03/2024,Stade Pierre Mauroy,261 Boulevard de Tournai,Tribune Nord,,59009,VILLENEUVE-D'ASCQ,1918986,oui,,Bâtiment,42,50°36'45''N,3°7'50''E,38,8835244,345.0,"26,8"
0592291431,15/02/2024,15/03/2024,Stade Pierre Mauroy,261 Boulevard de Tournai,Tribune Nord,,59009,VILLENEUVE-D'ASCQ,1918986,oui,,Bâtiment,42,50°36'45''N,3°7'50''E,38,8835248,345.0,"26,8"
0592291431,15/02/2024,15/03/2024,Stade Pierre Mauroy,261 Boulevard de Tournai,Tribune Nord,,59009,VILLENEUVE-D'ASCQ,1918986,oui,,Bâtiment,42,50°36'45''N,3°7'50''E,38,8835252,165.0,"26,2"
0592291431,15/02/2024,15/03/2024,Stade Pierre Mauroy,261 Boulevard de Tournai,Tribune Nord,,59009,VILLENEUVE-D'ASCQ,1918986,oui,,Bâtiment,42,50°36'45''N,3°7'50''E,38,8835246,345.0,"26,2"
0592291430,12/02/2024,15/03/2024,Stade Pierre Mauroy,261 Boulevard de Tournai,Tribune Sud,,59009,VILLENEUVE-D'ASCQ,1918981,oui,,Bâtiment,42,50°36'40''N,3°7'51''E,38,8835256,165.0,"26,8"
0592291430,12/02/2024,15/03/2024,Stade Pierre Mauroy,261 Boulevard de Tournai,Tribune Sud,,59009,VILLENEUVE-D'ASCQ,1918981,oui,,Bâtiment,42,50°36'40''N,3°7'51''E,38,8835258,165.0,"26,2"
0592291430,12/02/2024,15/03/2024,Stade Pierre Mauroy,261 Boulevard de Tournai,Tribune Sud,,59009,VILLENEUVE-D'ASCQ,1918981,oui,,Bâtiment,42,50°36'40''N,3°7'51''E,38,8835260,165.0,"26,8"
0592291430,12/02/2024,15/03/2024,Stade Pierre Mauroy,261 Boulevard de Tournai,Tribune Sud,,59009,VILLENEUVE-D'ASCQ,1918981,oui,,Bâtiment,42,50°36'40''N,3°7'51''E,38,8835264,345.0,"26,2"
0592291430,12/02/2024,15/03/2024,Stade Pierre Mauroy,261 Boulevard de Tournai,Tribune Sud,,59009,VILLENEUVE-D'ASCQ,1918981,oui,,Bâtiment,42,50°36'40''N,3°7'51''E,38,8835262,165.0,"26,2"
0592291430,12/02/2024,15/03/2024,Stade Pierre Mauroy,261 Boulevard de Tournai,Tribune Sud,,59009,VILLENEUVE-D'ASCQ,1918981,oui,,Bâtiment,42,50°36'40''N,3°7'51''E,38,8835266,345.0,"26,2"
0592291428,05/01/2024,09/02/2024,Stade Pierre Mauroy,261 Boulevard de Tournai,Tribune Ouest,,59009,VILLENEUVE-D'ASCQ,1918976,oui,,Bâtiment,42,50°36'43''N,3°7'47''E,38,8835308,289.0,"27,1"
0592291428,05/01/2024,09/02/2024,Stade Pierre Mauroy,261 Boulevard de Tournai,Tribune Ouest,,59009,VILLENEUVE-D'ASCQ,1918976,oui,,Bâtiment,42,50°36'43''N,3°7'47''E,38,8835298,255.0,"26,4"
0592291428,05/01/2024,09/02/2024,Stade Pierre Mauroy,261 Boulevard de Tournai,Tribune Ouest,,59009,VILLENEUVE-D'ASCQ,1918976,oui,,Bâtiment,42,50°36'43''N,3°7'47''E,38,8835310,75.0,"25,9"
0592291428,05/01/2024,09/02/2024,Stade Pierre Mauroy,261 Boulevard de Tournai,Tribune Ouest,,59009,VILLENEUVE-D'ASCQ,1918976,oui,,Bâtiment,42,50°36'43''N,3°7'47''E,38,8835306,289.0,"28,3"
0592291428,05/01/2024,09/02/2024,Stade Pierre Mauroy,261 Boulevard de Tournai,Tribune Ouest,,59009,VILLENEUVE-D'ASCQ,1918976,oui,,Bâtiment,42,50°36'43''N,3°7'47''E,38,8835294,255.0,"26,4"
0592291428,05/01/2024,09/02/2024,Stade Pierre Mauroy,261 Boulevard de Tournai,Tribune Ouest,,59009,VILLENEUVE-D'ASCQ,1918976,oui,,Bâtiment,42,50°36'43''N,3°7'47''E,38,8835302,255.0,"26,4"
0592291428,05/01/2024,09/02/2024,Stade Pierre Mauroy,261 Boulevard de Tournai,Tribune Ouest,,59009,VILLENEUVE-D'ASCQ,1918976,oui,,Bâtiment,42,50°36'43''N,3°7'47''E,38,8835300,255.0,"25,9"
0592291428,05/01/2024,09/02/2024,Stade Pierre Mauroy,261 Boulevard de Tournai,Tribune Ouest,,59009,VILLENEUVE-D'ASCQ,1918976,oui,,Bâtiment,42,50°36'43''N,3°7'47''E,38,8835304,255.0,"25,9"
0592291428,05/01/2024,09/02/2024,Stade Pierre Mauroy,261 Boulevard de Tournai,Tribune Ouest,,59009,VILLENEUVE-D'ASCQ,1918976,oui,,Bâtiment,42,50°36'43''N,3°7'47''E,38,8835292,221.0,"27,1"
0592291428,05/01/2024,09/02/2024,Stade Pierre Mauroy,261 Boulevard de Tournai,Tribune Ouest,,59009,VILLENEUVE-D'ASCQ,1918976,oui,,Bâtiment,42,50°36'43''N,3°7'47''E,38,8835290,221.0,"28,3"
0592291428,05/01/2024,09/02/2024,Stade Pierre Mauroy,261 Boulevard de Tournai,Tribune Ouest,,59009,VILLENEUVE-D'ASCQ,1918976,oui,,Bâtiment,42,50°36'43''N,3°7'47''E,38,8835296,255.0,"25,9"
0592291424,15/01/2025,14/02/2025,,Rue Paul Eluard,Residence Les Marroniers,,59032,AULNOY-LEZ-VALENCIENNES,2909077,oui,,Immeuble,25,50°19'56.878''N,3°30'50.690''E,56,8952735,280.0,"24,3"
0592291424,15/01/2025,14/02/2025,,Rue Paul Eluard,Residence Les Marroniers,,59032,AULNOY-LEZ-VALENCIENNES,2909077,oui,,Immeuble,25,50°19'56.878''N,3°30'50.690''E,56,8952733,170.0,"24,3"
0592291424,15/01/2025,14/02/2025,,Rue Paul Eluard,Residence Les Marroniers,,59032,AULNOY-LEZ-VALENCIENNES,2909077,oui,,Immeuble,25,50°19'56.878''N,3°30'50.690''E,56,8952737,30.0,25
0592291424,15/01/2025,14/02/2025,,Rue Paul Eluard,Residence Les Marroniers,,59032,AULNOY-LEZ-VALENCIENNES,2909077,oui,,Immeuble,25,50°19'56.878''N,3°30'50.690''E,56,8952731,30.0,"24,3"
0592291424,15/01/2025,14/02/2025,,Rue Paul Eluard,Residence Les Marroniers,,59032,AULNOY-LEZ-VALENCIENNES,2909077,oui,,Immeuble,25,50°19'56.878''N,3°30'50.690''E,56,8952741,280.0,25
0592291424,15/01/2025,14/02/2025,,Rue Paul Eluard,Residence Les Marroniers,,59032,AULNOY-LEZ-VALENCIENNES,2909077,oui,,Immeuble,25,50°19'56.878''N,3°30'50.690''E,56,8952739,170.0,25
0592291423,25/10/2023,24/11/2023,Stade Pierre Mauroy,261 Boulevard de Tournai,Tribune Est,,59009,VILLENEUVE-D'ASCQ,2879685,oui,,Bâtiment,42,50°36'43''N,3°7'53''E,38,8835282,75.0,"25,9"
0592291423,25/10/2023,24/11/2023,Stade Pierre Mauroy,261 Boulevard de Tournai,Tribune Est,,59009,VILLENEUVE-D'ASCQ,2879685,oui,,Bâtiment,42,50°36'43''N,3°7'53''E,38,8835286,109.0,"27,1"
0592291423,25/10/2023,24/11/2023,Stade Pierre Mauroy,261 Boulevard de Tournai,Tribune Est,,59009,VILLENEUVE-D'ASCQ,2879685,oui,,Bâtiment,42,50°36'43''N,3°7'53''E,38,8835272,75.0,"26,4"
0592291423,25/10/2023,24/11/2023,Stade Pierre Mauroy,261 Boulevard de Tournai,Tribune Est,,59009,VILLENEUVE-D'ASCQ,2879685,oui,,Bâtiment,42,50°36'43''N,3°7'53''E,38,8835270,41.0,"27,1"
0592291423,25/10/2023,24/11/2023,Stade Pierre Mauroy,261 Boulevard de Tournai,Tribune Est,,59009,VILLENEUVE-D'ASCQ,2879685,oui,,Bâtiment,42,50°36'43''N,3°7'53''E,38,8835268,41.0,"28,3"
0592291423,25/10/2023,24/11/2023,Stade Pierre Mauroy,261 Boulevard de Tournai,Tribune Est,,59009,VILLENEUVE-D'ASCQ,2879685,oui,,Bâtiment,42,50°36'43''N,3°7'53''E,38,8835278,75.0,"25,9"
0592291423,25/10/2023,24/11/2023,Stade Pierre Mauroy,261 Boulevard de Tournai,Tribune Est,,59009,VILLENEUVE-D'ASCQ,2879685,oui,,Bâtiment,42,50°36'43''N,3°7'53''E,38,8835280,75.0,"26,4"
0592291423,25/10/2023,24/11/2023,Stade Pierre Mauroy,261 Boulevard de Tournai,Tribune Est,,59009,VILLENEUVE-D'ASCQ,2879685,oui,,Bâtiment,42,50°36'43''N,3°7'53''E,38,8835284,109.0,"28,3"
0592291423,25/10/2023,24/11/2023,Stade Pierre Mauroy,261 Boulevard de Tournai,Tribune Est,,59009,VILLENEUVE-D'ASCQ,2879685,oui,,Bâtiment,42,50°36'43''N,3°7'53''E,38,8835274,75.0,"25,9"
0592291423,25/10/2023,24/11/2023,Stade Pierre Mauroy,261 Boulevard de Tournai,Tribune Est,,59009,VILLENEUVE-D'ASCQ,2879685,oui,,Bâtiment,42,50°36'43''N,3°7'53''E,38,8835276,75.0,"26,4"
0592291423,25/10/2023,24/11/2023,Stade Pierre Mauroy,261 Boulevard de Tournai,Tribune Est,,59009,VILLENEUVE-D'ASCQ,2879685,oui,,Bâtiment,42,50°36'43''N,3°7'53''E,38,8835288,255.0,"25,9"
0592291402,08/01/2025,07/02/2025,,2 rue de Lockweiller,Résidence Foch,,59324,JEUMONT,2890528,oui,,Immeuble,28,50°17'52''N,4°5'54''E,125,8472660,290.0,"24,4"
0592291402,08/01/2025,07/02/2025,,2 rue de Lockweiller,Résidence Foch,,59324,JEUMONT,2890528,oui,,Immeuble,28,50°17'52''N,4°5'54''E,125,8472666,290.0,25
0592291402,08/01/2025,07/02/2025,,2 rue de Lockweiller,Résidence Foch,,59324,JEUMONT,2890528,oui,,Immeuble,28,50°17'52''N,4°5'54''E,125,8472656,50.0,"24,4"
0592291402,08/01/2025,07/02/2025,,2 rue de Lockweiller,Résidence Foch,,59324,JEUMONT,2890528,oui,,Immeuble,28,50°17'52''N,4°5'54''E,125,8472658,140.0,"24,4"
0592291402,08/01/2025,07/02/2025,,2 rue de Lockweiller,Résidence Foch,,59324,JEUMONT,2890528,oui,,Immeuble,28,50°17'52''N,4°5'54''E,125,8472664,140.0,25
0592291402,08/01/2025,07/02/2025,,2 rue de Lockweiller,Résidence Foch,,59324,JEUMONT,2890528,oui,,Immeuble,28,50°17'52''N,4°5'54''E,125,8472662,50.0,25
0592291364,09/11/2024,13/12/2024,,27 Rue Stéphane Hessel,,,59279,HALLUIN,2516038,non,,Bâtiment,"17,7",50°47'12''N,3°7'52''E,16,7206759,80.0,"15,8"
0592291364,09/11/2024,13/12/2024,,27 Rue Stéphane Hessel,,,59279,HALLUIN,2516038,non,,Bâtiment,"17,7",50°47'12''N,3°7'52''E,16,7206763,260.0,"15,8"
0592291364,09/11/2024,13/12/2024,,27 Rue Stéphane Hessel,,,59279,HALLUIN,2516038,non,,Bâtiment,"17,7",50°47'12''N,3°7'52''E,16,7206761,170.0,"15,8"
0592291364,09/11/2024,13/12/2024,,27 Rue Stéphane Hessel,,,59279,HALLUIN,2516038,non,,Bâtiment,"17,7",50°47'12''N,3°7'52''E,16,7206769,260.0,"16,1"
0592291364,09/11/2024,13/12/2024,,27 Rue Stéphane Hessel,,,59279,HALLUIN,2516038,non,,Bâtiment,"17,7",50°47'12''N,3°7'52''E,16,7206765,80.0,"16,1"
0592291364,09/11/2024,13/12/2024,,27 Rue Stéphane Hessel,,,59279,HALLUIN,2516038,non,,Bâtiment,"17,7",50°47'12''N,3°7'52''E,16,7206767,170.0,"16,1"
0592291358,15/01/2025,14/02/2025,,13 Rue des Ogiers,,,59512,ROUBAIX,2775082,oui,,Immeuble,26,50°41'16''N,3°9'25''E,23,7048497,0.0,"24,1"
0592291358,15/01/2025,14/02/2025,,13 Rue des Ogiers,,,59512,ROUBAIX,2775082,oui,,Immeuble,26,50°41'16''N,3°9'25''E,23,7048499,160.0,"24,1"
0592291358,15/01/2025,14/02/2025,,13 Rue des Ogiers,,,59512,ROUBAIX,2775082,oui,,Immeuble,26,50°41'16''N,3°9'25''E,23,7048505,160.0,"24,6"
0592291358,15/01/2025,14/02/2025,,13 Rue des Ogiers,,,59512,ROUBAIX,2775082,oui,,Immeuble,26,50°41'16''N,3°9'25''E,23,7048501,270.0,"24,1"
0592291358,15/01/2025,14/02/2025,,13 Rue des Ogiers,,,59512,ROUBAIX,2775082,oui,,Immeuble,26,50°41'16''N,3°9'25''E,23,7048507,270.0,"24,5"
0592291358,15/01/2025,14/02/2025,,13 Rue des Ogiers,,,59512,ROUBAIX,2775082,oui,,Immeuble,26,50°41'16''N,3°9'25''E,23,7048503,0.0,"24,5"
0592291351,22/07/2025,22/08/2025,,avenue willy Brandt,Immeuble CAMPUSEOS,,59350,LILLE,2448803,non,,Immeuble,"59,6",50°38'11''N,3°4'33''E,21,6900631,330.0,"53,6"
0592291351,22/07/2025,22/08/2025,,avenue willy Brandt,Immeuble CAMPUSEOS,,59350,LILLE,2448803,non,,Immeuble,"59,6",50°38'11''N,3°4'33''E,21,6900627,90.0,"53,6"
0592291351,22/07/2025,22/08/2025,,avenue willy Brandt,Immeuble CAMPUSEOS,,59350,LILLE,2448803,non,,Immeuble,"59,6",50°38'11''N,3°4'33''E,21,6900629,210.0,"53,6"
0592291351,22/07/2025,22/08/2025,,avenue willy Brandt,Immeuble CAMPUSEOS,,59350,LILLE,2448803,non,,Immeuble,"59,6",50°38'11''N,3°4'33''E,21,6900633,90.0,"54,3"
0592291351,22/07/2025,22/08/2025,,avenue willy Brandt,Immeuble CAMPUSEOS,,59350,LILLE,2448803,non,,Immeuble,"59,6",50°38'11''N,3°4'33''E,21,6900635,210.0,"54,3"
0592291351,22/07/2025,22/08/2025,,avenue willy Brandt,Immeuble CAMPUSEOS,,59350,LILLE,2448803,non,,Immeuble,"59,6",50°38'11''N,3°4'33''E,21,6900637,330.0,"54,3"
0592291347,15/01/2025,14/02/2025,,Allée Taine,,,59009,VILLENEUVE-D'ASCQ,2442299,non,,Immeuble,"23,6",50°37'3''N,3°8'25''E,33,6870732,290.0,"22,8"
0592291347,15/01/2025,14/02/2025,,Allée Taine,,,59009,VILLENEUVE-D'ASCQ,2442299,non,,Immeuble,"23,6",50°37'3''N,3°8'25''E,33,6870724,150.0,"22,2"
0592291347,15/01/2025,14/02/2025,,Allée Taine,,,59009,VILLENEUVE-D'ASCQ,2442299,non,,Immeuble,"23,6",50°37'3''N,3°8'25''E,33,6870726,290.0,"22,2"
0592291347,15/01/2025,14/02/2025,,Allée Taine,,,59009,VILLENEUVE-D'ASCQ,2442299,non,,Immeuble,"23,6",50°37'3''N,3°8'25''E,33,6870722,30.0,"22,2"
0592291347,15/01/2025,14/02/2025,,Allée Taine,,,59009,VILLENEUVE-D'ASCQ,2442299,non,,Immeuble,"23,6",50°37'3''N,3°8'25''E,33,6870728,30.0,"22,8"
0592291347,15/01/2025,14/02/2025,,Allée Taine,,,59009,VILLENEUVE-D'ASCQ,2442299,non,,Immeuble,"23,6",50°37'3''N,3°8'25''E,33,6870730,150.0,"22,8"
0592291325,01/11/2024,06/12/2024,,231 avenue Charles de Gaulle,,,59299,HEM,2340683,non,,Immeuble,"20,6",50°40'8''N,3°11'7''E,39,6433755,300.0,"18,6"
0592291325,01/11/2024,06/12/2024,,231 avenue Charles de Gaulle,,,59299,HEM,2340683,non,,Immeuble,"20,6",50°40'8''N,3°11'7''E,39,6433753,210.0,"18,6"
0592291325,01/11/2024,06/12/2024,,231 avenue Charles de Gaulle,,,59299,HEM,2340683,non,,Immeuble,"20,6",50°40'8''N,3°11'7''E,39,8237078,210.0,"20,1"
0592291325,01/11/2024,06/12/2024,,231 avenue Charles de Gaulle,,,59299,HEM,2340683,non,,Immeuble,"20,6",50°40'8''N,3°11'7''E,39,6433751,120.0,"18,6"
0592291325,01/11/2024,06/12/2024,,231 avenue Charles de Gaulle,,,59299,HEM,2340683,non,,Immeuble,"20,6",50°40'8''N,3°11'7''E,39,8237080,300.0,"20,1"
0592291325,01/11/2024,06/12/2024,,231 avenue Charles de Gaulle,,,59299,HEM,2340683,non,,Immeuble,"20,6",50°40'8''N,3°11'7''E,39,8237076,120.0,"20,1"
0592291243,22/07/2025,22/08/2025,,4-14 r st-sauveur,,,59350,LILLE,641477,oui,,Immeuble,45,50°37'59''N,3°4'12''E,19,6160148,30.0,"43,9"
0592291243,22/07/2025,22/08/2025,,4-14 r st-sauveur,,,59350,LILLE,641477,oui,,Immeuble,45,50°37'59''N,3°4'12''E,19,6160152,270.0,"43,9"
0592291243,22/07/2025,22/08/2025,,4-14 r st-sauveur,,,59350,LILLE,641477,oui,,Immeuble,45,50°37'59''N,3°4'12''E,19,6160150,120.0,"43,9"
0592291243,22/07/2025,22/08/2025,,4-14 r st-sauveur,,,59350,LILLE,641477,oui,,Immeuble,45,50°37'59''N,3°4'12''E,19,6907291,270.0,"44,6"
0592291243,22/07/2025,22/08/2025,,4-14 r st-sauveur,,,59350,LILLE,641477,oui,,Immeuble,45,50°37'59''N,3°4'12''E,19,6907287,30.0,"44,6"
0592291243,22/07/2025,22/08/2025,,4-14 r st-sauveur,,,59350,LILLE,641477,oui,,Immeuble,45,50°37'59''N,3°4'12''E,19,6907289,120.0,"44,6"
0592291236,24/01/2025,21/02/2025,,2 rue Ronsard,,,59009,VILLENEUVE-D'ASCQ,2249794,non,,Immeuble,"28,5",50°37'29''N,3°8'41''E,26,6119336,280.0,"26,8"
0592291236,24/01/2025,21/02/2025,,2 rue Ronsard,,,59009,VILLENEUVE-D'ASCQ,2249794,non,,Immeuble,"28,5",50°37'29''N,3°8'41''E,26,6119334,150.0,"26,8"
0592291236,24/01/2025,21/02/2025,,2 rue Ronsard,,,59009,VILLENEUVE-D'ASCQ,2249794,non,,Immeuble,"28,5",50°37'29''N,3°8'41''E,26,6119332,30.0,"26,8"
0592291236,24/01/2025,21/02/2025,,2 rue Ronsard,,,59009,VILLENEUVE-D'ASCQ,2249794,non,,Immeuble,"28,5",50°37'29''N,3°8'41''E,26,7842174,280.0,"28,3"
0592291236,24/01/2025,21/02/2025,,2 rue Ronsard,,,59009,VILLENEUVE-D'ASCQ,2249794,non,,Immeuble,"28,5",50°37'29''N,3°8'41''E,26,7842172,150.0,"28,3"
0592291236,24/01/2025,21/02/2025,,2 rue Ronsard,,,59009,VILLENEUVE-D'ASCQ,2249794,non,,Immeuble,"28,5",50°37'29''N,3°8'41''E,26,7842170,30.0,"28,3"
0592291214,12/12/2024,10/01/2025,Résidence Les Moulins,86 rue d?Arras,,,59350,LILLE,2199924,non,,Immeuble,"24,8",50°37'20''N,3°4'1''E,25,5940351,30.0,21
0592291214,12/12/2024,10/01/2025,Résidence Les Moulins,86 rue d?Arras,,,59350,LILLE,2199924,non,,Immeuble,"24,8",50°37'20''N,3°4'1''E,25,5940353,160.0,"23,1"
0592291214,12/12/2024,10/01/2025,Résidence Les Moulins,86 rue d?Arras,,,59350,LILLE,2199924,non,,Immeuble,"24,8",50°37'20''N,3°4'1''E,25,5940355,270.0,21
0592291214,12/12/2024,10/01/2025,Résidence Les Moulins,86 rue d?Arras,,,59350,LILLE,2199924,non,,Immeuble,"24,8",50°37'20''N,3°4'1''E,25,7878102,160.0,"24,7"
0592291214,12/12/2024,10/01/2025,Résidence Les Moulins,86 rue d?Arras,,,59350,LILLE,2199924,non,,Immeuble,"24,8",50°37'20''N,3°4'1''E,25,7878104,270.0,"22,5"
0592291214,12/12/2024,10/01/2025,Résidence Les Moulins,86 rue d?Arras,,,59350,LILLE,2199924,non,,Immeuble,"24,8",50°37'20''N,3°4'1''E,25,7878100,30.0,"22,5"
0592291206,03/12/2021,07/01/2022,,270 r pierre de roubaix,,,59512,ROUBAIX,2195759,oui,,Immeuble,"30,5",50°41'8''N,3°11'28''E,26,5923372,150.0,"24,8"
0592291206,03/12/2021,07/01/2022,,270 r pierre de roubaix,,,59512,ROUBAIX,2195759,oui,,Immeuble,"30,5",50°41'8''N,3°11'28''E,26,5923370,30.0,"24,8"
0592291206,03/12/2021,07/01/2022,,270 r pierre de roubaix,,,59512,ROUBAIX,2195759,oui,,Immeuble,"30,5",50°41'8''N,3°11'28''E,26,5923374,290.0,"24,8"
0592291206,03/12/2021,07/01/2022,,270 r pierre de roubaix,,,59512,ROUBAIX,2195759,oui,,Immeuble,"30,5",50°41'8''N,3°11'28''E,26,7527362,30.0,"26,3"
0592291206,03/12/2021,07/01/2022,,270 r pierre de roubaix,,,59512,ROUBAIX,2195759,oui,,Immeuble,"30,5",50°41'8''N,3°11'28''E,26,7527366,290.0,"26,3"
0592291206,03/12/2021,07/01/2022,,270 r pierre de roubaix,,,59512,ROUBAIX,2195759,oui,,Immeuble,"30,5",50°41'8''N,3°11'28''E,26,7527364,150.0,"26,3"
0592291204,28/11/2024,27/12/2024,,1 Rue de la Batellerie,,,59183,DUNKERQUE,2192435,non,,Immeuble,"40,9",51°1'45''N,2°21'45''E,4,5913573,270.0,"38,5"
0592291204,28/11/2024,27/12/2024,,1 Rue de la Batellerie,,,59183,DUNKERQUE,2192435,non,,Immeuble,"40,9",51°1'45''N,2°21'45''E,4,5913569,30.0,"38,5"
0592291204,28/11/2024,27/12/2024,,1 Rue de la Batellerie,,,59183,DUNKERQUE,2192435,non,,Immeuble,"40,9",51°1'45''N,2°21'45''E,4,5913571,130.0,"38,5"
0592291204,28/11/2024,27/12/2024,,1 Rue de la Batellerie,,,59183,DUNKERQUE,2192435,non,,Immeuble,"40,9",51°1'45''N,2°21'45''E,4,8982600,30.0,"40,4"
0592291204,28/11/2024,27/12/2024,,1 Rue de la Batellerie,,,59183,DUNKERQUE,2192435,non,,Immeuble,"40,9",51°1'45''N,2°21'45''E,4,8982604,270.0,"40,4"
0592291204,28/11/2024,27/12/2024,,1 Rue de la Batellerie,,,59183,DUNKERQUE,2192435,non,,Immeuble,"40,9",51°1'45''N,2°21'45''E,4,8982602,130.0,"40,4"
0592291198,10/12/2024,10/01/2025,,Rue du Puits au Bois,,,59350,LILLE,2188333,non,,Immeuble,18,50°38'47''N,2°59'56''E,34,5897592,120.0,"16,6"
0592291198,10/12/2024,10/01/2025,,Rue du Puits au Bois,,,59350,LILLE,2188333,non,,Immeuble,18,50°38'47''N,2°59'56''E,34,8083226,210.0,18
0592291198,10/12/2024,10/01/2025,,Rue du Puits au Bois,,,59350,LILLE,2188333,non,,Immeuble,18,50°38'47''N,2°59'56''E,34,8083224,120.0,18
0592291198,10/12/2024,10/01/2025,,Rue du Puits au Bois,,,59350,LILLE,2188333,non,,Immeuble,18,50°38'47''N,2°59'56''E,34,5897594,210.0,"16,6"
0592291198,10/12/2024,10/01/2025,,Rue du Puits au Bois,,,59350,LILLE,2188333,non,,Immeuble,18,50°38'47''N,2°59'56''E,34,5897596,320.0,"16,6"
0592291198,10/12/2024,10/01/2025,,Rue du Puits au Bois,,,59350,LILLE,2188333,non,,Immeuble,18,50°38'47''N,2°59'56''E,34,8083228,320.0,18
0592291164,21/07/2025,22/08/2025,,177/179 Rue Nationale,,,59350,LILLE,2130538,non,,Immeuble,25,50°37'56''N,3°3'6''E,40,5689353,270.0,"22,5"
0592291164,21/07/2025,22/08/2025,,177/179 Rue Nationale,,,59350,LILLE,2130538,non,,Immeuble,25,50°37'56''N,3°3'6''E,40,5689349,30.0,"24,1"
0592291164,21/07/2025,22/08/2025,,177/179 Rue Nationale,,,59350,LILLE,2130538,non,,Immeuble,25,50°37'56''N,3°3'6''E,40,5689351,150.0,"24,1"
0592291164,21/07/2025,22/08/2025,,177/179 Rue Nationale,,,59350,LILLE,2130538,non,,Immeuble,25,50°37'56''N,3°3'6''E,40,6986473,150.0,"24,7"
0592291164,21/07/2025,22/08/2025,,177/179 Rue Nationale,,,59350,LILLE,2130538,non,,Immeuble,25,50°37'56''N,3°3'6''E,40,6986475,270.0,"23,1"
0592291164,21/07/2025,22/08/2025,,177/179 Rue Nationale,,,59350,LILLE,2130538,non,,Immeuble,25,50°37'56''N,3°3'6''E,40,6986471,30.0,"24,7"
0592291162,15/04/2021,17/05/2021,,1 R JULES VALLÈS,,,59360,LOOS,832004,oui,,Immeuble,48,50°36'15''N,3°2'43''E,38,5687450,0.0,"45,7"
0592291162,15/04/2021,17/05/2021,,1 R JULES VALLÈS,,,59360,LOOS,832004,oui,,Immeuble,48,50°36'15''N,3°2'43''E,38,5687454,270.0,"45,7"
0592291162,15/04/2021,17/05/2021,,1 R JULES VALLÈS,,,59360,LOOS,832004,oui,,Immeuble,48,50°36'15''N,3°2'43''E,38,5687452,150.0,"45,7"
0592291161,19/11/2024,20/12/2024,,Rue Jean Baptiste Lebas,Résidence de Bussy,,59350,LILLE,2130091,non,,Immeuble,49,50°38'23.307''N,3°0'34.008''E,24,5687446,200.0,46
0592291161,19/11/2024,20/12/2024,,Rue Jean Baptiste Lebas,Résidence de Bussy,,59350,LILLE,2130091,non,,Immeuble,49,50°38'23.307''N,3°0'34.008''E,24,5687448,330.0,46
0592291161,19/11/2024,20/12/2024,,Rue Jean Baptiste Lebas,Résidence de Bussy,,59350,LILLE,2130091,non,,Immeuble,49,50°38'23.307''N,3°0'34.008''E,24,5687444,100.0,46
0592291161,19/11/2024,20/12/2024,,Rue Jean Baptiste Lebas,Résidence de Bussy,,59350,LILLE,2130091,non,,Immeuble,49,50°38'23.307''N,3°0'34.008''E,24,8899566,100.0,"47,6"
0592291161,19/11/2024,20/12/2024,,Rue Jean Baptiste Lebas,Résidence de Bussy,,59350,LILLE,2130091,non,,Immeuble,49,50°38'23.307''N,3°0'34.008''E,24,8899570,330.0,"47,6"
0592291161,19/11/2024,20/12/2024,,Rue Jean Baptiste Lebas,Résidence de Bussy,,59350,LILLE,2130091,non,,Immeuble,49,50°38'23.307''N,3°0'34.008''E,24,8899568,200.0,"47,6"
0592291160,08/01/2025,07/02/2025,,118 rue du Molinel,,,59350,LILLE,2129484,non,,Immeuble,41,50°38'0''N,3°3'54''E,27,5685548,240.0,"37,3"
0592291160,08/01/2025,07/02/2025,,118 rue du Molinel,,,59350,LILLE,2129484,non,,Immeuble,41,50°38'0''N,3°3'54''E,27,5685550,330.0,"37,3"
0592291160,08/01/2025,07/02/2025,,118 rue du Molinel,,,59350,LILLE,2129484,non,,Immeuble,41,50°38'0''N,3°3'54''E,27,5685546,60.0,"37,3"
0592291160,08/01/2025,07/02/2025,,118 rue du Molinel,,,59350,LILLE,2129484,non,,Immeuble,41,50°38'0''N,3°3'54''E,27,6911548,240.0,"36,7"
0592291160,08/01/2025,07/02/2025,,118 rue du Molinel,,,59350,LILLE,2129484,non,,Immeuble,41,50°38'0''N,3°3'54''E,27,6911546,60.0,"36,7"
0592291160,08/01/2025,07/02/2025,,118 rue du Molinel,,,59350,LILLE,2129484,non,,Immeuble,41,50°38'0''N,3°3'54''E,27,6911550,330.0,"36,7"
0592291149,09/02/2019,15/03/2019,,Parc d'activités Jean Monet,Usine Automobile PSA SEVELNORD,,59348,LIEU-SAINT-AMAND,2114179,non,,Bâtiment,27,50°15'51.097''N,3°20'25.610''E,61,5630827,140.0,"28,8"
0592291149,09/02/2019,15/03/2019,,Parc d'activités Jean Monet,Usine Automobile PSA SEVELNORD,,59348,LIEU-SAINT-AMAND,2114179,non,,Bâtiment,27,50°15'51.097''N,3°20'25.610''E,61,5630825,10.0,"28,8"
0592291149,09/02/2019,15/03/2019,,Parc d'activités Jean Monet,Usine Automobile PSA SEVELNORD,,59348,LIEU-SAINT-AMAND,2114179,non,,Bâtiment,27,50°15'51.097''N,3°20'25.610''E,61,5630829,280.0,"28,8"
0592291133,12/06/2019,12/07/2019,,EGLISE_ROUTE_NATIONALE,,,59158,COUTICHES,2072385,non,,Bâtiment,24,50°27'8''N,3°12'7''E,24,5479709,10.0,14
0592291133,12/06/2019,12/07/2019,,EGLISE_ROUTE_NATIONALE,,,59158,COUTICHES,2072385,non,,Bâtiment,24,50°27'8''N,3°12'7''E,24,5479715,280.0,14
0592291133,12/06/2019,12/07/2019,,EGLISE_ROUTE_NATIONALE,,,59158,COUTICHES,2072385,non,,Bâtiment,24,50°27'8''N,3°12'7''E,24,5479711,100.0,14
0592291133,12/06/2019,12/07/2019,,EGLISE_ROUTE_NATIONALE,,,59158,COUTICHES,2072385,non,,Bâtiment,24,50°27'8''N,3°12'7''E,24,5479713,190.0,14
0592291119,10/01/2023,10/02/2023,,2 rue de l'Hôpital Militaire,Immeuble,,59350,LILLE,2013930,non,,Immeuble,17,50°37'59.042''N,3°3'44.850''E,29,5278184,,"17,8"
0592291119,10/01/2023,10/02/2023,,2 rue de l'Hôpital Militaire,Immeuble,,59350,LILLE,2013930,non,,Immeuble,17,50°37'59.042''N,3°3'44.850''E,29,5278186,,"17,8"
0592291115,05/12/2024,06/01/2025,,Résidence Léon Blum,"Entrée B, place Léon Blum",,59350,LILLE,2009376,non,,Immeuble,"19,4",50°38'57''N,3°0'20''E,31,5262508,120.0,18
0592291115,05/12/2024,06/01/2025,,Résidence Léon Blum,"Entrée B, place Léon Blum",,59350,LILLE,2009376,non,,Immeuble,"19,4",50°38'57''N,3°0'20''E,31,5262506,10.0,18
0592291115,05/12/2024,06/01/2025,,Résidence Léon Blum,"Entrée B, place Léon Blum",,59350,LILLE,2009376,non,,Immeuble,"19,4",50°38'57''N,3°0'20''E,31,5262510,230.0,18
0592291115,05/12/2024,06/01/2025,,Résidence Léon Blum,"Entrée B, place Léon Blum",,59350,LILLE,2009376,non,,Immeuble,"19,4",50°38'57''N,3°0'20''E,31,7102635,10.0,"19,4"
0592291115,05/12/2024,06/01/2025,,Résidence Léon Blum,"Entrée B, place Léon Blum",,59350,LILLE,2009376,non,,Immeuble,"19,4",50°38'57''N,3°0'20''E,31,7102637,120.0,"19,4"
0592291115,05/12/2024,06/01/2025,,Résidence Léon Blum,"Entrée B, place Léon Blum",,59350,LILLE,2009376,non,,Immeuble,"19,4",50°38'57''N,3°0'20''E,31,7102639,230.0,"19,4"
0592291110,05/12/2024,06/01/2025,,"12, r du Coq Francais",Résidence du Théatre,,59512,ROUBAIX,859835,oui,,Immeuble,53,50°41'21.010''N,3°10'41.001''E,28,5243600,30.0,"49,2"
0592291110,05/12/2024,06/01/2025,,"12, r du Coq Francais",Résidence du Théatre,,59512,ROUBAIX,859835,oui,,Immeuble,53,50°41'21.010''N,3°10'41.001''E,28,5243602,150.0,"49,2"
0592291110,05/12/2024,06/01/2025,,"12, r du Coq Francais",Résidence du Théatre,,59512,ROUBAIX,859835,oui,,Immeuble,53,50°41'21.010''N,3°10'41.001''E,28,6929999,150.0,"50,5"
0592291110,05/12/2024,06/01/2025,,"12, r du Coq Francais",Résidence du Théatre,,59512,ROUBAIX,859835,oui,,Immeuble,53,50°41'21.010''N,3°10'41.001''E,28,5243604,280.0,"49,2"
0592291110,05/12/2024,06/01/2025,,"12, r du Coq Francais",Résidence du Théatre,,59512,ROUBAIX,859835,oui,,Immeuble,53,50°41'21.010''N,3°10'41.001''E,28,6929997,30.0,"50,5"
0592291110,05/12/2024,06/01/2025,,"12, r du Coq Francais",Résidence du Théatre,,59512,ROUBAIX,859835,oui,,Immeuble,53,50°41'21.010''N,3°10'41.001''E,28,6930001,280.0,"50,5"
0592291096,07/12/2024,10/01/2025,,chemin des Margueritois,Foyer ADOMA,,59507,RONCHIN,2363581,oui,,Immeuble,22,50°36'23.141''N,3°4'21.063''E,35,5133174,196.0,20
0592291096,07/12/2024,10/01/2025,,chemin des Margueritois,Foyer ADOMA,,59507,RONCHIN,2363581,oui,,Immeuble,22,50°36'23.141''N,3°4'21.063''E,35,5803571,313.0,"16,9"
0592291096,07/12/2024,10/01/2025,,chemin des Margueritois,Foyer ADOMA,,59507,RONCHIN,2363581,oui,,Immeuble,22,50°36'23.141''N,3°4'21.063''E,35,5133172,70.0,20
0592291096,07/12/2024,10/01/2025,,chemin des Margueritois,Foyer ADOMA,,59507,RONCHIN,2363581,oui,,Immeuble,22,50°36'23.141''N,3°4'21.063''E,35,5133176,313.0,20
0592291096,07/12/2024,10/01/2025,,chemin des Margueritois,Foyer ADOMA,,59507,RONCHIN,2363581,oui,,Immeuble,22,50°36'23.141''N,3°4'21.063''E,35,5803567,70.0,"16,9"
0592291096,07/12/2024,10/01/2025,,chemin des Margueritois,Foyer ADOMA,,59507,RONCHIN,2363581,oui,,Immeuble,22,50°36'23.141''N,3°4'21.063''E,35,5803569,196.0,"16,9"
0592291077,02/07/2024,02/08/2024,,120 r Villars,ctre administratif,,59172,DENAIN,1892194,non,,Immeuble,40,50°19'34''N,3°23'38''E,30,8696737,270.0,"35,3"
0592291077,02/07/2024,02/08/2024,,120 r Villars,ctre administratif,,59172,DENAIN,1892194,non,,Immeuble,40,50°19'34''N,3°23'38''E,30,4858480,150.0,32
0592291077,02/07/2024,02/08/2024,,120 r Villars,ctre administratif,,59172,DENAIN,1892194,non,,Immeuble,40,50°19'34''N,3°23'38''E,30,4858482,270.0,32
0592291077,02/07/2024,02/08/2024,,120 r Villars,ctre administratif,,59172,DENAIN,1892194,non,,Immeuble,40,50°19'34''N,3°23'38''E,30,4858478,30.0,32
0592291077,02/07/2024,02/08/2024,,120 r Villars,ctre administratif,,59172,DENAIN,1892194,non,,Immeuble,40,50°19'34''N,3°23'38''E,30,8696733,30.0,"35,3"
0592291077,02/07/2024,02/08/2024,,120 r Villars,ctre administratif,,59172,DENAIN,1892194,non,,Immeuble,40,50°19'34''N,3°23'38''E,30,8696735,150.0,"35,3"
0592291071,06/10/2021,05/11/2021,,Rue des Frères Lumière,Pavillon Ribot,,59360,LOOS,1840287,non,,Immeuble,"29,2",50°36'34''N,3°0'37''E,25,4700713,60.0,28
0592291071,06/10/2021,05/11/2021,,Rue des Frères Lumière,Pavillon Ribot,,59360,LOOS,1840287,non,,Immeuble,"29,2",50°36'34''N,3°0'37''E,25,4700717,300.0,28
0592291071,06/10/2021,05/11/2021,,Rue des Frères Lumière,Pavillon Ribot,,59360,LOOS,1840287,non,,Immeuble,"29,2",50°36'34''N,3°0'37''E,25,4700715,180.0,28
0592291071,06/10/2021,05/11/2021,,Rue des Frères Lumière,Pavillon Ribot,,59360,LOOS,1840287,non,,Immeuble,"29,2",50°36'34''N,3°0'37''E,25,6010339,60.0,29
0592291071,06/10/2021,05/11/2021,,Rue des Frères Lumière,Pavillon Ribot,,59360,LOOS,1840287,non,,Immeuble,"29,2",50°36'34''N,3°0'37''E,25,6010341,180.0,29
0592291071,06/10/2021,05/11/2021,,Rue des Frères Lumière,Pavillon Ribot,,59360,LOOS,1840287,non,,Immeuble,"29,2",50°36'34''N,3°0'37''E,25,6010343,300.0,29
0592291056,03/12/2024,06/01/2025,,28 RUE ETIENNE DOLET,Résidence les abeilles,,59350,LILLE,2907949,oui,,Immeuble,26,50°37'50''N,3°6'10''E,27,4440153,120.0,"24,3"
0592291056,03/12/2024,06/01/2025,,28 RUE ETIENNE DOLET,Résidence les abeilles,,59350,LILLE,2907949,oui,,Immeuble,26,50°37'50''N,3°6'10''E,27,4440151,30.0,"24,3"
0592291056,03/12/2024,06/01/2025,,28 RUE ETIENNE DOLET,Résidence les abeilles,,59350,LILLE,2907949,oui,,Immeuble,26,50°37'50''N,3°6'10''E,27,4440155,300.0,"24,3"
0592291056,03/12/2024,06/01/2025,,28 RUE ETIENNE DOLET,Résidence les abeilles,,59350,LILLE,2907949,oui,,Immeuble,26,50°37'50''N,3°6'10''E,27,5926448,30.0,25
0592291056,03/12/2024,06/01/2025,,28 RUE ETIENNE DOLET,Résidence les abeilles,,59350,LILLE,2907949,oui,,Immeuble,26,50°37'50''N,3°6'10''E,27,5926452,300.0,25
0592291056,03/12/2024,06/01/2025,,28 RUE ETIENNE DOLET,Résidence les abeilles,,59350,LILLE,2907949,oui,,Immeuble,26,50°37'50''N,3°6'10''E,27,5926450,120.0,25
0592291053,22/07/2025,22/08/2025,,9/11/13 r de cambrai,,,59350,LILLE,639131,oui,,Immeuble,40,50°37'28''N,3°4'19''E,24,4389877,120.0,32
0592291053,22/07/2025,22/08/2025,,9/11/13 r de cambrai,,,59350,LILLE,639131,oui,,Immeuble,40,50°37'28''N,3°4'19''E,24,4389875,0.0,32
0592291053,22/07/2025,22/08/2025,,9/11/13 r de cambrai,,,59350,LILLE,639131,oui,,Immeuble,40,50°37'28''N,3°4'19''E,24,5882683,0.0,"33,5"
0592291053,22/07/2025,22/08/2025,,9/11/13 r de cambrai,,,59350,LILLE,639131,oui,,Immeuble,40,50°37'28''N,3°4'19''E,24,4389879,240.0,32
0592291053,22/07/2025,22/08/2025,,9/11/13 r de cambrai,,,59350,LILLE,639131,oui,,Immeuble,40,50°37'28''N,3°4'19''E,24,5882685,120.0,"33,5"
0592291053,22/07/2025,22/08/2025,,9/11/13 r de cambrai,,,59350,LILLE,639131,oui,,Immeuble,40,50°37'28''N,3°4'19''E,24,5882687,240.0,"33,5"
0592291047,18/11/2022,16/12/2022,,r d'ypres,Tour E,,59512,ROUBAIX,586663,non,,Immeuble,62,50°41'3''N,3°12'14''E,25,4295425,170.0,"44,9"
0592291047,18/11/2022,16/12/2022,,r d'ypres,Tour E,,59512,ROUBAIX,586663,non,,Immeuble,62,50°41'3''N,3°12'14''E,25,4295427,290.0,"44,9"
0592291047,18/11/2022,16/12/2022,,r d'ypres,Tour E,,59512,ROUBAIX,586663,non,,Immeuble,62,50°41'3''N,3°12'14''E,25,4295423,50.0,"44,9"
0592291046,10/12/2024,10/01/2025,,52 Place de la Victoire,,,59599,TOURCOING,1697296,non,,Bâtiment,"28,4",50°43'6''N,3°9'25''E,38,4290866,250.0,"26,5"
0592291046,10/12/2024,10/01/2025,,52 Place de la Victoire,,,59599,TOURCOING,1697296,non,,Bâtiment,"28,4",50°43'6''N,3°9'25''E,38,4290864,120.0,"26,5"
0592291046,10/12/2024,10/01/2025,,52 Place de la Victoire,,,59599,TOURCOING,1697296,non,,Bâtiment,"28,4",50°43'6''N,3°9'25''E,38,6698200,355.0,"28,4"
0592291046,10/12/2024,10/01/2025,,52 Place de la Victoire,,,59599,TOURCOING,1697296,non,,Bâtiment,"28,4",50°43'6''N,3°9'25''E,38,4290868,355.0,"26,5"
0592291046,10/12/2024,10/01/2025,,52 Place de la Victoire,,,59599,TOURCOING,1697296,non,,Bâtiment,"28,4",50°43'6''N,3°9'25''E,38,6698198,250.0,"28,4"
0592291046,10/12/2024,10/01/2025,,52 Place de la Victoire,,,59599,TOURCOING,1697296,non,,Bâtiment,"28,4",50°43'6''N,3°9'25''E,38,6698196,120.0,"28,4"
0592291042,14/02/2023,17/03/2023,,22 rue de Valmy,,,59350,LILLE,1675775,non,,Immeuble,13,50°37'46''N,3°3'48''E,26,4229555,,11
0592291042,14/02/2023,17/03/2023,,22 rue de Valmy,,,59350,LILLE,1675775,non,,Immeuble,13,50°37'46''N,3°3'48''E,26,4229553,,10
0592291033,07/01/2025,07/02/2025,,1 AVENUE DE FLANDRE,,,59650,WATTRELOS,2420238,oui,,Immeuble,19,50°42'26''N,3°13'44''E,35,4183660,50.0,"18,1"
0592291033,07/01/2025,07/02/2025,,1 AVENUE DE FLANDRE,,,59650,WATTRELOS,2420238,oui,,Immeuble,19,50°42'26''N,3°13'44''E,35,4183662,180.0,"18,1"
0592291033,07/01/2025,07/02/2025,,1 AVENUE DE FLANDRE,,,59650,WATTRELOS,2420238,oui,,Immeuble,19,50°42'26''N,3°13'44''E,35,8994107,180.0,"16,7"
0592291033,07/01/2025,07/02/2025,,1 AVENUE DE FLANDRE,,,59650,WATTRELOS,2420238,oui,,Immeuble,19,50°42'26''N,3°13'44''E,35,4183664,300.0,"18,1"
0592291033,07/01/2025,07/02/2025,,1 AVENUE DE FLANDRE,,,59650,WATTRELOS,2420238,oui,,Immeuble,19,50°42'26''N,3°13'44''E,35,8994105,50.0,"16,7"
0592291033,07/01/2025,07/02/2025,,1 AVENUE DE FLANDRE,,,59650,WATTRELOS,2420238,oui,,Immeuble,19,50°42'26''N,3°13'44''E,35,8994109,300.0,"16,7"
0592291031,04/07/2024,02/08/2024,,Allée des Acacias,,,59457,PERENCHIES,1658973,non,,Immeuble,32,50°39'55''N,2°58'36''E,32,4183707,180.0,"28,6"
0592291031,04/07/2024,02/08/2024,,Allée des Acacias,,,59457,PERENCHIES,1658973,non,,Immeuble,32,50°39'55''N,2°58'36''E,32,4183705,20.0,"28,6"
0592291031,04/07/2024,02/08/2024,,Allée des Acacias,,,59457,PERENCHIES,1658973,non,,Immeuble,32,50°39'55''N,2°58'36''E,32,6543166,180.0,"30,6"
0592291031,04/07/2024,02/08/2024,,Allée des Acacias,,,59457,PERENCHIES,1658973,non,,Immeuble,32,50°39'55''N,2°58'36''E,32,4183709,270.0,"28,6"
0592291031,04/07/2024,02/08/2024,,Allée des Acacias,,,59457,PERENCHIES,1658973,non,,Immeuble,32,50°39'55''N,2°58'36''E,32,6543168,270.0,"30,6"
0592291031,04/07/2024,02/08/2024,,Allée des Acacias,,,59457,PERENCHIES,1658973,non,,Immeuble,32,50°39'55''N,2°58'36''E,32,6543164,20.0,"30,6"
0592291021,23/08/2022,23/09/2022,,4 rue de la Barre,,,59350,LILLE,1628251,non,,Immeuble,14,50°38'20.310''N,3°3'30.584''E,20,4092812,,"13,4"
0592291021,23/08/2022,23/09/2022,,4 rue de la Barre,,,59350,LILLE,1628251,non,,Immeuble,14,50°38'20.310''N,3°3'30.584''E,20,4092814,,"13,4"
0592291013,03/12/2024,06/01/2025,,4-5 rue du Chemin Vert,SOCIETE HAROL,,59034,AVELIN,1603025,non,,Bâtiment,"17,6",50°32'32''N,3°5'8''E,35,4015988,170.0,16
0592291013,03/12/2024,06/01/2025,,4-5 rue du Chemin Vert,SOCIETE HAROL,,59034,AVELIN,1603025,non,,Bâtiment,"17,6",50°32'32''N,3°5'8''E,35,4015990,260.0,16
0592291013,03/12/2024,06/01/2025,,4-5 rue du Chemin Vert,SOCIETE HAROL,,59034,AVELIN,1603025,non,,Bâtiment,"17,6",50°32'32''N,3°5'8''E,35,4015986,50.0,16
0592291013,03/12/2024,06/01/2025,,4-5 rue du Chemin Vert,SOCIETE HAROL,,59034,AVELIN,1603025,non,,Bâtiment,"17,6",50°32'32''N,3°5'8''E,35,8111841,50.0,"17,3"
0592291013,03/12/2024,06/01/2025,,4-5 rue du Chemin Vert,SOCIETE HAROL,,59034,AVELIN,1603025,non,,Bâtiment,"17,6",50°32'32''N,3°5'8''E,35,8111843,170.0,"17,3"
0592291013,03/12/2024,06/01/2025,,4-5 rue du Chemin Vert,SOCIETE HAROL,,59034,AVELIN,1603025,non,,Bâtiment,"17,6",50°32'32''N,3°5'8''E,35,8111845,260.0,"17,3"
0592291012,12/08/2025,12/09/2025,,"1, allée des Coquelicots",Tour Verdun,,59410,MONS-EN-BAROEUL,1607592,oui,,Immeuble,"34,1",50°38'17''N,3°6'9''E,27,4015009,295.0,"32,4"
0592291012,12/08/2025,12/09/2025,,"1, allée des Coquelicots",Tour Verdun,,59410,MONS-EN-BAROEUL,1607592,oui,,Immeuble,"34,1",50°38'17''N,3°6'9''E,27,4015005,30.0,"32,4"
0592291012,12/08/2025,12/09/2025,,"1, allée des Coquelicots",Tour Verdun,,59410,MONS-EN-BAROEUL,1607592,oui,,Immeuble,"34,1",50°38'17''N,3°6'9''E,27,4015007,160.0,"32,4"
0592291009,20/11/2020,18/12/2020,,6 place Trichon,,,59512,ROUBAIX,1597461,non,,Bâtiment,"27,4",50°41'26''N,3°10'7''E,28,3999131,60.0,"25,8"
0592291009,20/11/2020,18/12/2020,,6 place Trichon,,,59512,ROUBAIX,1597461,non,,Bâtiment,"27,4",50°41'26''N,3°10'7''E,28,3999135,310.0,"25,8"
0592291009,20/11/2020,18/12/2020,,6 place Trichon,,,59512,ROUBAIX,1597461,non,,Bâtiment,"27,4",50°41'26''N,3°10'7''E,28,3999133,180.0,"25,8"
0592291009,20/11/2020,18/12/2020,,6 place Trichon,,,59512,ROUBAIX,1597461,non,,Bâtiment,"27,4",50°41'26''N,3°10'7''E,28,6586829,310.0,27
0592291009,20/11/2020,18/12/2020,,6 place Trichon,,,59512,ROUBAIX,1597461,non,,Bâtiment,"27,4",50°41'26''N,3°10'7''E,28,6586827,180.0,27
0592291009,20/11/2020,18/12/2020,,6 place Trichon,,,59512,ROUBAIX,1597461,non,,Bâtiment,"27,4",50°41'26''N,3°10'7''E,28,6586825,60.0,27
0592291008,09/11/2024,13/12/2024,,Place Jean Jaures,,,59327,LALLAING,2923837,oui,,Bâtiment,23,50°23'28''N,3°10'9''E,19,3980487,150.0,20
0592291008,09/11/2024,13/12/2024,,Place Jean Jaures,,,59327,LALLAING,2923837,oui,,Bâtiment,23,50°23'28''N,3°10'9''E,19,8873155,150.0,"21,5"
0592291008,09/11/2024,13/12/2024,,Place Jean Jaures,,,59327,LALLAING,2923837,oui,,Bâtiment,23,50°23'28''N,3°10'9''E,19,3980489,270.0,20
0592291008,09/11/2024,13/12/2024,,Place Jean Jaures,,,59327,LALLAING,2923837,oui,,Bâtiment,23,50°23'28''N,3°10'9''E,19,3980485,30.0,20
0592291008,09/11/2024,13/12/2024,,Place Jean Jaures,,,59327,LALLAING,2923837,oui,,Bâtiment,23,50°23'28''N,3°10'9''E,19,8873157,270.0,"21,5"
0592291008,09/11/2024,13/12/2024,,Place Jean Jaures,,,59327,LALLAING,2923837,oui,,Bâtiment,23,50°23'28''N,3°10'9''E,19,8873153,30.0,"21,5"
0592291006,12/12/2024,10/01/2025,,2 Avenue des Coulombiers,Usine textile,,59044,BAISIEUX,3114252,oui,,Bâtiment,"26,7",50°36'30''N,3°15'23''E,34,3969345,300.0,"24,3"
0592291006,12/12/2024,10/01/2025,,2 Avenue des Coulombiers,Usine textile,,59044,BAISIEUX,3114252,oui,,Bâtiment,"26,7",50°36'30''N,3°15'23''E,34,3969343,210.0,"24,3"
0592291006,12/12/2024,10/01/2025,,2 Avenue des Coulombiers,Usine textile,,59044,BAISIEUX,3114252,oui,,Bâtiment,"26,7",50°36'30''N,3°15'23''E,34,3969341,30.0,"24,3"
0592291006,12/12/2024,10/01/2025,,2 Avenue des Coulombiers,Usine textile,,59044,BAISIEUX,3114252,oui,,Bâtiment,"26,7",50°36'30''N,3°15'23''E,34,7793459,300.0,"25,8"
0592291006,12/12/2024,10/01/2025,,2 Avenue des Coulombiers,Usine textile,,59044,BAISIEUX,3114252,oui,,Bâtiment,"26,7",50°36'30''N,3°15'23''E,34,7793457,210.0,"25,8"
0592291006,12/12/2024,10/01/2025,,2 Avenue des Coulombiers,Usine textile,,59044,BAISIEUX,3114252,oui,,Bâtiment,"26,7",50°36'30''N,3°15'23''E,34,7793455,30.0,"25,8"
0592291003,03/12/2024,06/01/2025,,"77, rue de Balzac",,,59350,LILLE,1576307,oui,,Bâtiment,33,50°36'48''N,3°2'55''E,31,3931532,200.0,"30,8"
0592291003,03/12/2024,06/01/2025,,"77, rue de Balzac",,,59350,LILLE,1576307,oui,,Bâtiment,33,50°36'48''N,3°2'55''E,31,3931534,290.0,"30,8"
0592291003,03/12/2024,06/01/2025,,"77, rue de Balzac",,,59350,LILLE,1576307,oui,,Bâtiment,33,50°36'48''N,3°2'55''E,31,3931530,50.0,"30,8"
0592291003,03/12/2024,06/01/2025,,"77, rue de Balzac",,,59350,LILLE,1576307,oui,,Bâtiment,33,50°36'48''N,3°2'55''E,31,3931536,50.0,"31,8"
0592291003,03/12/2024,06/01/2025,,"77, rue de Balzac",,,59350,LILLE,1576307,oui,,Bâtiment,33,50°36'48''N,3°2'55''E,31,3931540,290.0,"31,8"
0592291003,03/12/2024,06/01/2025,,"77, rue de Balzac",,,59350,LILLE,1576307,oui,,Bâtiment,33,50°36'48''N,3°2'55''E,31,3931538,200.0,"31,8"
0592291001,03/08/2021,03/09/2021,,160 A BD D'HALLUIN,,,59599,TOURCOING,1327230,oui,,Immeuble,26,50°44'8''N,3°7'59''E,21,3923607,170.0,"16,7"
0592291001,03/08/2021,03/09/2021,,160 A BD D'HALLUIN,,,59599,TOURCOING,1327230,oui,,Immeuble,26,50°44'8''N,3°7'59''E,21,3923605,70.0,"16,6"
0592291001,03/08/2021,03/09/2021,,160 A BD D'HALLUIN,,,59599,TOURCOING,1327230,oui,,Immeuble,26,50°44'8''N,3°7'59''E,21,3923609,280.0,"16,6"
0592290999,21/03/2023,21/04/2023,Furet du Nord,15 Place du Général de Gaulle,,,59350,LILLE,1567133,non,,Bâtiment,21,50°38'11.948''N,3°3'46.865''E,20,3904400,60.0,"21,9"
0592290999,21/03/2023,21/04/2023,Furet du Nord,15 Place du Général de Gaulle,,,59350,LILLE,1567133,non,,Bâtiment,21,50°38'11.948''N,3°3'46.865''E,20,3904398,60.0,"21,9"
0592290995,21/11/2024,20/12/2024,,128 Rue Magenta,Résidence Magenta Fombelle entrée n°3,,59350,LILLE,1549307,non,,Immeuble,36,50°37'20''N,3°3'0''E,25,3843498,180.0,"25,3"
0592290995,21/11/2024,20/12/2024,,128 Rue Magenta,Résidence Magenta Fombelle entrée n°3,,59350,LILLE,1549307,non,,Immeuble,36,50°37'20''N,3°3'0''E,25,3843500,320.0,"27,7"
0592290995,21/11/2024,20/12/2024,,128 Rue Magenta,Résidence Magenta Fombelle entrée n°3,,59350,LILLE,1549307,non,,Immeuble,36,50°37'20''N,3°3'0''E,25,3843496,50.0,"27,7"
0592290988,18/12/2024,17/01/2025,,Allée des Eglantines,r de W. Churchill,,59421,MOUVAUX,1525278,non,,Immeuble,"24,4",50°42'19''N,3°7'58''E,51,3766965,40.0,"22,1"
0592290988,18/12/2024,17/01/2025,,Allée des Eglantines,r de W. Churchill,,59421,MOUVAUX,1525278,non,,Immeuble,"24,4",50°42'19''N,3°7'58''E,51,3766967,160.0,"22,1"
0592290988,18/12/2024,17/01/2025,,Allée des Eglantines,r de W. Churchill,,59421,MOUVAUX,1525278,non,,Immeuble,"24,4",50°42'19''N,3°7'58''E,51,3766969,280.0,"22,1"
0592290988,18/12/2024,17/01/2025,,Allée des Eglantines,r de W. Churchill,,59421,MOUVAUX,1525278,non,,Immeuble,"24,4",50°42'19''N,3°7'58''E,51,7821248,40.0,"23,6"
0592290988,18/12/2024,17/01/2025,,Allée des Eglantines,r de W. Churchill,,59421,MOUVAUX,1525278,non,,Immeuble,"24,4",50°42'19''N,3°7'58''E,51,7821250,160.0,"23,6"
0592290988,18/12/2024,17/01/2025,,Allée des Eglantines,r de W. Churchill,,59421,MOUVAUX,1525278,non,,Immeuble,"24,4",50°42'19''N,3°7'58''E,51,7821252,280.0,"23,6"
0592290986,03/01/2025,31/01/2025,,3 rue Jean Baptiste LEBAS,B1 B3,,59017,ARMENTIERES,1482777,non,,Immeuble,19,50°41'3''N,2°51'44''E,17,3644371,60.0,"17,4"
0592290986,03/01/2025,31/01/2025,,3 rue Jean Baptiste LEBAS,B1 B3,,59017,ARMENTIERES,1482777,non,,Immeuble,19,50°41'3''N,2°51'44''E,17,3644375,300.0,"17,4"
0592290986,03/01/2025,31/01/2025,,3 rue Jean Baptiste LEBAS,B1 B3,,59017,ARMENTIERES,1482777,non,,Immeuble,19,50°41'3''N,2°51'44''E,17,3644373,190.0,"17,4"
0592290986,03/01/2025,31/01/2025,,3 rue Jean Baptiste LEBAS,B1 B3,,59017,ARMENTIERES,1482777,non,,Immeuble,19,50°41'3''N,2°51'44''E,17,8857037,300.0,19
0592290986,03/01/2025,31/01/2025,,3 rue Jean Baptiste LEBAS,B1 B3,,59017,ARMENTIERES,1482777,non,,Immeuble,19,50°41'3''N,2°51'44''E,17,8857035,190.0,19
0592290986,03/01/2025,31/01/2025,,3 rue Jean Baptiste LEBAS,B1 B3,,59017,ARMENTIERES,1482777,non,,Immeuble,19,50°41'3''N,2°51'44''E,17,8857033,60.0,19
0592290981,26/09/2023,27/10/2023,,284 boulevard de REIMS,,,59512,ROUBAIX,1472260,non,,Immeuble,21,50°40'42''N,3°11'10''E,30,3615636,150.0,"18,8"
0592290981,26/09/2023,27/10/2023,,284 boulevard de REIMS,,,59512,ROUBAIX,1472260,non,,Immeuble,21,50°40'42''N,3°11'10''E,30,6784436,150.0,"18,9"
0592290981,26/09/2023,27/10/2023,,284 boulevard de REIMS,,,59512,ROUBAIX,1472260,non,,Immeuble,21,50°40'42''N,3°11'10''E,30,3615634,30.0,"18,8"
0592290981,26/09/2023,27/10/2023,,284 boulevard de REIMS,,,59512,ROUBAIX,1472260,non,,Immeuble,21,50°40'42''N,3°11'10''E,30,3615638,270.0,"18,8"
0592290981,26/09/2023,27/10/2023,,284 boulevard de REIMS,,,59512,ROUBAIX,1472260,non,,Immeuble,21,50°40'42''N,3°11'10''E,30,6784438,270.0,"18,9"
0592290981,26/09/2023,27/10/2023,,284 boulevard de REIMS,,,59512,ROUBAIX,1472260,non,,Immeuble,21,50°40'42''N,3°11'10''E,30,6784434,30.0,"18,9"
0592290978,05/04/2023,05/05/2023,,169 Chaussée Gramme,,,59599,TOURCOING,479250,oui,,Bâtiment,34,50°44'15''N,3°9'49''E,42,3554300,0.0,"32,4"
0592290978,05/04/2023,05/05/2023,,169 Chaussée Gramme,,,59599,TOURCOING,479250,oui,,Bâtiment,34,50°44'15''N,3°9'49''E,42,3554302,120.0,"32,4"
0592290978,05/04/2023,05/05/2023,,169 Chaussée Gramme,,,59599,TOURCOING,479250,oui,,Bâtiment,34,50°44'15''N,3°9'49''E,42,3554304,240.0,"32,4"
0592290975,21/07/2025,22/08/2025,,4 rue Flemming,immeuble Résidence Petit Maroc,,59350,LILLE,2596559,oui,,Immeuble,"25,4",50°37'6.502''N,3°5'11.142''E,30,3526452,150.0,"23,5"
0592290975,21/07/2025,22/08/2025,,4 rue Flemming,immeuble Résidence Petit Maroc,,59350,LILLE,2596559,oui,,Immeuble,"25,4",50°37'6.502''N,3°5'11.142''E,30,3526454,270.0,"23,5"
0592290975,21/07/2025,22/08/2025,,4 rue Flemming,immeuble Résidence Petit Maroc,,59350,LILLE,2596559,oui,,Immeuble,"25,4",50°37'6.502''N,3°5'11.142''E,30,3526450,30.0,"23,5"
0592290975,21/07/2025,22/08/2025,,4 rue Flemming,immeuble Résidence Petit Maroc,,59350,LILLE,2596559,oui,,Immeuble,"25,4",50°37'6.502''N,3°5'11.142''E,30,4941767,270.0,"25,1"
0592290975,21/07/2025,22/08/2025,,4 rue Flemming,immeuble Résidence Petit Maroc,,59350,LILLE,2596559,oui,,Immeuble,"25,4",50°37'6.502''N,3°5'11.142''E,30,4941765,150.0,"25,1"
0592290975,21/07/2025,22/08/2025,,4 rue Flemming,immeuble Résidence Petit Maroc,,59350,LILLE,2596559,oui,,Immeuble,"25,4",50°37'6.502''N,3°5'11.142''E,30,4941763,30.0,"25,1"
0592290968,18/07/2025,18/08/2025,,34 rue de Lauwin Plancque,Immeuble de la tour,,59178,DOUAI,1414336,oui,,Bâtiment,31,50°22'52''N,3°3'52''E,28,5421019,80.0,"26,2"
0592290968,18/07/2025,18/08/2025,,34 rue de Lauwin Plancque,Immeuble de la tour,,59178,DOUAI,1414336,oui,,Bâtiment,31,50°22'52''N,3°3'52''E,28,3438101,80.0,"27,2"
0592290968,18/07/2025,18/08/2025,,34 rue de Lauwin Plancque,Immeuble de la tour,,59178,DOUAI,1414336,oui,,Bâtiment,31,50°22'52''N,3°3'52''E,28,3438105,320.0,"27,2"
0592290968,18/07/2025,18/08/2025,,34 rue de Lauwin Plancque,Immeuble de la tour,,59178,DOUAI,1414336,oui,,Bâtiment,31,50°22'52''N,3°3'52''E,28,5421023,320.0,"26,2"
0592290968,18/07/2025,18/08/2025,,34 rue de Lauwin Plancque,Immeuble de la tour,,59178,DOUAI,1414336,oui,,Bâtiment,31,50°22'52''N,3°3'52''E,28,3438103,200.0,"27,2"
0592290968,18/07/2025,18/08/2025,,34 rue de Lauwin Plancque,Immeuble de la tour,,59178,DOUAI,1414336,oui,,Bâtiment,31,50°22'52''N,3°3'52''E,28,5421021,200.0,"26,2"
0592290966,09/11/2024,13/12/2024,,Rue du Maréchal Joffre,Bât entrée Ardennes (5),,59017,ARMENTIERES,1379794,non,,Bâtiment,21,50°41'51''N,2°53'9''E,19,3317546,0.0,"18,9"
0592290966,09/11/2024,13/12/2024,,Rue du Maréchal Joffre,Bât entrée Ardennes (5),,59017,ARMENTIERES,1379794,non,,Bâtiment,21,50°41'51''N,2°53'9''E,19,3317548,120.0,"18,9"
0592290966,09/11/2024,13/12/2024,,Rue du Maréchal Joffre,Bât entrée Ardennes (5),,59017,ARMENTIERES,1379794,non,,Bâtiment,21,50°41'51''N,2°53'9''E,19,8795690,0.0,"20,5"
0592290966,09/11/2024,13/12/2024,,Rue du Maréchal Joffre,Bât entrée Ardennes (5),,59017,ARMENTIERES,1379794,non,,Bâtiment,21,50°41'51''N,2°53'9''E,19,8795692,120.0,"20,5"
0592290965,28/03/2023,28/04/2023,,30 rue Négrier,,,59350,LILLE,1353031,non,,Immeuble,20,50°38'32''N,3°3'26''E,19,3194559,270.0,19
0592290965,28/03/2023,28/04/2023,,30 rue Négrier,,,59350,LILLE,1353031,non,,Immeuble,20,50°38'32''N,3°3'26''E,19,3194555,30.0,19
0592290965,28/03/2023,28/04/2023,,30 rue Négrier,,,59350,LILLE,1353031,non,,Immeuble,20,50°38'32''N,3°3'26''E,19,3194557,150.0,19
0592290964,07/12/2022,06/01/2023,,118 rue St André,Restaurant Las Tapas,,59350,LILLE,1352099,non,,Bâtiment,15,50°38'47''N,3°3'19''E,20,3191490,,5
0592290964,07/12/2022,06/01/2023,,118 rue St André,Restaurant Las Tapas,,59350,LILLE,1352099,non,,Bâtiment,15,50°38'47''N,3°3'19''E,20,3191488,,4
0592290962,04/11/2022,02/12/2022,,Rue du Beguinage,Immeuble du 10/6,,59350,LILLE,1351297,non,,Immeuble,10,50°38'48''N,3°3'27''E,19,3189368,,6
0592290962,04/11/2022,02/12/2022,,Rue du Beguinage,Immeuble du 10/6,,59350,LILLE,1351297,non,,Immeuble,10,50°38'48''N,3°3'27''E,19,3189366,,5
0592290959,18/06/2025,18/07/2025,,42 Rue du Vieil Abreuvoir,,,59512,ROUBAIX,1335734,non,,Immeuble,"22,8",50°41'34''N,3°10'24''E,36,3128152,30.0,"21,1"
0592290959,18/06/2025,18/07/2025,,42 Rue du Vieil Abreuvoir,,,59512,ROUBAIX,1335734,non,,Immeuble,"22,8",50°41'34''N,3°10'24''E,36,3128154,150.0,"21,1"
0592290959,18/06/2025,18/07/2025,,42 Rue du Vieil Abreuvoir,,,59512,ROUBAIX,1335734,non,,Immeuble,"22,8",50°41'34''N,3°10'24''E,36,3128156,270.0,"21,1"
0592290958,24/04/2025,23/05/2025,,rue Saint Lazare,Résidence Marthe Lazare Bâtiment B,,59122,CAMBRAI,1725739,oui,,Immeuble,25,50°10'45''N,3°13'41''E,46,3112975,60.0,"22,5"
0592290958,24/04/2025,23/05/2025,,rue Saint Lazare,Résidence Marthe Lazare Bâtiment B,,59122,CAMBRAI,1725739,oui,,Immeuble,25,50°10'45''N,3°13'41''E,46,3112979,310.0,"22,5"
0592290958,24/04/2025,23/05/2025,,rue Saint Lazare,Résidence Marthe Lazare Bâtiment B,,59122,CAMBRAI,1725739,oui,,Immeuble,25,50°10'45''N,3°13'41''E,46,3112977,160.0,"22,5"
0592290947,21/07/2025,22/08/2025,,Rue de SUFFREN,Cheminée,,59339,LEERS,1283154,oui,,Bâtiment,30,50°41'18''N,3°13'25''E,21,2908109,260.0,"27,8"
0592290947,21/07/2025,22/08/2025,,Rue de SUFFREN,Cheminée,,59339,LEERS,1283154,oui,,Bâtiment,30,50°41'18''N,3°13'25''E,21,2908103,260.0,"26,7"
0592290947,21/07/2025,22/08/2025,,Rue de SUFFREN,Cheminée,,59339,LEERS,1283154,oui,,Bâtiment,30,50°41'18''N,3°13'25''E,21,2908099,10.0,"26,7"
0592290947,21/07/2025,22/08/2025,,Rue de SUFFREN,Cheminée,,59339,LEERS,1283154,oui,,Bâtiment,30,50°41'18''N,3°13'25''E,21,2908101,120.0,"26,7"
0592290947,21/07/2025,22/08/2025,,Rue de SUFFREN,Cheminée,,59339,LEERS,1283154,oui,,Bâtiment,30,50°41'18''N,3°13'25''E,21,2908105,10.0,"27,8"
0592290947,21/07/2025,22/08/2025,,Rue de SUFFREN,Cheminée,,59339,LEERS,1283154,oui,,Bâtiment,30,50°41'18''N,3°13'25''E,21,2908107,120.0,"27,8"
0592290945,03/12/2022,06/01/2023,,AVENUE DES SPORTS,STADE DU HAINAUT,,59606,VALENCIENNES,1201247,non,,Bâtiment,22,50°20'54''N,3°31'53''E,40,2657266,278.0,19
0592290945,03/12/2022,06/01/2023,,AVENUE DES SPORTS,STADE DU HAINAUT,,59606,VALENCIENNES,1201247,non,,Bâtiment,22,50°20'54''N,3°31'53''E,40,2939493,0.0,3
0592290945,03/12/2022,06/01/2023,,AVENUE DES SPORTS,STADE DU HAINAUT,,59606,VALENCIENNES,1201247,non,,Bâtiment,22,50°20'54''N,3°31'53''E,40,2657268,278.0,19
0592290945,03/12/2022,06/01/2023,,AVENUE DES SPORTS,STADE DU HAINAUT,,59606,VALENCIENNES,1201247,non,,Bâtiment,22,50°20'54''N,3°31'53''E,40,2657270,0.0,"2,6"
0592290940,03/12/2024,06/01/2025,,62-68 AV DESANDROUINS,,,59606,VALENCIENNES,1555980,oui,,Bâtiment,"49,5",50°21'38''N,3°30'2''E,50,2577512,170.0,"45,4"
0592290940,03/12/2024,06/01/2025,,62-68 AV DESANDROUINS,,,59606,VALENCIENNES,1555980,oui,,Bâtiment,"49,5",50°21'38''N,3°30'2''E,50,2577510,40.0,"45,4"
0592290940,03/12/2024,06/01/2025,,62-68 AV DESANDROUINS,,,59606,VALENCIENNES,1555980,oui,,Bâtiment,"49,5",50°21'38''N,3°30'2''E,50,6550209,290.0,"47,1"
0592290940,03/12/2024,06/01/2025,,62-68 AV DESANDROUINS,,,59606,VALENCIENNES,1555980,oui,,Bâtiment,"49,5",50°21'38''N,3°30'2''E,50,2577514,290.0,"45,4"
0592290940,03/12/2024,06/01/2025,,62-68 AV DESANDROUINS,,,59606,VALENCIENNES,1555980,oui,,Bâtiment,"49,5",50°21'38''N,3°30'2''E,50,6550205,40.0,"47,1"
0592290940,03/12/2024,06/01/2025,,62-68 AV DESANDROUINS,,,59606,VALENCIENNES,1555980,oui,,Bâtiment,"49,5",50°21'38''N,3°30'2''E,50,6550207,170.0,"47,1"
0592290939,21/07/2025,22/08/2025,,Héron Parc - 40 rue de la Vague,,,59009,VILLENEUVE-D'ASCQ,1302248,oui,,Immeuble,21,50°36'56.054''N,3°7'33.969''E,41,2570852,270.0,"20,4"
0592290939,21/07/2025,22/08/2025,,Héron Parc - 40 rue de la Vague,,,59009,VILLENEUVE-D'ASCQ,1302248,oui,,Immeuble,21,50°36'56.054''N,3°7'33.969''E,41,2570848,30.0,"20,4"
0592290939,21/07/2025,22/08/2025,,Héron Parc - 40 rue de la Vague,,,59009,VILLENEUVE-D'ASCQ,1302248,oui,,Immeuble,21,50°36'56.054''N,3°7'33.969''E,41,2570850,150.0,"20,4"
0592290939,21/07/2025,22/08/2025,,Héron Parc - 40 rue de la Vague,,,59009,VILLENEUVE-D'ASCQ,1302248,oui,,Immeuble,21,50°36'56.054''N,3°7'33.969''E,41,5837971,30.0,"19,6"
0592290939,21/07/2025,22/08/2025,,Héron Parc - 40 rue de la Vague,,,59009,VILLENEUVE-D'ASCQ,1302248,oui,,Immeuble,21,50°36'56.054''N,3°7'33.969''E,41,5837975,270.0,"19,6"
0592290939,21/07/2025,22/08/2025,,Héron Parc - 40 rue de la Vague,,,59009,VILLENEUVE-D'ASCQ,1302248,oui,,Immeuble,21,50°36'56.054''N,3°7'33.969''E,41,5837973,150.0,"19,6"
0592290931,25/12/2024,24/01/2025,,62 rue du Port,Angle rue du Port / Bd Vauban,Résidence Valentine,59350,LILLE,1030877,non,,Immeuble,30,50°37'55''N,3°2'45''E,20,2168889,30.0,"26,1"
0592290931,25/12/2024,24/01/2025,,62 rue du Port,Angle rue du Port / Bd Vauban,Résidence Valentine,59350,LILLE,1030877,non,,Immeuble,30,50°37'55''N,3°2'45''E,20,2168893,270.0,"26,1"
0592290931,25/12/2024,24/01/2025,,62 rue du Port,Angle rue du Port / Bd Vauban,Résidence Valentine,59350,LILLE,1030877,non,,Immeuble,30,50°37'55''N,3°2'45''E,20,5906970,30.0,"27,7"
0592290931,25/12/2024,24/01/2025,,62 rue du Port,Angle rue du Port / Bd Vauban,Résidence Valentine,59350,LILLE,1030877,non,,Immeuble,30,50°37'55''N,3°2'45''E,20,2168891,150.0,"26,1"
0592290931,25/12/2024,24/01/2025,,62 rue du Port,Angle rue du Port / Bd Vauban,Résidence Valentine,59350,LILLE,1030877,non,,Immeuble,30,50°37'55''N,3°2'45''E,20,5906974,270.0,"27,7"
0592290931,25/12/2024,24/01/2025,,62 rue du Port,Angle rue du Port / Bd Vauban,Résidence Valentine,59350,LILLE,1030877,non,,Immeuble,30,50°37'55''N,3°2'45''E,20,5906972,150.0,"27,7"
0592290923,14/06/2022,18/07/2022,,9 rue de Béthune,,,59350,LILLE,977188,non,,Bâtiment,"17,8",50°38'6''N,3°3'52''E,20,2050057,,"5,9"
0592290923,14/06/2022,18/07/2022,,9 rue de Béthune,,,59350,LILLE,977188,non,,Bâtiment,"17,8",50°38'6''N,3°3'52''E,20,3517199,,"6,7"
0592290920,09/11/2024,13/12/2024,,2 pl gay lussac,,,59606,VALENCIENNES,477151,non,,Immeuble,48,50°21'18''N,3°30'10''E,42,2040391,120.0,"28,7"
0592290920,09/11/2024,13/12/2024,,2 pl gay lussac,,,59606,VALENCIENNES,477151,non,,Immeuble,48,50°21'18''N,3°30'10''E,42,9003290,0.0,"29,8"
0592290920,09/11/2024,13/12/2024,,2 pl gay lussac,,,59606,VALENCIENNES,477151,non,,Immeuble,48,50°21'18''N,3°30'10''E,42,2040389,0.0,"28,7"
0592290920,09/11/2024,13/12/2024,,2 pl gay lussac,,,59606,VALENCIENNES,477151,non,,Immeuble,48,50°21'18''N,3°30'10''E,42,2040393,240.0,"28,7"
0592290920,09/11/2024,13/12/2024,,2 pl gay lussac,,,59606,VALENCIENNES,477151,non,,Immeuble,48,50°21'18''N,3°30'10''E,42,9003292,120.0,"29,8"
0592290920,09/11/2024,13/12/2024,,2 pl gay lussac,,,59606,VALENCIENNES,477151,non,,Immeuble,48,50°21'18''N,3°30'10''E,42,9003294,240.0,"29,8"
0592290918,22/06/2021,23/07/2021,,Rue de Liège,,,59475,PROUVY,968997,non,,Bâtiment,"21,5",50°18'55''N,3°27'58''E,27,3409090,280.0,"19,7"
0592290918,22/06/2021,23/07/2021,,Rue de Liège,,,59475,PROUVY,968997,non,,Bâtiment,"21,5",50°18'55''N,3°27'58''E,27,7046509,40.0,"21,3"
0592290918,22/06/2021,23/07/2021,,Rue de Liège,,,59475,PROUVY,968997,non,,Bâtiment,"21,5",50°18'55''N,3°27'58''E,27,2034207,150.0,"19,7"
0592290918,22/06/2021,23/07/2021,,Rue de Liège,,,59475,PROUVY,968997,non,,Bâtiment,"21,5",50°18'55''N,3°27'58''E,27,2034205,40.0,"19,7"
0592290918,22/06/2021,23/07/2021,,Rue de Liège,,,59475,PROUVY,968997,non,,Bâtiment,"21,5",50°18'55''N,3°27'58''E,27,7046513,280.0,"21,3"
0592290918,22/06/2021,23/07/2021,,Rue de Liège,,,59475,PROUVY,968997,non,,Bâtiment,"21,5",50°18'55''N,3°27'58''E,27,7046511,150.0,"21,3"
0592290917,09/11/2024,13/12/2024,,10 Rue du Pont Neuf,,,59350,LILLE,1125414,oui,,Immeuble,26,50°38'43''N,3°3'52''E,21,2033447,270.0,"17,8"
0592290917,09/11/2024,13/12/2024,,10 Rue du Pont Neuf,,,59350,LILLE,1125414,oui,,Immeuble,26,50°38'43''N,3°3'52''E,21,2033445,180.0,19
0592290917,09/11/2024,13/12/2024,,10 Rue du Pont Neuf,,,59350,LILLE,1125414,oui,,Immeuble,26,50°38'43''N,3°3'52''E,21,2033443,65.0,19
0592290917,09/11/2024,13/12/2024,,10 Rue du Pont Neuf,,,59350,LILLE,1125414,oui,,Immeuble,26,50°38'43''N,3°3'52''E,21,8894361,180.0,"20,1"
0592290917,09/11/2024,13/12/2024,,10 Rue du Pont Neuf,,,59350,LILLE,1125414,oui,,Immeuble,26,50°38'43''N,3°3'52''E,21,8894363,270.0,"18,3"
0592290917,09/11/2024,13/12/2024,,10 Rue du Pont Neuf,,,59350,LILLE,1125414,oui,,Immeuble,26,50°38'43''N,3°3'52''E,21,8894359,65.0,"20,1"
0592290915,29/11/2024,27/12/2024,,130 Ave de la Libération,Résidence Herbeaux,,59183,DUNKERQUE,705494,oui,,Immeuble,"19,7",51°2'44''N,2°23'19''E,7,2026760,270.0,"17,1"
0592290915,29/11/2024,27/12/2024,,130 Ave de la Libération,Résidence Herbeaux,,59183,DUNKERQUE,705494,oui,,Immeuble,"19,7",51°2'44''N,2°23'19''E,7,2026758,110.0,"17,1"
0592290915,29/11/2024,27/12/2024,,130 Ave de la Libération,Résidence Herbeaux,,59183,DUNKERQUE,705494,oui,,Immeuble,"19,7",51°2'44''N,2°23'19''E,7,2026756,30.0,"17,1"
0592290915,29/11/2024,27/12/2024,,130 Ave de la Libération,Résidence Herbeaux,,59183,DUNKERQUE,705494,oui,,Immeuble,"19,7",51°2'44''N,2°23'19''E,7,7157435,110.0,"17,5"
0592290915,29/11/2024,27/12/2024,,130 Ave de la Libération,Résidence Herbeaux,,59183,DUNKERQUE,705494,oui,,Immeuble,"19,7",51°2'44''N,2°23'19''E,7,7157433,30.0,"17,5"
0592290915,29/11/2024,27/12/2024,,130 Ave de la Libération,Résidence Herbeaux,,59183,DUNKERQUE,705494,oui,,Immeuble,"19,7",51°2'44''N,2°23'19''E,7,7157437,270.0,"17,5"
0592290913,27/08/2025,26/09/2025,,"22,r paul ramadier",Résidence Winston CHURCHILL,,59350,LILLE,474796,oui,,Immeuble,"38,5",50°38'57''N,3°3'45''E,21,7687200,320.0,"29,2"
0592290913,27/08/2025,26/09/2025,,"22,r paul ramadier",Résidence Winston CHURCHILL,,59350,LILLE,474796,oui,,Immeuble,"38,5",50°38'57''N,3°3'45''E,21,7687198,80.0,"29,2"
0592290913,27/08/2025,26/09/2025,,"22,r paul ramadier",Résidence Winston CHURCHILL,,59350,LILLE,474796,oui,,Immeuble,"38,5",50°38'57''N,3°3'45''E,21,7687202,80.0,"30,6"
0592290913,27/08/2025,26/09/2025,,"22,r paul ramadier",Résidence Winston CHURCHILL,,59350,LILLE,474796,oui,,Immeuble,"38,5",50°38'57''N,3°3'45''E,21,2030512,200.0,"32,2"
0592290913,27/08/2025,26/09/2025,,"22,r paul ramadier",Résidence Winston CHURCHILL,,59350,LILLE,474796,oui,,Immeuble,"38,5",50°38'57''N,3°3'45''E,21,5840521,200.0,"33,2"
0592290913,27/08/2025,26/09/2025,,"22,r paul ramadier",Résidence Winston CHURCHILL,,59350,LILLE,474796,oui,,Immeuble,"38,5",50°38'57''N,3°3'45''E,21,7687204,320.0,"30,6"
0592290911,16/12/2022,13/01/2023,,10 r neuve,Boutique ORANGE,,59350,LILLE,958845,non,,Immeuble,13,50°38'9.446''N,3°3'49.469''E,21,5865973,60.0,"16,2"
0592290911,16/12/2022,13/01/2023,,10 r neuve,Boutique ORANGE,,59350,LILLE,958845,non,,Immeuble,13,50°38'9.446''N,3°3'49.469''E,21,2013966,60.0,"16,2"
0592290911,16/12/2022,13/01/2023,,10 r neuve,Boutique ORANGE,,59350,LILLE,958845,non,,Immeuble,13,50°38'9.446''N,3°3'49.469''E,21,2173015,240.0,"16,2"
0592290911,16/12/2022,13/01/2023,,10 r neuve,Boutique ORANGE,,59350,LILLE,958845,non,,Immeuble,13,50°38'9.446''N,3°3'49.469''E,21,2013968,240.0,"16,2"
0592290908,19/11/2024,20/12/2024,,2 r fleming,Résidence SEVILLE,,59648,WATTIGNIES,958200,non,,Immeuble,58,50°35'20''N,3°2'38''E,38,5792499,270.0,"48,9"
0592290908,19/11/2024,20/12/2024,,2 r fleming,Résidence SEVILLE,,59648,WATTIGNIES,958200,non,,Immeuble,58,50°35'20''N,3°2'38''E,38,2012145,150.0,"49,3"
0592290908,19/11/2024,20/12/2024,,2 r fleming,Résidence SEVILLE,,59648,WATTIGNIES,958200,non,,Immeuble,58,50°35'20''N,3°2'38''E,38,2012147,270.0,"49,3"
0592290908,19/11/2024,20/12/2024,,2 r fleming,Résidence SEVILLE,,59648,WATTIGNIES,958200,non,,Immeuble,58,50°35'20''N,3°2'38''E,38,2012143,30.0,"49,3"
0592290908,19/11/2024,20/12/2024,,2 r fleming,Résidence SEVILLE,,59648,WATTIGNIES,958200,non,,Immeuble,58,50°35'20''N,3°2'38''E,38,5792497,150.0,"48,9"
0592290908,19/11/2024,20/12/2024,,2 r fleming,Résidence SEVILLE,,59648,WATTIGNIES,958200,non,,Immeuble,58,50°35'20''N,3°2'38''E,38,5792495,30.0,"48,9"
0592290902,28/11/2024,27/12/2024,,7 pl de la république,,,59606,VALENCIENNES,1887872,oui,,Immeuble,30,50°21'45''N,3°31'15''E,24,1993018,150.0,"25,1"
0592290902,28/11/2024,27/12/2024,,7 pl de la république,,,59606,VALENCIENNES,1887872,oui,,Immeuble,30,50°21'45''N,3°31'15''E,24,1993016,30.0,"25,1"
0592290902,28/11/2024,27/12/2024,,7 pl de la république,,,59606,VALENCIENNES,1887872,oui,,Immeuble,30,50°21'45''N,3°31'15''E,24,1993020,270.0,"25,1"
0592290902,28/11/2024,27/12/2024,,7 pl de la république,,,59606,VALENCIENNES,1887872,oui,,Immeuble,30,50°21'45''N,3°31'15''E,24,6550196,30.0,27
0592290902,28/11/2024,27/12/2024,,7 pl de la république,,,59606,VALENCIENNES,1887872,oui,,Immeuble,30,50°21'45''N,3°31'15''E,24,6550198,150.0,27
0592290902,28/11/2024,27/12/2024,,7 pl de la république,,,59606,VALENCIENNES,1887872,oui,,Immeuble,30,50°21'45''N,3°31'15''E,24,6550200,270.0,27
0592290897,16/07/2021,20/08/2021,,68 AV JOHN FITZGERALD KENNEDY,imm Archimède,,59599,TOURCOING,2410815,oui,,Immeuble,31,50°43'52''N,3°8'41''E,31,1970339,150.0,"29,3"
0592290897,16/07/2021,20/08/2021,,68 AV JOHN FITZGERALD KENNEDY,imm Archimède,,59599,TOURCOING,2410815,oui,,Immeuble,31,50°43'52''N,3°8'41''E,31,1970341,270.0,"29,3"
0592290897,16/07/2021,20/08/2021,,68 AV JOHN FITZGERALD KENNEDY,imm Archimède,,59599,TOURCOING,2410815,oui,,Immeuble,31,50°43'52''N,3°8'41''E,31,1970337,30.0,"29,3"
0592290897,16/07/2021,20/08/2021,,68 AV JOHN FITZGERALD KENNEDY,imm Archimède,,59599,TOURCOING,2410815,oui,,Immeuble,31,50°43'52''N,3°8'41''E,31,7101818,150.0,"30,8"
0592290897,16/07/2021,20/08/2021,,68 AV JOHN FITZGERALD KENNEDY,imm Archimède,,59599,TOURCOING,2410815,oui,,Immeuble,31,50°43'52''N,3°8'41''E,31,7101820,270.0,"30,8"
0592290897,16/07/2021,20/08/2021,,68 AV JOHN FITZGERALD KENNEDY,imm Archimède,,59599,TOURCOING,2410815,oui,,Immeuble,31,50°43'52''N,3°8'41''E,31,7101816,30.0,"30,8"
0592290889,31/12/2024,31/01/2025,,r jean moulin,Résidence Partenord Jean Moulin,Entrée 301,59183,DUNKERQUE,898432,non,,Immeuble,"17,8",51°3'0.205''N,2°25'53.009''E,4,6911519,30.0,"17,4"
0592290889,31/12/2024,31/01/2025,,r jean moulin,Résidence Partenord Jean Moulin,Entrée 301,59183,DUNKERQUE,898432,non,,Immeuble,"17,8",51°3'0.205''N,2°25'53.009''E,4,1905893,30.0,"15,9"
0592290889,31/12/2024,31/01/2025,,r jean moulin,Résidence Partenord Jean Moulin,Entrée 301,59183,DUNKERQUE,898432,non,,Immeuble,"17,8",51°3'0.205''N,2°25'53.009''E,4,6911521,120.0,"17,4"
0592290889,31/12/2024,31/01/2025,,r jean moulin,Résidence Partenord Jean Moulin,Entrée 301,59183,DUNKERQUE,898432,non,,Immeuble,"17,8",51°3'0.205''N,2°25'53.009''E,4,1905895,120.0,"15,9"
0592290889,31/12/2024,31/01/2025,,r jean moulin,Résidence Partenord Jean Moulin,Entrée 301,59183,DUNKERQUE,898432,non,,Immeuble,"17,8",51°3'0.205''N,2°25'53.009''E,4,1905897,310.0,"15,9"
0592290889,31/12/2024,31/01/2025,,r jean moulin,Résidence Partenord Jean Moulin,Entrée 301,59183,DUNKERQUE,898432,non,,Immeuble,"17,8",51°3'0.205''N,2°25'53.009''E,4,6911523,310.0,"17,4"
0592290872,29/07/2021,27/08/2021,,637 R. AULNOIS,GLAXO SMITH KLINE,,59526,SAINT-AMAND-LES-EAUX,862433,non,,Bâtiment,20,50°27'11''N,3°27'49''E,18,1835134,280.0,"16,7"
0592290872,29/07/2021,27/08/2021,,637 R. AULNOIS,GLAXO SMITH KLINE,,59526,SAINT-AMAND-LES-EAUX,862433,non,,Bâtiment,20,50°27'11''N,3°27'49''E,18,1835132,180.0,19
0592290872,29/07/2021,27/08/2021,,637 R. AULNOIS,GLAXO SMITH KLINE,,59526,SAINT-AMAND-LES-EAUX,862433,non,,Bâtiment,20,50°27'11''N,3°27'49''E,18,1835130,60.0,19
0592290864,18/07/2025,18/08/2025,,12-14 rue des cannoniers,,,59350,LILLE,2262786,oui,,Immeuble,36,50°38'23''N,3°4'12''E,19,1796421,120.0,"30,2"
0592290864,18/07/2025,18/08/2025,,12-14 rue des cannoniers,,,59350,LILLE,2262786,oui,,Immeuble,36,50°38'23''N,3°4'12''E,19,7302928,120.0,"31,7"
0592290864,18/07/2025,18/08/2025,,12-14 rue des cannoniers,,,59350,LILLE,2262786,oui,,Immeuble,36,50°38'23''N,3°4'12''E,19,1796419,20.0,"30,2"
0592290864,18/07/2025,18/08/2025,,12-14 rue des cannoniers,,,59350,LILLE,2262786,oui,,Immeuble,36,50°38'23''N,3°4'12''E,19,7302926,20.0,"31,7"
0592290864,18/07/2025,18/08/2025,,12-14 rue des cannoniers,,,59350,LILLE,2262786,oui,,Immeuble,36,50°38'23''N,3°4'12''E,19,1796423,270.0,"30,2"
0592290864,18/07/2025,18/08/2025,,12-14 rue des cannoniers,,,59350,LILLE,2262786,oui,,Immeuble,36,50°38'23''N,3°4'12''E,19,7302930,270.0,"31,7"
0592290844,24/12/2024,24/01/2025,,372 r verte,,,59163,CROIX,761314,non,,Bâtiment,18,50°40'24.791''N,3°9'57.978''E,42,1661568,180.0,"18,7"
0592290844,24/12/2024,24/01/2025,,372 r verte,,,59163,CROIX,761314,non,,Bâtiment,18,50°40'24.791''N,3°9'57.978''E,42,1661566,60.0,"18,7"
0592290844,24/12/2024,24/01/2025,,372 r verte,,,59163,CROIX,761314,non,,Bâtiment,18,50°40'24.791''N,3°9'57.978''E,42,1661570,270.0,"18,7"
0592290844,24/12/2024,24/01/2025,,372 r verte,,,59163,CROIX,761314,non,,Bâtiment,18,50°40'24.791''N,3°9'57.978''E,42,3735370,270.0,"18,7"
0592290844,24/12/2024,24/01/2025,,372 r verte,,,59163,CROIX,761314,non,,Bâtiment,18,50°40'24.791''N,3°9'57.978''E,42,3735368,180.0,"18,7"
0592290844,24/12/2024,24/01/2025,,372 r verte,,,59163,CROIX,761314,non,,Bâtiment,18,50°40'24.791''N,3°9'57.978''E,42,3735366,60.0,"18,7"
0592290828,24/12/2024,24/01/2025,,41 AV DU MARECHAL FOCH,,,59295,HAZEBROUCK,596829,oui,,Immeuble,33,50°43'59''N,2°31'51''E,32,8935341,0.0,"27,9"
0592290828,24/12/2024,24/01/2025,,41 AV DU MARECHAL FOCH,,,59295,HAZEBROUCK,596829,oui,,Immeuble,33,50°43'59''N,2°31'51''E,32,1528395,240.0,"26,3"
0592290828,24/12/2024,24/01/2025,,41 AV DU MARECHAL FOCH,,,59295,HAZEBROUCK,596829,oui,,Immeuble,33,50°43'59''N,2°31'51''E,32,1528391,0.0,"26,3"
0592290828,24/12/2024,24/01/2025,,41 AV DU MARECHAL FOCH,,,59295,HAZEBROUCK,596829,oui,,Immeuble,33,50°43'59''N,2°31'51''E,32,8935345,240.0,"27,9"
0592290828,24/12/2024,24/01/2025,,41 AV DU MARECHAL FOCH,,,59295,HAZEBROUCK,596829,oui,,Immeuble,33,50°43'59''N,2°31'51''E,32,1528393,120.0,"26,3"
0592290828,24/12/2024,24/01/2025,,41 AV DU MARECHAL FOCH,,,59295,HAZEBROUCK,596829,oui,,Immeuble,33,50°43'59''N,2°31'51''E,32,8935343,120.0,"27,9"
0592290827,07/05/2025,06/06/2025,Digue de Mer,Poste de Secours N°3,Digue de Malo,,59183,DUNKERQUE,675387,non,,Bâtiment,11,51°3'4''N,2°24'2''E,5,1520411,260.0,"8,1"
0592290827,07/05/2025,06/06/2025,Digue de Mer,Poste de Secours N°3,Digue de Malo,,59183,DUNKERQUE,675387,non,,Bâtiment,11,51°3'4''N,2°24'2''E,5,1520409,80.0,"8,1"
0592290822,28/11/2024,27/12/2024,,45 av de l'europe,,,59508,RONCQ,2206908,oui,,Bâtiment,14,50°45'15.417''N,3°7'52.253''E,27,1383336,270.0,"12,3"
0592290822,28/11/2024,27/12/2024,,45 av de l'europe,,,59508,RONCQ,2206908,oui,,Bâtiment,14,50°45'15.417''N,3°7'52.253''E,27,1383332,30.0,"12,3"
0592290822,28/11/2024,27/12/2024,,45 av de l'europe,,,59508,RONCQ,2206908,oui,,Bâtiment,14,50°45'15.417''N,3°7'52.253''E,27,8207565,270.0,"13,8"
0592290822,28/11/2024,27/12/2024,,45 av de l'europe,,,59508,RONCQ,2206908,oui,,Bâtiment,14,50°45'15.417''N,3°7'52.253''E,27,1383334,150.0,"12,3"
0592290822,28/11/2024,27/12/2024,,45 av de l'europe,,,59508,RONCQ,2206908,oui,,Bâtiment,14,50°45'15.417''N,3°7'52.253''E,27,8207563,150.0,"13,8"
0592290822,28/11/2024,27/12/2024,,45 av de l'europe,,,59508,RONCQ,2206908,oui,,Bâtiment,14,50°45'15.417''N,3°7'52.253''E,27,8207561,30.0,"13,8"
0592290812,10/10/2024,08/11/2024,,R Pasteur,Bijouterie Beaucousin,,59122,CAMBRAI,555478,non,,Immeuble,20,50°10'34''N,3°14'2''E,59,1311240,20.0,"18,1"
0592290812,10/10/2024,08/11/2024,,R Pasteur,Bijouterie Beaucousin,,59122,CAMBRAI,555478,non,,Immeuble,20,50°10'34''N,3°14'2''E,59,1311244,240.0,"17,9"
0592290812,10/10/2024,08/11/2024,,R Pasteur,Bijouterie Beaucousin,,59122,CAMBRAI,555478,non,,Immeuble,20,50°10'34''N,3°14'2''E,59,1311242,150.0,"17,9"
0592290812,10/10/2024,08/11/2024,,R Pasteur,Bijouterie Beaucousin,,59122,CAMBRAI,555478,non,,Immeuble,20,50°10'34''N,3°14'2''E,59,8029828,20.0,"18,8"
0592290812,10/10/2024,08/11/2024,,R Pasteur,Bijouterie Beaucousin,,59122,CAMBRAI,555478,non,,Immeuble,20,50°10'34''N,3°14'2''E,59,8029830,150.0,"18,7"
0592290812,10/10/2024,08/11/2024,,R Pasteur,Bijouterie Beaucousin,,59122,CAMBRAI,555478,non,,Immeuble,20,50°10'34''N,3°14'2''E,59,8029832,240.0,"18,7"
0592290800,17/07/2025,18/08/2025,,R de la Briqueterie,Résidence Lion d'OR,,59350,LILLE,546361,oui,,Bâtiment,"31,2",50°38'35''N,3°5'21''E,34,1293290,30.0,"25,2"
0592290800,17/07/2025,18/08/2025,,R de la Briqueterie,Résidence Lion d'OR,,59350,LILLE,546361,oui,,Bâtiment,"31,2",50°38'35''N,3°5'21''E,34,8365849,30.0,"26,7"
0592290800,17/07/2025,18/08/2025,,R de la Briqueterie,Résidence Lion d'OR,,59350,LILLE,546361,oui,,Bâtiment,"31,2",50°38'35''N,3°5'21''E,34,1293294,270.0,"27,2"
0592290800,17/07/2025,18/08/2025,,R de la Briqueterie,Résidence Lion d'OR,,59350,LILLE,546361,oui,,Bâtiment,"31,2",50°38'35''N,3°5'21''E,34,1293292,150.0,"23,2"
0592290800,17/07/2025,18/08/2025,,R de la Briqueterie,Résidence Lion d'OR,,59350,LILLE,546361,oui,,Bâtiment,"31,2",50°38'35''N,3°5'21''E,34,8365853,270.0,"28,7"
0592290800,17/07/2025,18/08/2025,,R de la Briqueterie,Résidence Lion d'OR,,59350,LILLE,546361,oui,,Bâtiment,"31,2",50°38'35''N,3°5'21''E,34,8365851,150.0,"24,7"
0592290795,10/10/2024,08/11/2024,,ALL D'HALVER,IMM SEQUOIA,,59291,HAUTMONT,501261,oui,,Immeuble,"28,3",50°15'21''N,3°54'9''E,162,1272575,120.0,"25,7"
0592290795,10/10/2024,08/11/2024,,ALL D'HALVER,IMM SEQUOIA,,59291,HAUTMONT,501261,oui,,Immeuble,"28,3",50°15'21''N,3°54'9''E,162,1272573,0.0,"25,7"
0592290795,10/10/2024,08/11/2024,,ALL D'HALVER,IMM SEQUOIA,,59291,HAUTMONT,501261,oui,,Immeuble,"28,3",50°15'21''N,3°54'9''E,162,1272577,270.0,"25,7"
0592290795,10/10/2024,08/11/2024,,ALL D'HALVER,IMM SEQUOIA,,59291,HAUTMONT,501261,oui,,Immeuble,"28,3",50°15'21''N,3°54'9''E,162,7389576,270.0,"26,5"
0592290795,10/10/2024,08/11/2024,,ALL D'HALVER,IMM SEQUOIA,,59291,HAUTMONT,501261,oui,,Immeuble,"28,3",50°15'21''N,3°54'9''E,162,7389574,120.0,"26,5"
0592290795,10/10/2024,08/11/2024,,ALL D'HALVER,IMM SEQUOIA,,59291,HAUTMONT,501261,oui,,Immeuble,"28,3",50°15'21''N,3°54'9''E,162,7389572,0.0,"26,5"
0592290794,06/02/2021,12/03/2021,,Chem de St Omer,Tour de Tir à l'Arc,,59120,CAESTRE,536247,non,,Bâtiment,28,50°45'1''N,2°35'4''E,28,1272566,140.0,"26,6"
0592290794,06/02/2021,12/03/2021,,Chem de St Omer,Tour de Tir à l'Arc,,59120,CAESTRE,536247,non,,Bâtiment,28,50°45'1''N,2°35'4''E,28,1272564,50.0,"26,6"
0592290794,06/02/2021,12/03/2021,,Chem de St Omer,Tour de Tir à l'Arc,,59120,CAESTRE,536247,non,,Bâtiment,28,50°45'1''N,2°35'4''E,28,1272568,280.0,"26,6"
0592290790,10/01/2025,07/02/2025,,Bd Vancauwenberghe,chemée de l'hôpital maritime,,59668,ZUYDCOOTE,500547,non,,Bâtiment,37,51°4'3''N,2°28'57''E,9,9341440,120.0,"36,1"
0592290790,10/01/2025,07/02/2025,,Bd Vancauwenberghe,chemée de l'hôpital maritime,,59668,ZUYDCOOTE,500547,non,,Bâtiment,37,51°4'3''N,2°28'57''E,9,1208474,300.0,"34,6"
0592290790,10/01/2025,07/02/2025,,Bd Vancauwenberghe,chemée de l'hôpital maritime,,59668,ZUYDCOOTE,500547,non,,Bâtiment,37,51°4'3''N,2°28'57''E,9,1208472,120.0,"34,6"
0592290790,10/01/2025,07/02/2025,,Bd Vancauwenberghe,chemée de l'hôpital maritime,,59668,ZUYDCOOTE,500547,non,,Bâtiment,37,51°4'3''N,2°28'57''E,9,9341442,300.0,"36,1"
0592290789,09/11/2024,13/12/2024,,4 AVENUE DES COTTAGES,"Résidence ""Les Cottages""",,59512,ROUBAIX,2391256,oui,,Immeuble,24,50°40'43''N,3°9'40''E,41,1208468,140.0,"20,7"
0592290789,09/11/2024,13/12/2024,,4 AVENUE DES COTTAGES,"Résidence ""Les Cottages""",,59512,ROUBAIX,2391256,oui,,Immeuble,24,50°40'43''N,3°9'40''E,41,1208470,260.0,"20,7"
0592290789,09/11/2024,13/12/2024,,4 AVENUE DES COTTAGES,"Résidence ""Les Cottages""",,59512,ROUBAIX,2391256,oui,,Immeuble,24,50°40'43''N,3°9'40''E,41,1208466,20.0,"20,7"
0592290789,09/11/2024,13/12/2024,,4 AVENUE DES COTTAGES,"Résidence ""Les Cottages""",,59512,ROUBAIX,2391256,oui,,Immeuble,24,50°40'43''N,3°9'40''E,41,6959740,140.0,22
0592290789,09/11/2024,13/12/2024,,4 AVENUE DES COTTAGES,"Résidence ""Les Cottages""",,59512,ROUBAIX,2391256,oui,,Immeuble,24,50°40'43''N,3°9'40''E,41,6959738,20.0,22
0592290789,09/11/2024,13/12/2024,,4 AVENUE DES COTTAGES,"Résidence ""Les Cottages""",,59512,ROUBAIX,2391256,oui,,Immeuble,24,50°40'43''N,3°9'40''E,41,6959742,260.0,22
0592290774,21/12/2024,24/01/2025,,17 R de Feignies,Copro Le Home,,59392,MAUBEUGE,462772,non,,Immeuble,16,50°17'1''N,3°57'56''E,143,9043906,150.0,"14,6"
0592290774,21/12/2024,24/01/2025,,17 R de Feignies,Copro Le Home,,59392,MAUBEUGE,462772,non,,Immeuble,16,50°17'1''N,3°57'56''E,143,1130634,150.0,"13,3"
0592290774,21/12/2024,24/01/2025,,17 R de Feignies,Copro Le Home,,59392,MAUBEUGE,462772,non,,Immeuble,16,50°17'1''N,3°57'56''E,143,1130632,30.0,"13,3"
0592290774,21/12/2024,24/01/2025,,17 R de Feignies,Copro Le Home,,59392,MAUBEUGE,462772,non,,Immeuble,16,50°17'1''N,3°57'56''E,143,1130636,270.0,"13,3"
0592290774,21/12/2024,24/01/2025,,17 R de Feignies,Copro Le Home,,59392,MAUBEUGE,462772,non,,Immeuble,16,50°17'1''N,3°57'56''E,143,9043904,30.0,"14,6"
0592290774,21/12/2024,24/01/2025,,17 R de Feignies,Copro Le Home,,59392,MAUBEUGE,462772,non,,Immeuble,16,50°17'1''N,3°57'56''E,143,9043908,270.0,"14,6"
0592290772,16/11/2024,20/12/2024,,45-49 r de la cloche,Résidence Majestic,,59599,TOURCOING,2138560,oui,,Bâtiment,30,50°43'23''N,3°9'49''E,37,1117869,30.0,"28,7"
0592290772,16/11/2024,20/12/2024,,45-49 r de la cloche,Résidence Majestic,,59599,TOURCOING,2138560,oui,,Bâtiment,30,50°43'23''N,3°9'49''E,37,1117873,270.0,"28,7"
0592290772,16/11/2024,20/12/2024,,45-49 r de la cloche,Résidence Majestic,,59599,TOURCOING,2138560,oui,,Bâtiment,30,50°43'23''N,3°9'49''E,37,3091789,30.0,"29,7"
0592290772,16/11/2024,20/12/2024,,45-49 r de la cloche,Résidence Majestic,,59599,TOURCOING,2138560,oui,,Bâtiment,30,50°43'23''N,3°9'49''E,37,3091793,270.0,"29,7"
0592290772,16/11/2024,20/12/2024,,45-49 r de la cloche,Résidence Majestic,,59599,TOURCOING,2138560,oui,,Bâtiment,30,50°43'23''N,3°9'49''E,37,1117871,140.0,"28,7"
0592290772,16/11/2024,20/12/2024,,45-49 r de la cloche,Résidence Majestic,,59599,TOURCOING,2138560,oui,,Bâtiment,30,50°43'23''N,3°9'49''E,37,3091791,140.0,"29,7"
0592290763,01/11/2024,06/12/2024,,81 R du Touquet,Tour de la Cotonnerie du Touquet,,59599,TOURCOING,442564,non,,Bâtiment,32,50°43'24''N,3°10'37''E,31,1097953,150.0,"24,4"
0592290763,01/11/2024,06/12/2024,,81 R du Touquet,Tour de la Cotonnerie du Touquet,,59599,TOURCOING,442564,non,,Bâtiment,32,50°43'24''N,3°10'37''E,31,1097951,30.0,"24,4"
0592290763,01/11/2024,06/12/2024,,81 R du Touquet,Tour de la Cotonnerie du Touquet,,59599,TOURCOING,442564,non,,Bâtiment,32,50°43'24''N,3°10'37''E,31,6586816,30.0,"25,8"
0592290763,01/11/2024,06/12/2024,,81 R du Touquet,Tour de la Cotonnerie du Touquet,,59599,TOURCOING,442564,non,,Bâtiment,32,50°43'24''N,3°10'37''E,31,6586818,150.0,"25,8"
0592290763,01/11/2024,06/12/2024,,81 R du Touquet,Tour de la Cotonnerie du Touquet,,59599,TOURCOING,442564,non,,Bâtiment,32,50°43'24''N,3°10'37''E,31,1097955,270.0,"24,4"
0592290763,01/11/2024,06/12/2024,,81 R du Touquet,Tour de la Cotonnerie du Touquet,,59599,TOURCOING,442564,non,,Bâtiment,32,50°43'24''N,3°10'37''E,31,6586820,270.0,"25,8"
0592290760,08/11/2024,06/12/2024,,bd  de turin,Tour Lille Europe,Parvis de Rotterdam,59350,LILLE,440564,oui,,Immeuble,95,50°38'16.952''N,3°4'35.991''E,20,1093280,300.0,"104,1"
0592290760,08/11/2024,06/12/2024,,bd  de turin,Tour Lille Europe,Parvis de Rotterdam,59350,LILLE,440564,oui,,Immeuble,95,50°38'16.952''N,3°4'35.991''E,20,1093278,150.0,"104,1"
0592290760,08/11/2024,06/12/2024,,bd  de turin,Tour Lille Europe,Parvis de Rotterdam,59350,LILLE,440564,oui,,Immeuble,95,50°38'16.952''N,3°4'35.991''E,20,1093276,0.0,"104,1"
0592290760,08/11/2024,06/12/2024,,bd  de turin,Tour Lille Europe,Parvis de Rotterdam,59350,LILLE,440564,oui,,Immeuble,95,50°38'16.952''N,3°4'35.991''E,20,5882672,300.0,"104,1"
0592290760,08/11/2024,06/12/2024,,bd  de turin,Tour Lille Europe,Parvis de Rotterdam,59350,LILLE,440564,oui,,Immeuble,95,50°38'16.952''N,3°4'35.991''E,20,5882670,150.0,"104,1"
0592290760,08/11/2024,06/12/2024,,bd  de turin,Tour Lille Europe,Parvis de Rotterdam,59350,LILLE,440564,oui,,Immeuble,95,50°38'16.952''N,3°4'35.991''E,20,5882668,0.0,"104,1"
0592290751,11/10/2022,14/11/2022,,4 Chaussée Marcelin Berthelot,SARL Vandenplas,,59599,TOURCOING,703365,oui,,Bâtiment,25,50°43'25''N,3°10'57''E,30,1072996,340.0,"13,3"
0592290751,11/10/2022,14/11/2022,,4 Chaussée Marcelin Berthelot,SARL Vandenplas,,59599,TOURCOING,703365,oui,,Bâtiment,25,50°43'25''N,3°10'57''E,30,1072994,220.0,"13,3"
0592290751,11/10/2022,14/11/2022,,4 Chaussée Marcelin Berthelot,SARL Vandenplas,,59599,TOURCOING,703365,oui,,Bâtiment,25,50°43'25''N,3°10'57''E,30,1072992,120.0,"13,3"
0592290750,19/11/2024,20/12/2024,,14 Bd du Président Hoover,Tour Crédit du Nord,Immeuble Lille Métropole Habitat,59350,LILLE,637641,oui,,Immeuble,44,50°37'44.447''N,3°4'39.014''E,26,1068656,280.0,"41,4"
0592290750,19/11/2024,20/12/2024,,14 Bd du Président Hoover,Tour Crédit du Nord,Immeuble Lille Métropole Habitat,59350,LILLE,637641,oui,,Immeuble,44,50°37'44.447''N,3°4'39.014''E,26,1068654,110.0,"41,4"
0592290750,19/11/2024,20/12/2024,,14 Bd du Président Hoover,Tour Crédit du Nord,Immeuble Lille Métropole Habitat,59350,LILLE,637641,oui,,Immeuble,44,50°37'44.447''N,3°4'39.014''E,26,1068652,45.0,"41,4"
0592290750,19/11/2024,20/12/2024,,14 Bd du Président Hoover,Tour Crédit du Nord,Immeuble Lille Métropole Habitat,59350,LILLE,637641,oui,,Immeuble,44,50°37'44.447''N,3°4'39.014''E,26,7708498,280.0,"41,4"
0592290750,19/11/2024,20/12/2024,,14 Bd du Président Hoover,Tour Crédit du Nord,Immeuble Lille Métropole Habitat,59350,LILLE,637641,oui,,Immeuble,44,50°37'44.447''N,3°4'39.014''E,26,7708496,110.0,"41,4"
0592290750,19/11/2024,20/12/2024,,14 Bd du Président Hoover,Tour Crédit du Nord,Immeuble Lille Métropole Habitat,59350,LILLE,637641,oui,,Immeuble,44,50°37'44.447''N,3°4'39.014''E,26,7708494,45.0,"41,4"
0592290740,01/02/2025,07/03/2025,,av du dr schweitzer,Rés Schweitzer - Tour 90,,59299,HEM,806276,non,,Immeuble,39,50°40'10''N,3°12'4''E,35,1033866,260.0,"37,9"
0592290740,01/02/2025,07/03/2025,,av du dr schweitzer,Rés Schweitzer - Tour 90,,59299,HEM,806276,non,,Immeuble,39,50°40'10''N,3°12'4''E,35,1033862,40.0,"37,9"
0592290740,01/02/2025,07/03/2025,,av du dr schweitzer,Rés Schweitzer - Tour 90,,59299,HEM,806276,non,,Immeuble,39,50°40'10''N,3°12'4''E,35,1033864,150.0,"37,9"
0592290723,25/12/2024,24/01/2025,,135 r edouard herriot,,,59163,CROIX,806320,non,,Immeuble,17,50°40'55''N,3°9'7''E,43,7643044,30.0,"13,9"
0592290723,25/12/2024,24/01/2025,,135 r edouard herriot,,,59163,CROIX,806320,non,,Immeuble,17,50°40'55''N,3°9'7''E,43,956818,150.0,"16,2"
0592290723,25/12/2024,24/01/2025,,135 r edouard herriot,,,59163,CROIX,806320,non,,Immeuble,17,50°40'55''N,3°9'7''E,43,956820,270.0,"16,2"
0592290723,25/12/2024,24/01/2025,,135 r edouard herriot,,,59163,CROIX,806320,non,,Immeuble,17,50°40'55''N,3°9'7''E,43,956816,30.0,"16,2"
0592290723,25/12/2024,24/01/2025,,135 r edouard herriot,,,59163,CROIX,806320,non,,Immeuble,17,50°40'55''N,3°9'7''E,43,7643046,150.0,"13,9"
0592290723,25/12/2024,24/01/2025,,135 r edouard herriot,,,59163,CROIX,806320,non,,Immeuble,17,50°40'55''N,3°9'7''E,43,7643048,270.0,"13,9"
0592290714,12/10/2024,15/11/2024,Ravennes les Francs,77 r d'amsterdam,Ets. VERHAEGHE INDUSTRIES,,59090,BONDUES,730686,oui,,Bâtiment,44,50°43'4''N,3°7'59''E,43,864338,160.0,"37,4"
0592290714,12/10/2024,15/11/2024,Ravennes les Francs,77 r d'amsterdam,Ets. VERHAEGHE INDUSTRIES,,59090,BONDUES,730686,oui,,Bâtiment,44,50°43'4''N,3°7'59''E,43,864340,280.0,"37,4"
0592290714,12/10/2024,15/11/2024,Ravennes les Francs,77 r d'amsterdam,Ets. VERHAEGHE INDUSTRIES,,59090,BONDUES,730686,oui,,Bâtiment,44,50°43'4''N,3°7'59''E,43,864336,40.0,"37,4"
0592290710,12/08/2025,12/09/2025,,95 BD Vauban,Rés. Olympic,,59350,LILLE,1869679,oui,,Bâtiment,31,50°37'51''N,3°2'43''E,20,856721,50.0,"24,5"
0592290710,12/08/2025,12/09/2025,,95 BD Vauban,Rés. Olympic,,59350,LILLE,1869679,oui,,Bâtiment,31,50°37'51''N,3°2'43''E,20,5890390,165.0,"25,9"
0592290710,12/08/2025,12/09/2025,,95 BD Vauban,Rés. Olympic,,59350,LILLE,1869679,oui,,Bâtiment,31,50°37'51''N,3°2'43''E,20,856723,165.0,"24,5"
0592290710,12/08/2025,12/09/2025,,95 BD Vauban,Rés. Olympic,,59350,LILLE,1869679,oui,,Bâtiment,31,50°37'51''N,3°2'43''E,20,856725,270.0,"24,5"
0592290710,12/08/2025,12/09/2025,,95 BD Vauban,Rés. Olympic,,59350,LILLE,1869679,oui,,Bâtiment,31,50°37'51''N,3°2'43''E,20,10120453,165.0,"24,5"
0592290710,12/08/2025,12/09/2025,,95 BD Vauban,Rés. Olympic,,59350,LILLE,1869679,oui,,Bâtiment,31,50°37'51''N,3°2'43''E,20,5890392,270.0,"26,4"
0592290710,12/08/2025,12/09/2025,,95 BD Vauban,Rés. Olympic,,59350,LILLE,1869679,oui,,Bâtiment,31,50°37'51''N,3°2'43''E,20,5890388,50.0,"25,9"
0592290709,28/09/2024,31/10/2024,,29 R St Vincent de Paul,imm abc export,,59650,WATTRELOS,462573,oui,,Immeuble,17,50°42'16''N,3°12'16''E,28,1130749,30.0,"12,9"
0592290709,28/09/2024,31/10/2024,,29 R St Vincent de Paul,imm abc export,,59650,WATTRELOS,462573,oui,,Immeuble,17,50°42'16''N,3°12'16''E,28,1130753,270.0,"12,9"
0592290709,28/09/2024,31/10/2024,,29 R St Vincent de Paul,imm abc export,,59650,WATTRELOS,462573,oui,,Immeuble,17,50°42'16''N,3°12'16''E,28,1130751,150.0,"12,9"
0592290709,28/09/2024,31/10/2024,,29 R St Vincent de Paul,imm abc export,,59650,WATTRELOS,462573,oui,,Immeuble,17,50°42'16''N,3°12'16''E,28,7898099,270.0,"14,3"
0592290709,28/09/2024,31/10/2024,,29 R St Vincent de Paul,imm abc export,,59650,WATTRELOS,462573,oui,,Immeuble,17,50°42'16''N,3°12'16''E,28,7898095,30.0,"14,3"
0592290709,28/09/2024,31/10/2024,,29 R St Vincent de Paul,imm abc export,,59650,WATTRELOS,462573,oui,,Immeuble,17,50°42'16''N,3°12'16''E,28,7898097,150.0,"14,3"
0592290700,13/03/2025,11/04/2025,,r de west-cappel,cheminée,,59499,REXPOEDE,476648,oui,,Bâtiment,30,50°56'14''N,2°32'10''E,20,837742,110.0,"28,4"
0592290700,13/03/2025,11/04/2025,,r de west-cappel,cheminée,,59499,REXPOEDE,476648,oui,,Bâtiment,30,50°56'14''N,2°32'10''E,20,837740,330.0,"28,4"
0592290700,13/03/2025,11/04/2025,,r de west-cappel,cheminée,,59499,REXPOEDE,476648,oui,,Bâtiment,30,50°56'14''N,2°32'10''E,20,837744,230.0,"28,4"
0592290700,13/03/2025,11/04/2025,,r de west-cappel,cheminée,,59499,REXPOEDE,476648,oui,,Bâtiment,30,50°56'14''N,2°32'10''E,20,9772593,330.0,"29,9"
0592290700,13/03/2025,11/04/2025,,r de west-cappel,cheminée,,59499,REXPOEDE,476648,oui,,Bâtiment,30,50°56'14''N,2°32'10''E,20,9772589,110.0,"29,9"
0592290700,13/03/2025,11/04/2025,,r de west-cappel,cheminée,,59499,REXPOEDE,476648,oui,,Bâtiment,30,50°56'14''N,2°32'10''E,20,9772591,230.0,"29,9"
0592290688,17/10/2024,15/11/2024,Malo les Bains,321 Bd République F Mitterand,Central Téléphonique,,59183,DUNKERQUE,705476,non,,Bâtiment,22,51°2'50''N,2°24'45''E,8,769619,270.0,21
0592290688,17/10/2024,15/11/2024,Malo les Bains,321 Bd République F Mitterand,Central Téléphonique,,59183,DUNKERQUE,705476,non,,Bâtiment,22,51°2'50''N,2°24'45''E,8,6829210,30.0,"19,6"
0592290688,17/10/2024,15/11/2024,Malo les Bains,321 Bd République F Mitterand,Central Téléphonique,,59183,DUNKERQUE,705476,non,,Bâtiment,22,51°2'50''N,2°24'45''E,8,769617,150.0,21
0592290688,17/10/2024,15/11/2024,Malo les Bains,321 Bd République F Mitterand,Central Téléphonique,,59183,DUNKERQUE,705476,non,,Bâtiment,22,51°2'50''N,2°24'45''E,8,769615,30.0,21
0592290688,17/10/2024,15/11/2024,Malo les Bains,321 Bd République F Mitterand,Central Téléphonique,,59183,DUNKERQUE,705476,non,,Bâtiment,22,51°2'50''N,2°24'45''E,8,6829214,270.0,"19,6"
0592290688,17/10/2024,15/11/2024,Malo les Bains,321 Bd République F Mitterand,Central Téléphonique,,59183,DUNKERQUE,705476,non,,Bâtiment,22,51°2'50''N,2°24'45''E,8,6829212,150.0,"19,6"
0592290684,14/04/2023,12/05/2023,,RUE DU MARECHAL LECLERC,Résidence Villères Campo,,59574,SOMAIN,2084937,oui,,Immeuble,20,50°21'43''N,3°16'25''E,23,766430,20.0,"18,1"
0592290684,14/04/2023,12/05/2023,,RUE DU MARECHAL LECLERC,Résidence Villères Campo,,59574,SOMAIN,2084937,oui,,Immeuble,20,50°21'43''N,3°16'25''E,23,766434,220.0,"18,1"
0592290684,14/04/2023,12/05/2023,,RUE DU MARECHAL LECLERC,Résidence Villères Campo,,59574,SOMAIN,2084937,oui,,Immeuble,20,50°21'43''N,3°16'25''E,23,766432,120.0,"18,1"
0592290683,20/07/2024,23/08/2024,,25 R de l'Architecte Cordonnier,,,59350,LILLE,637623,oui,,Immeuble,43,50°38'6''N,3°2'37''E,20,752471,150.0,33
0592290683,20/07/2024,23/08/2024,,25 R de l'Architecte Cordonnier,,,59350,LILLE,637623,oui,,Immeuble,43,50°38'6''N,3°2'37''E,20,752469,30.0,33
0592290683,20/07/2024,23/08/2024,,25 R de l'Architecte Cordonnier,,,59350,LILLE,637623,oui,,Immeuble,43,50°38'6''N,3°2'37''E,20,752473,270.0,33
0592290683,20/07/2024,23/08/2024,,25 R de l'Architecte Cordonnier,,,59350,LILLE,637623,oui,,Immeuble,43,50°38'6''N,3°2'37''E,20,5840516,150.0,33
0592290683,20/07/2024,23/08/2024,,25 R de l'Architecte Cordonnier,,,59350,LILLE,637623,oui,,Immeuble,43,50°38'6''N,3°2'37''E,20,5840518,270.0,33
0592290683,20/07/2024,23/08/2024,,25 R de l'Architecte Cordonnier,,,59350,LILLE,637623,oui,,Immeuble,43,50°38'6''N,3°2'37''E,20,5840514,30.0,33
0592290666,01/11/2024,06/12/2024,,r Marconi,Cite scientifique,,59009,VILLENEUVE-D'ASCQ,1771716,oui,,Bâtiment,18,50°36'41''N,3°8'5''E,41,725067,30.0,"16,5"
0592290666,01/11/2024,06/12/2024,,r Marconi,Cite scientifique,,59009,VILLENEUVE-D'ASCQ,1771716,oui,,Bâtiment,18,50°36'41''N,3°8'5''E,41,725069,120.0,"16,5"
0592290666,01/11/2024,06/12/2024,,r Marconi,Cite scientifique,,59009,VILLENEUVE-D'ASCQ,1771716,oui,,Bâtiment,18,50°36'41''N,3°8'5''E,41,6550644,210.0,18
0592290666,01/11/2024,06/12/2024,,r Marconi,Cite scientifique,,59009,VILLENEUVE-D'ASCQ,1771716,oui,,Bâtiment,18,50°36'41''N,3°8'5''E,41,1821707,300.0,"16,5"
0592290666,01/11/2024,06/12/2024,,r Marconi,Cite scientifique,,59009,VILLENEUVE-D'ASCQ,1771716,oui,,Bâtiment,18,50°36'41''N,3°8'5''E,41,6550642,120.0,18
0592290666,01/11/2024,06/12/2024,,r Marconi,Cite scientifique,,59009,VILLENEUVE-D'ASCQ,1771716,oui,,Bâtiment,18,50°36'41''N,3°8'5''E,41,725071,210.0,"16,5"
0592290666,01/11/2024,06/12/2024,,r Marconi,Cite scientifique,,59009,VILLENEUVE-D'ASCQ,1771716,oui,,Bâtiment,18,50°36'41''N,3°8'5''E,41,6550646,300.0,18
0592290666,01/11/2024,06/12/2024,,r Marconi,Cite scientifique,,59009,VILLENEUVE-D'ASCQ,1771716,oui,,Bâtiment,18,50°36'41''N,3°8'5''E,41,6550640,30.0,18
0592290665,21/12/2024,24/01/2025,LE BOIS DINOIR,R DE NOYELLES - D29,Ancienne Briquetterie,,59476,PROVILLE,438720,oui,,Bâtiment,"25,2",50°9'16''N,3°12'13''E,72,725018,40.0,"15,7"
0592290665,21/12/2024,24/01/2025,LE BOIS DINOIR,R DE NOYELLES - D29,Ancienne Briquetterie,,59476,PROVILLE,438720,oui,,Bâtiment,"25,2",50°9'16''N,3°12'13''E,72,8948782,310.0,"16,8"
0592290665,21/12/2024,24/01/2025,LE BOIS DINOIR,R DE NOYELLES - D29,Ancienne Briquetterie,,59476,PROVILLE,438720,oui,,Bâtiment,"25,2",50°9'16''N,3°12'13''E,72,725020,210.0,"15,7"
0592290665,21/12/2024,24/01/2025,LE BOIS DINOIR,R DE NOYELLES - D29,Ancienne Briquetterie,,59476,PROVILLE,438720,oui,,Bâtiment,"25,2",50°9'16''N,3°12'13''E,72,725022,310.0,"15,7"
0592290665,21/12/2024,24/01/2025,LE BOIS DINOIR,R DE NOYELLES - D29,Ancienne Briquetterie,,59476,PROVILLE,438720,oui,,Bâtiment,"25,2",50°9'16''N,3°12'13''E,72,8948778,40.0,"16,8"
0592290665,21/12/2024,24/01/2025,LE BOIS DINOIR,R DE NOYELLES - D29,Ancienne Briquetterie,,59476,PROVILLE,438720,oui,,Bâtiment,"25,2",50°9'16''N,3°12'13''E,72,8948780,210.0,"16,8"
0592290662,29/10/2024,29/11/2024,,17 Avenue Simone,,,59368,LA MADELEINE,1388273,oui,,Immeuble,29,50°38'55''N,3°4'32''E,27,725045,150.0,"24,9"
0592290662,29/10/2024,29/11/2024,,17 Avenue Simone,,,59368,LA MADELEINE,1388273,oui,,Immeuble,29,50°38'55''N,3°4'32''E,27,725043,30.0,"24,9"
0592290662,29/10/2024,29/11/2024,,17 Avenue Simone,,,59368,LA MADELEINE,1388273,oui,,Immeuble,29,50°38'55''N,3°4'32''E,27,725047,245.0,"24,9"
0592290662,29/10/2024,29/11/2024,,17 Avenue Simone,,,59368,LA MADELEINE,1388273,oui,,Immeuble,29,50°38'55''N,3°4'32''E,27,8821586,245.0,"26,1"
0592290662,29/10/2024,29/11/2024,,17 Avenue Simone,,,59368,LA MADELEINE,1388273,oui,,Immeuble,29,50°38'55''N,3°4'32''E,27,8821584,150.0,"26,2"
0592290662,29/10/2024,29/11/2024,,17 Avenue Simone,,,59368,LA MADELEINE,1388273,oui,,Immeuble,29,50°38'55''N,3°4'32''E,27,8821582,30.0,"26,2"
0592290653,01/08/2024,30/08/2024,Université des Sciences,Av. Paul Langevin,USTL 1 Rés. Bachelard Bât. M,,59009,VILLENEUVE-D'ASCQ,584351,oui,,Bâtiment,31,50°36'24''N,3°8'12''E,40,712530,160.0,"29,8"
0592290653,01/08/2024,30/08/2024,Université des Sciences,Av. Paul Langevin,USTL 1 Rés. Bachelard Bât. M,,59009,VILLENEUVE-D'ASCQ,584351,oui,,Bâtiment,31,50°36'24''N,3°8'12''E,40,712532,275.0,"29,8"
0592290653,01/08/2024,30/08/2024,Université des Sciences,Av. Paul Langevin,USTL 1 Rés. Bachelard Bât. M,,59009,VILLENEUVE-D'ASCQ,584351,oui,,Bâtiment,31,50°36'24''N,3°8'12''E,40,712528,45.0,"29,8"
0592290653,01/08/2024,30/08/2024,Université des Sciences,Av. Paul Langevin,USTL 1 Rés. Bachelard Bât. M,,59009,VILLENEUVE-D'ASCQ,584351,oui,,Bâtiment,31,50°36'24''N,3°8'12''E,40,5797279,275.0,31
0592290653,01/08/2024,30/08/2024,Université des Sciences,Av. Paul Langevin,USTL 1 Rés. Bachelard Bât. M,,59009,VILLENEUVE-D'ASCQ,584351,oui,,Bâtiment,31,50°36'24''N,3°8'12''E,40,5797275,45.0,31
0592290653,01/08/2024,30/08/2024,Université des Sciences,Av. Paul Langevin,USTL 1 Rés. Bachelard Bât. M,,59009,VILLENEUVE-D'ASCQ,584351,oui,,Bâtiment,31,50°36'24''N,3°8'12''E,40,5797277,160.0,31
0592290651,18/08/2025,19/09/2025,,8 R MAUGRÉ,Central Téléphonique des Bleuets,,59350,LILLE,2895236,oui,,Bâtiment,25,50°38'32.008''N,3°4'7.724''E,21,2153300,30.0,"24,4"
0592290651,18/08/2025,19/09/2025,,8 R MAUGRÉ,Central Téléphonique des Bleuets,,59350,LILLE,2895236,oui,,Bâtiment,25,50°38'32.008''N,3°4'7.724''E,21,711559,150.0,"23,2"
0592290651,18/08/2025,19/09/2025,,8 R MAUGRÉ,Central Téléphonique des Bleuets,,59350,LILLE,2895236,oui,,Bâtiment,25,50°38'32.008''N,3°4'7.724''E,21,2153304,270.0,"24,4"
0592290651,18/08/2025,19/09/2025,,8 R MAUGRÉ,Central Téléphonique des Bleuets,,59350,LILLE,2895236,oui,,Bâtiment,25,50°38'32.008''N,3°4'7.724''E,21,711561,270.0,"23,2"
0592290651,18/08/2025,19/09/2025,,8 R MAUGRÉ,Central Téléphonique des Bleuets,,59350,LILLE,2895236,oui,,Bâtiment,25,50°38'32.008''N,3°4'7.724''E,21,711557,30.0,"23,2"
0592290651,18/08/2025,19/09/2025,,8 R MAUGRÉ,Central Téléphonique des Bleuets,,59350,LILLE,2895236,oui,,Bâtiment,25,50°38'32.008''N,3°4'7.724''E,21,2153302,150.0,"24,4"
0592290648,08/10/2024,08/11/2024,,1 RUE DE CALAIS,RESIDENCE COLOMBES,,59295,HAZEBROUCK,3003467,oui,,Immeuble,21,50°43'13''N,2°31'32''E,28,8662028,110.0,"19,4"
0592290648,08/10/2024,08/11/2024,,1 RUE DE CALAIS,RESIDENCE COLOMBES,,59295,HAZEBROUCK,3003467,oui,,Immeuble,21,50°43'13''N,2°31'32''E,28,709268,210.0,"17,9"
0592290648,08/10/2024,08/11/2024,,1 RUE DE CALAIS,RESIDENCE COLOMBES,,59295,HAZEBROUCK,3003467,oui,,Immeuble,21,50°43'13''N,2°31'32''E,28,709264,0.0,"17,9"
0592290648,08/10/2024,08/11/2024,,1 RUE DE CALAIS,RESIDENCE COLOMBES,,59295,HAZEBROUCK,3003467,oui,,Immeuble,21,50°43'13''N,2°31'32''E,28,8662026,0.0,"19,4"
0592290648,08/10/2024,08/11/2024,,1 RUE DE CALAIS,RESIDENCE COLOMBES,,59295,HAZEBROUCK,3003467,oui,,Immeuble,21,50°43'13''N,2°31'32''E,28,709266,110.0,"17,9"
0592290648,08/10/2024,08/11/2024,,1 RUE DE CALAIS,RESIDENCE COLOMBES,,59295,HAZEBROUCK,3003467,oui,,Immeuble,21,50°43'13''N,2°31'32''E,28,8662030,210.0,"19,4"
0592290647,03/09/2024,04/10/2024,,910 r gustave delory,,,59599,TOURCOING,703363,non,,Immeuble,23,50°43'39''N,3°9'21''E,38,708939,30.0,"19,9"
0592290647,03/09/2024,04/10/2024,,910 r gustave delory,,,59599,TOURCOING,703363,non,,Immeuble,23,50°43'39''N,3°9'21''E,38,708941,150.0,"19,9"
0592290647,03/09/2024,04/10/2024,,910 r gustave delory,,,59599,TOURCOING,703363,non,,Immeuble,23,50°43'39''N,3°9'21''E,38,2508131,270.0,"21,6"
0592290647,03/09/2024,04/10/2024,,910 r gustave delory,,,59599,TOURCOING,703363,non,,Immeuble,23,50°43'39''N,3°9'21''E,38,708943,270.0,"19,9"
0592290647,03/09/2024,04/10/2024,,910 r gustave delory,,,59599,TOURCOING,703363,non,,Immeuble,23,50°43'39''N,3°9'21''E,38,2508129,150.0,"21,6"
0592290647,03/09/2024,04/10/2024,,910 r gustave delory,,,59599,TOURCOING,703363,non,,Immeuble,23,50°43'39''N,3°9'21''E,38,2508127,30.0,"21,6"
0592290640,15/01/2025,14/02/2025,,1-3-5 pl leroux de fauquemont,,,59350,LILLE,637615,oui,,Immeuble,24,50°37'46''N,3°2'6''E,20,705116,150.0,"22,2"
0592290640,15/01/2025,14/02/2025,,1-3-5 pl leroux de fauquemont,,,59350,LILLE,637615,oui,,Immeuble,24,50°37'46''N,3°2'6''E,20,705114,30.0,"22,2"
0592290640,15/01/2025,14/02/2025,,1-3-5 pl leroux de fauquemont,,,59350,LILLE,637615,oui,,Immeuble,24,50°37'46''N,3°2'6''E,20,705118,270.0,"22,2"
0592290640,15/01/2025,14/02/2025,,1-3-5 pl leroux de fauquemont,,,59350,LILLE,637615,oui,,Immeuble,24,50°37'46''N,3°2'6''E,20,5963382,270.0,"23,9"
0592290640,15/01/2025,14/02/2025,,1-3-5 pl leroux de fauquemont,,,59350,LILLE,637615,oui,,Immeuble,24,50°37'46''N,3°2'6''E,20,5963378,30.0,"23,9"
0592290640,15/01/2025,14/02/2025,,1-3-5 pl leroux de fauquemont,,,59350,LILLE,637615,oui,,Immeuble,24,50°37'46''N,3°2'6''E,20,5963380,150.0,"23,9"
0592290635,07/07/2025,08/08/2025,,68 r de Trévise,Bâtiment N,,59350,LILLE,637613,non,,Immeuble,28,50°37'20''N,3°4'29''E,25,700685,140.0,"26,8"
0592290635,07/07/2025,08/08/2025,,68 r de Trévise,Bâtiment N,,59350,LILLE,637613,non,,Immeuble,28,50°37'20''N,3°4'29''E,25,2139011,140.0,"27,6"
0592290634,18/12/2024,17/01/2025,,13 r des stations,,,59350,LILLE,637611,non,,Immeuble,21,50°37'52''N,3°3'12''E,20,699561,40.0,"18,8"
0592290634,18/12/2024,17/01/2025,,13 r des stations,,,59350,LILLE,637611,non,,Immeuble,21,50°37'52''N,3°3'12''E,20,699559,260.0,"18,8"
0592290634,18/12/2024,17/01/2025,,13 r des stations,,,59350,LILLE,637611,non,,Immeuble,21,50°37'52''N,3°3'12''E,20,699557,150.0,"18,8"
0592290634,18/12/2024,17/01/2025,,13 r des stations,,,59350,LILLE,637611,non,,Immeuble,21,50°37'52''N,3°3'12''E,20,9061511,40.0,"20,3"
0592290634,18/12/2024,17/01/2025,,13 r des stations,,,59350,LILLE,637611,non,,Immeuble,21,50°37'52''N,3°3'12''E,20,9061509,260.0,"20,3"
0592290634,18/12/2024,17/01/2025,,13 r des stations,,,59350,LILLE,637611,non,,Immeuble,21,50°37'52''N,3°3'12''E,20,9061507,150.0,"20,3"
0592290624,25/03/2025,25/04/2025,,24-38 bd  Albert 1er,,,59009,VILLENEUVE-D'ASCQ,1286849,oui,,Immeuble,36,50°39'27''N,3°8'18''E,23,693197,270.0,"33,4"
0592290624,25/03/2025,25/04/2025,,24-38 bd  Albert 1er,,,59009,VILLENEUVE-D'ASCQ,1286849,oui,,Immeuble,36,50°39'27''N,3°8'18''E,23,693193,30.0,"33,4"
0592290624,25/03/2025,25/04/2025,,24-38 bd  Albert 1er,,,59009,VILLENEUVE-D'ASCQ,1286849,oui,,Immeuble,36,50°39'27''N,3°8'18''E,23,693195,150.0,"33,4"
0592290619,02/05/2025,06/06/2025,,7 r de liège,Institut Infirmier,,59183,DUNKERQUE,705482,oui,,Immeuble,27,51°2'11''N,2°24'6''E,4,693716,270.0,"25,8"
0592290619,02/05/2025,06/06/2025,,7 r de liège,Institut Infirmier,,59183,DUNKERQUE,705482,oui,,Immeuble,27,51°2'11''N,2°24'6''E,4,693714,150.0,"25,8"
0592290619,02/05/2025,06/06/2025,,7 r de liège,Institut Infirmier,,59183,DUNKERQUE,705482,oui,,Immeuble,27,51°2'11''N,2°24'6''E,4,693712,30.0,"25,8"
0592290617,21/12/2024,24/01/2025,,r nungesser,Résidence Nungesser,,59291,HAUTMONT,806227,oui,,Immeuble,20,50°14'36''N,3°55'3''E,160,689280,270.0,"16,7"
0592290617,21/12/2024,24/01/2025,,r nungesser,Résidence Nungesser,,59291,HAUTMONT,806227,oui,,Immeuble,20,50°14'36''N,3°55'3''E,160,689278,150.0,"16,7"
0592290617,21/12/2024,24/01/2025,,r nungesser,Résidence Nungesser,,59291,HAUTMONT,806227,oui,,Immeuble,20,50°14'36''N,3°55'3''E,160,689276,30.0,"16,7"
0592290617,21/12/2024,24/01/2025,,r nungesser,Résidence Nungesser,,59291,HAUTMONT,806227,oui,,Immeuble,20,50°14'36''N,3°55'3''E,160,8981981,150.0,"18,7"
0592290617,21/12/2024,24/01/2025,,r nungesser,Résidence Nungesser,,59291,HAUTMONT,806227,oui,,Immeuble,20,50°14'36''N,3°55'3''E,160,8981983,270.0,"18,7"
0592290617,21/12/2024,24/01/2025,,r nungesser,Résidence Nungesser,,59291,HAUTMONT,806227,oui,,Immeuble,20,50°14'36''N,3°55'3''E,160,8981979,30.0,"18,7"
0592290615,28/09/2024,31/10/2024,,278 CHAUSSE FERNAND FOREST,,,59599,TOURCOING,703369,oui,,Immeuble,38,50°44'14''N,3°9'5''E,28,725713,150.0,"30,5"
0592290615,28/09/2024,31/10/2024,,278 CHAUSSE FERNAND FOREST,,,59599,TOURCOING,703369,oui,,Immeuble,38,50°44'14''N,3°9'5''E,28,725709,270.0,"29,4"
0592290615,28/09/2024,31/10/2024,,278 CHAUSSE FERNAND FOREST,,,59599,TOURCOING,703369,oui,,Immeuble,38,50°44'14''N,3°9'5''E,28,6888869,30.0,"29,4"
0592290615,28/09/2024,31/10/2024,,278 CHAUSSE FERNAND FOREST,,,59599,TOURCOING,703369,oui,,Immeuble,38,50°44'14''N,3°9'5''E,28,725711,30.0,"30,5"
0592290615,28/09/2024,31/10/2024,,278 CHAUSSE FERNAND FOREST,,,59599,TOURCOING,703369,oui,,Immeuble,38,50°44'14''N,3°9'5''E,28,6888871,150.0,"29,4"
0592290615,28/09/2024,31/10/2024,,278 CHAUSSE FERNAND FOREST,,,59599,TOURCOING,703369,oui,,Immeuble,38,50°44'14''N,3°9'5''E,28,6888867,30.0,"30,5"
0592290610,30/07/2024,30/08/2024,,1 r charles tillon,,,59271,GRANDE-SYNTHE,806217,non,,Immeuble,29,51°0'22''N,2°17'32''E,4,682847,30.0,"27,2"
0592290610,30/07/2024,30/08/2024,,1 r charles tillon,,,59271,GRANDE-SYNTHE,806217,non,,Immeuble,29,51°0'22''N,2°17'32''E,4,9049489,30.0,"28,7"
0592290610,30/07/2024,30/08/2024,,1 r charles tillon,,,59271,GRANDE-SYNTHE,806217,non,,Immeuble,29,51°0'22''N,2°17'32''E,4,9049493,270.0,"28,7"
0592290610,30/07/2024,30/08/2024,,1 r charles tillon,,,59271,GRANDE-SYNTHE,806217,non,,Immeuble,29,51°0'22''N,2°17'32''E,4,682851,270.0,"27,2"
0592290610,30/07/2024,30/08/2024,,1 r charles tillon,,,59271,GRANDE-SYNTHE,806217,non,,Immeuble,29,51°0'22''N,2°17'32''E,4,682849,130.0,"27,2"
0592290610,30/07/2024,30/08/2024,,1 r charles tillon,,,59271,GRANDE-SYNTHE,806217,non,,Immeuble,29,51°0'22''N,2°17'32''E,4,9049491,130.0,"28,7"
0592290608,27/07/2024,30/08/2024,,r degas,Résidence Degas,,59032,AULNOY-LEZ-VALENCIENNES,806211,non,,Immeuble,29,50°20'2.449''N,3°31'16.160''E,51,679228,240.0,"25,6"
0592290608,27/07/2024,30/08/2024,,r degas,Résidence Degas,,59032,AULNOY-LEZ-VALENCIENNES,806211,non,,Immeuble,29,50°20'2.449''N,3°31'16.160''E,51,679226,120.0,"25,6"
0592290608,27/07/2024,30/08/2024,,r degas,Résidence Degas,,59032,AULNOY-LEZ-VALENCIENNES,806211,non,,Immeuble,29,50°20'2.449''N,3°31'16.160''E,51,679224,0.0,"25,6"
0592290608,27/07/2024,30/08/2024,,r degas,Résidence Degas,,59032,AULNOY-LEZ-VALENCIENNES,806211,non,,Immeuble,29,50°20'2.449''N,3°31'16.160''E,51,2509115,120.0,"26,5"
0592290608,27/07/2024,30/08/2024,,r degas,Résidence Degas,,59032,AULNOY-LEZ-VALENCIENNES,806211,non,,Immeuble,29,50°20'2.449''N,3°31'16.160''E,51,2509113,0.0,"26,5"
0592290608,27/07/2024,30/08/2024,,r degas,Résidence Degas,,59032,AULNOY-LEZ-VALENCIENNES,806211,non,,Immeuble,29,50°20'2.449''N,3°31'16.160''E,51,2509117,240.0,"26,5"
0592290607,24/06/2025,25/07/2025,,"2, Façade de l'Esplanade",QTR STE CATHERINE,,59350,LILLE,637605,non,,Immeuble,22,50°38'24''N,3°3'14''E,20,677916,270.0,19
0592290607,24/06/2025,25/07/2025,,"2, Façade de l'Esplanade",QTR STE CATHERINE,,59350,LILLE,637605,non,,Immeuble,22,50°38'24''N,3°3'14''E,20,677912,30.0,19
0592290607,24/06/2025,25/07/2025,,"2, Façade de l'Esplanade",QTR STE CATHERINE,,59350,LILLE,637605,non,,Immeuble,22,50°38'24''N,3°3'14''E,20,7876857,30.0,"20,6"
0592290607,24/06/2025,25/07/2025,,"2, Façade de l'Esplanade",QTR STE CATHERINE,,59350,LILLE,637605,non,,Immeuble,22,50°38'24''N,3°3'14''E,20,677914,150.0,19
0592290607,24/06/2025,25/07/2025,,"2, Façade de l'Esplanade",QTR STE CATHERINE,,59350,LILLE,637605,non,,Immeuble,22,50°38'24''N,3°3'14''E,20,7876859,150.0,"20,6"
0592290607,24/06/2025,25/07/2025,,"2, Façade de l'Esplanade",QTR STE CATHERINE,,59350,LILLE,637605,non,,Immeuble,22,50°38'24''N,3°3'14''E,20,7876861,270.0,"20,6"
0592290601,13/01/2025,14/02/2025,,Bd Molière,Rés. Le Vivorde,,59392,MAUBEUGE,560547,oui,,Immeuble,"28,6",50°17'29''N,3°57'50''E,140,1319121,135.0,"25,7"
0592290601,13/01/2025,14/02/2025,,Bd Molière,Rés. Le Vivorde,,59392,MAUBEUGE,560547,oui,,Immeuble,"28,6",50°17'29''N,3°57'50''E,140,1319123,270.0,"25,7"
0592290601,13/01/2025,14/02/2025,,Bd Molière,Rés. Le Vivorde,,59392,MAUBEUGE,560547,oui,,Immeuble,"28,6",50°17'29''N,3°57'50''E,140,1319119,30.0,"25,7"
0592290601,13/01/2025,14/02/2025,,Bd Molière,Rés. Le Vivorde,,59392,MAUBEUGE,560547,oui,,Immeuble,"28,6",50°17'29''N,3°57'50''E,140,7376715,30.0,"27,2"
0592290601,13/01/2025,14/02/2025,,Bd Molière,Rés. Le Vivorde,,59392,MAUBEUGE,560547,oui,,Immeuble,"28,6",50°17'29''N,3°57'50''E,140,7376719,270.0,"27,2"
0592290601,13/01/2025,14/02/2025,,Bd Molière,Rés. Le Vivorde,,59392,MAUBEUGE,560547,oui,,Immeuble,"28,6",50°17'29''N,3°57'50''E,140,7376717,135.0,"27,2"
0592290590,21/12/2024,24/01/2025,,121/139 r de lacroix,,,59512,ROUBAIX,806175,oui,,Bâtiment,31,50°41'50''N,3°11'0''E,26,711076,270.0,"26,7"
0592290590,21/12/2024,24/01/2025,,121/139 r de lacroix,,,59512,ROUBAIX,806175,oui,,Bâtiment,31,50°41'50''N,3°11'0''E,26,711074,170.0,"26,7"
0592290590,21/12/2024,24/01/2025,,121/139 r de lacroix,,,59512,ROUBAIX,806175,oui,,Bâtiment,31,50°41'50''N,3°11'0''E,26,711072,30.0,"26,7"
0592290590,21/12/2024,24/01/2025,,121/139 r de lacroix,,,59512,ROUBAIX,806175,oui,,Bâtiment,31,50°41'50''N,3°11'0''E,26,7059110,170.0,"28,3"
0592290590,21/12/2024,24/01/2025,,121/139 r de lacroix,,,59512,ROUBAIX,806175,oui,,Bâtiment,31,50°41'50''N,3°11'0''E,26,7059108,30.0,"28,3"
0592290590,21/12/2024,24/01/2025,,121/139 r de lacroix,,,59512,ROUBAIX,806175,oui,,Bâtiment,31,50°41'50''N,3°11'0''E,26,7059112,270.0,"28,3"
0592290584,06/08/2024,06/09/2024,,30/34 r pierre curie,,,59527,SAINT-ANDRE-LEZ-LILLE,474681,oui,,Immeuble,26,50°39'40''N,3°2'41''E,20,2171927,270.0,"22,4"
0592290584,06/08/2024,06/09/2024,,30/34 r pierre curie,,,59527,SAINT-ANDRE-LEZ-LILLE,474681,oui,,Immeuble,26,50°39'40''N,3°2'41''E,20,2171923,30.0,"22,4"
0592290584,06/08/2024,06/09/2024,,30/34 r pierre curie,,,59527,SAINT-ANDRE-LEZ-LILLE,474681,oui,,Immeuble,26,50°39'40''N,3°2'41''E,20,2171925,150.0,"22,4"
0592290584,06/08/2024,06/09/2024,,30/34 r pierre curie,,,59527,SAINT-ANDRE-LEZ-LILLE,474681,oui,,Immeuble,26,50°39'40''N,3°2'41''E,20,638236,150.0,"24,5"
0592290584,06/08/2024,06/09/2024,,30/34 r pierre curie,,,59527,SAINT-ANDRE-LEZ-LILLE,474681,oui,,Immeuble,26,50°39'40''N,3°2'41''E,20,638238,270.0,"24,5"
0592290584,06/08/2024,06/09/2024,,30/34 r pierre curie,,,59527,SAINT-ANDRE-LEZ-LILLE,474681,oui,,Immeuble,26,50°39'40''N,3°2'41''E,20,638234,30.0,"24,5"
0592290572,29/10/2024,29/11/2024,,r Fernand Kamette,Résidence Les Explorateurs,Immeuble Vasco de Gamma,59225,FEIGNIES,806271,non,,Immeuble,25,50°17'39''N,3°55'12''E,146,8982446,270.0,"24,7"
0592290572,29/10/2024,29/11/2024,,r Fernand Kamette,Résidence Les Explorateurs,Immeuble Vasco de Gamma,59225,FEIGNIES,806271,non,,Immeuble,25,50°17'39''N,3°55'12''E,146,1046932,30.0,"23,3"
0592290572,29/10/2024,29/11/2024,,r Fernand Kamette,Résidence Les Explorateurs,Immeuble Vasco de Gamma,59225,FEIGNIES,806271,non,,Immeuble,25,50°17'39''N,3°55'12''E,146,1046934,150.0,"23,3"
0592290572,29/10/2024,29/11/2024,,r Fernand Kamette,Résidence Les Explorateurs,Immeuble Vasco de Gamma,59225,FEIGNIES,806271,non,,Immeuble,25,50°17'39''N,3°55'12''E,146,1046936,270.0,"23,3"
0592290572,29/10/2024,29/11/2024,,r Fernand Kamette,Résidence Les Explorateurs,Immeuble Vasco de Gamma,59225,FEIGNIES,806271,non,,Immeuble,25,50°17'39''N,3°55'12''E,146,8982444,150.0,"24,7"
0592290572,29/10/2024,29/11/2024,,r Fernand Kamette,Résidence Les Explorateurs,Immeuble Vasco de Gamma,59225,FEIGNIES,806271,non,,Immeuble,25,50°17'39''N,3°55'12''E,146,8982442,30.0,"24,7"
0592290571,18/06/2024,19/07/2024,,128 r de canteleu,,,59178,DOUAI,691485,oui,,Bâtiment,31,50°22'6''N,3°5'3''E,29,616977,150.0,30
0592290571,18/06/2024,19/07/2024,,128 r de canteleu,,,59178,DOUAI,691485,oui,,Bâtiment,31,50°22'6''N,3°5'3''E,29,616979,270.0,30
0592290571,18/06/2024,19/07/2024,,128 r de canteleu,,,59178,DOUAI,691485,oui,,Bâtiment,31,50°22'6''N,3°5'3''E,29,616975,30.0,30
0592290571,18/06/2024,19/07/2024,,128 r de canteleu,,,59178,DOUAI,691485,oui,,Bâtiment,31,50°22'6''N,3°5'3''E,29,5421012,150.0,"28,5"
0592290571,18/06/2024,19/07/2024,,128 r de canteleu,,,59178,DOUAI,691485,oui,,Bâtiment,31,50°22'6''N,3°5'3''E,29,5421014,270.0,"28,5"
0592290571,18/06/2024,19/07/2024,,128 r de canteleu,,,59178,DOUAI,691485,oui,,Bâtiment,31,50°22'6''N,3°5'3''E,29,5421010,30.0,"28,5"
0592290555,17/07/2025,18/08/2025,,Angle rues Van Hende et Epinal,Blanchisserie Centrale Hospitalière,,59350,LILLE,637589,non,,Bâtiment,28,50°37'13''N,3°2'44''E,24,595490,170.0,26
0592290555,17/07/2025,18/08/2025,,Angle rues Van Hende et Epinal,Blanchisserie Centrale Hospitalière,,59350,LILLE,637589,non,,Bâtiment,28,50°37'13''N,3°2'44''E,24,8611906,20.0,"27,5"
0592290555,17/07/2025,18/08/2025,,Angle rues Van Hende et Epinal,Blanchisserie Centrale Hospitalière,,59350,LILLE,637589,non,,Bâtiment,28,50°37'13''N,3°2'44''E,24,8611910,270.0,"27,5"
0592290555,17/07/2025,18/08/2025,,Angle rues Van Hende et Epinal,Blanchisserie Centrale Hospitalière,,59350,LILLE,637589,non,,Bâtiment,28,50°37'13''N,3°2'44''E,24,595488,20.0,26
0592290555,17/07/2025,18/08/2025,,Angle rues Van Hende et Epinal,Blanchisserie Centrale Hospitalière,,59350,LILLE,637589,non,,Bâtiment,28,50°37'13''N,3°2'44''E,24,595492,270.0,26
0592290555,17/07/2025,18/08/2025,,Angle rues Van Hende et Epinal,Blanchisserie Centrale Hospitalière,,59350,LILLE,637589,non,,Bâtiment,28,50°37'13''N,3°2'44''E,24,8611908,170.0,"27,5"
0592290550,25/03/2025,25/04/2025,,r guynemer,Résidence Guynemer Les Aviateurs,,59386,MARQUETTE-LEZ-LILLE,291960,non,,Immeuble,20,50°40'9''N,3°4'9''E,18,588887,0.0,"18,9"
0592290550,25/03/2025,25/04/2025,,r guynemer,Résidence Guynemer Les Aviateurs,,59386,MARQUETTE-LEZ-LILLE,291960,non,,Immeuble,20,50°40'9''N,3°4'9''E,18,588889,150.0,"18,9"
0592290550,25/03/2025,25/04/2025,,r guynemer,Résidence Guynemer Les Aviateurs,,59386,MARQUETTE-LEZ-LILLE,291960,non,,Immeuble,20,50°40'9''N,3°4'9''E,18,588891,240.0,"18,9"
0592290549,27/07/2024,30/08/2024,,r d'hautmont - d.107,Résidence A Delessalle,,59365,LOUVROIL,1684795,oui,,Immeuble,"26,8",50°16'6''N,3°56'58''E,146,8242779,150.0,"25,8"
0592290549,27/07/2024,30/08/2024,,r d'hautmont - d.107,Résidence A Delessalle,,59365,LOUVROIL,1684795,oui,,Immeuble,"26,8",50°16'6''N,3°56'58''E,146,8242781,270.0,"25,8"
0592290549,27/07/2024,30/08/2024,,r d'hautmont - d.107,Résidence A Delessalle,,59365,LOUVROIL,1684795,oui,,Immeuble,"26,8",50°16'6''N,3°56'58''E,146,587169,270.0,"24,7"
0592290549,27/07/2024,30/08/2024,,r d'hautmont - d.107,Résidence A Delessalle,,59365,LOUVROIL,1684795,oui,,Immeuble,"26,8",50°16'6''N,3°56'58''E,146,587165,30.0,"24,7"
0592290549,27/07/2024,30/08/2024,,r d'hautmont - d.107,Résidence A Delessalle,,59365,LOUVROIL,1684795,oui,,Immeuble,"26,8",50°16'6''N,3°56'58''E,146,587167,150.0,"24,7"
0592290549,27/07/2024,30/08/2024,,r d'hautmont - d.107,Résidence A Delessalle,,59365,LOUVROIL,1684795,oui,,Immeuble,"26,8",50°16'6''N,3°56'58''E,146,8242777,30.0,"25,8"
0592290545,19/10/2024,22/11/2024,,"10, r eugène pottier",Résidence les Hêtres,,59508,RONCQ,806291,oui,,Immeuble,25,50°44'53''N,3°7'23''E,40,584162,150.0,"18,8"
0592290545,19/10/2024,22/11/2024,,"10, r eugène pottier",Résidence les Hêtres,,59508,RONCQ,806291,oui,,Immeuble,25,50°44'53''N,3°7'23''E,40,584164,270.0,"18,8"
0592290545,19/10/2024,22/11/2024,,"10, r eugène pottier",Résidence les Hêtres,,59508,RONCQ,806291,oui,,Immeuble,25,50°44'53''N,3°7'23''E,40,584160,40.0,"18,8"
0592290545,19/10/2024,22/11/2024,,"10, r eugène pottier",Résidence les Hêtres,,59508,RONCQ,806291,oui,,Immeuble,25,50°44'53''N,3°7'23''E,40,8073995,270.0,"18,4"
0592290545,19/10/2024,22/11/2024,,"10, r eugène pottier",Résidence les Hêtres,,59508,RONCQ,806291,oui,,Immeuble,25,50°44'53''N,3°7'23''E,40,8073991,40.0,"18,4"
0592290545,19/10/2024,22/11/2024,,"10, r eugène pottier",Résidence les Hêtres,,59508,RONCQ,806291,oui,,Immeuble,25,50°44'53''N,3°7'23''E,40,8073993,150.0,"18,4"
0592290531,24/10/2024,22/11/2024,,r jehan de tourcoing,Résidence Armancour,,59599,TOURCOING,703353,oui,,Immeuble,32,50°44'22''N,3°11'4''E,35,741105,150.0,"30,1"
0592290531,24/10/2024,22/11/2024,,r jehan de tourcoing,Résidence Armancour,,59599,TOURCOING,703353,oui,,Immeuble,32,50°44'22''N,3°11'4''E,35,741103,30.0,"30,1"
0592290531,24/10/2024,22/11/2024,,r jehan de tourcoing,Résidence Armancour,,59599,TOURCOING,703353,oui,,Immeuble,32,50°44'22''N,3°11'4''E,35,2977888,150.0,"31,1"
0592290531,24/10/2024,22/11/2024,,r jehan de tourcoing,Résidence Armancour,,59599,TOURCOING,703353,oui,,Immeuble,32,50°44'22''N,3°11'4''E,35,741107,270.0,"30,1"
0592290531,24/10/2024,22/11/2024,,r jehan de tourcoing,Résidence Armancour,,59599,TOURCOING,703353,oui,,Immeuble,32,50°44'22''N,3°11'4''E,35,2977890,270.0,"31,1"
0592290531,24/10/2024,22/11/2024,,r jehan de tourcoing,Résidence Armancour,,59599,TOURCOING,703353,oui,,Immeuble,32,50°44'22''N,3°11'4''E,35,2977886,30.0,"31,1"
0592290530,24/12/2024,24/01/2025,,202 r jean jaurès,,,59009,VILLENEUVE-D'ASCQ,485355,oui,,Bâtiment,39,50°40'0''N,3°8'39''E,22,560705,250.0,"25,4"
0592290530,24/12/2024,24/01/2025,,202 r jean jaurès,,,59009,VILLENEUVE-D'ASCQ,485355,oui,,Bâtiment,39,50°40'0''N,3°8'39''E,22,560703,150.0,"25,4"
0592290530,24/12/2024,24/01/2025,,202 r jean jaurès,,,59009,VILLENEUVE-D'ASCQ,485355,oui,,Bâtiment,39,50°40'0''N,3°8'39''E,22,560701,30.0,"25,4"
0592290530,24/12/2024,24/01/2025,,202 r jean jaurès,,,59009,VILLENEUVE-D'ASCQ,485355,oui,,Bâtiment,39,50°40'0''N,3°8'39''E,22,8626591,30.0,"30,9"
0592290530,24/12/2024,24/01/2025,,202 r jean jaurès,,,59009,VILLENEUVE-D'ASCQ,485355,oui,,Bâtiment,39,50°40'0''N,3°8'39''E,22,8626593,150.0,"30,9"
0592290530,24/12/2024,24/01/2025,,202 r jean jaurès,,,59009,VILLENEUVE-D'ASCQ,485355,oui,,Bâtiment,39,50°40'0''N,3°8'39''E,22,8626595,250.0,"30,9"
0592290529,19/10/2024,22/11/2024,,24 pl de la gare,,,59350,LILLE,671361,non,,Immeuble,32,50°38'10''N,3°4'10''E,20,560697,150.0,"28,7"
0592290529,19/10/2024,22/11/2024,,24 pl de la gare,,,59350,LILLE,671361,non,,Immeuble,32,50°38'10''N,3°4'10''E,20,560699,270.0,"28,7"
0592290529,19/10/2024,22/11/2024,,24 pl de la gare,,,59350,LILLE,671361,non,,Immeuble,32,50°38'10''N,3°4'10''E,20,5860416,150.0,"29,4"
0592290529,19/10/2024,22/11/2024,,24 pl de la gare,,,59350,LILLE,671361,non,,Immeuble,32,50°38'10''N,3°4'10''E,20,560695,30.0,"28,7"
0592290529,19/10/2024,22/11/2024,,24 pl de la gare,,,59350,LILLE,671361,non,,Immeuble,32,50°38'10''N,3°4'10''E,20,5860418,270.0,"29,4"
0592290529,19/10/2024,22/11/2024,,24 pl de la gare,,,59350,LILLE,671361,non,,Immeuble,32,50°38'10''N,3°4'10''E,20,5860414,30.0,"29,4"
0592290526,05/03/2025,04/04/2025,,28 à 36 r du commerce,SLE Habitat,,59507,RONCHIN,1415458,oui,,Immeuble,"22,7",50°36'33''N,3°5'0''E,34,671263,30.0,20
0592290526,05/03/2025,04/04/2025,,28 à 36 r du commerce,SLE Habitat,,59507,RONCHIN,1415458,oui,,Immeuble,"22,7",50°36'33''N,3°5'0''E,34,671267,270.0,20
0592290526,05/03/2025,04/04/2025,,28 à 36 r du commerce,SLE Habitat,,59507,RONCHIN,1415458,oui,,Immeuble,"22,7",50°36'33''N,3°5'0''E,34,671265,150.0,20
0592290522,02/01/2025,07/02/2025,pl de la gare,GARE SNCF,,,59178,DOUAI,806155,oui,,Bâtiment,"16,6",50°22'18''N,3°5'24''E,25,558043,150.0,"14,2"
0592290522,02/01/2025,07/02/2025,pl de la gare,GARE SNCF,,,59178,DOUAI,806155,oui,,Bâtiment,"16,6",50°22'18''N,3°5'24''E,25,558045,270.0,"14,2"
0592290522,02/01/2025,07/02/2025,pl de la gare,GARE SNCF,,,59178,DOUAI,806155,oui,,Bâtiment,"16,6",50°22'18''N,3°5'24''E,25,558041,30.0,"14,2"
0592290522,02/01/2025,07/02/2025,pl de la gare,GARE SNCF,,,59178,DOUAI,806155,oui,,Bâtiment,"16,6",50°22'18''N,3°5'24''E,25,7341725,270.0,16
0592290522,02/01/2025,07/02/2025,pl de la gare,GARE SNCF,,,59178,DOUAI,806155,oui,,Bâtiment,"16,6",50°22'18''N,3°5'24''E,25,7341723,150.0,16
0592290522,02/01/2025,07/02/2025,pl de la gare,GARE SNCF,,,59178,DOUAI,806155,oui,,Bâtiment,"16,6",50°22'18''N,3°5'24''E,25,7341721,30.0,16
0592290519,24/12/2024,24/01/2025,,39 r faidherbe,Mairie,,59343,LESQUIN,806144,non,,Bâtiment,31,50°35'18''N,3°6'38''E,48,556836,30.0,"22,8"
0592290519,24/12/2024,24/01/2025,,39 r faidherbe,Mairie,,59343,LESQUIN,806144,non,,Bâtiment,31,50°35'18''N,3°6'38''E,48,5884051,150.0,"23,4"
0592290519,24/12/2024,24/01/2025,,39 r faidherbe,Mairie,,59343,LESQUIN,806144,non,,Bâtiment,31,50°35'18''N,3°6'38''E,48,556840,270.0,"22,8"
0592290519,24/12/2024,24/01/2025,,39 r faidherbe,Mairie,,59343,LESQUIN,806144,non,,Bâtiment,31,50°35'18''N,3°6'38''E,48,556838,150.0,"22,8"
0592290519,24/12/2024,24/01/2025,,39 r faidherbe,Mairie,,59343,LESQUIN,806144,non,,Bâtiment,31,50°35'18''N,3°6'38''E,48,5884053,270.0,"23,4"
0592290519,24/12/2024,24/01/2025,,39 r faidherbe,Mairie,,59343,LESQUIN,806144,non,,Bâtiment,31,50°35'18''N,3°6'38''E,48,5884049,30.0,"23,4"
0592290517,08/10/2024,08/11/2024,,Rue François VILLON,Résidence A. FLEMING,,59139,CAUDRY,2827457,oui,,Immeuble,23,50°7'58''N,3°24'16''E,119,555371,100.0,"21,3"
0592290517,08/10/2024,08/11/2024,,Rue François VILLON,Résidence A. FLEMING,,59139,CAUDRY,2827457,oui,,Immeuble,23,50°7'58''N,3°24'16''E,119,555375,270.0,"21,3"
0592290517,08/10/2024,08/11/2024,,Rue François VILLON,Résidence A. FLEMING,,59139,CAUDRY,2827457,oui,,Immeuble,23,50°7'58''N,3°24'16''E,119,555373,180.0,"21,3"
0592290517,08/10/2024,08/11/2024,,Rue François VILLON,Résidence A. FLEMING,,59139,CAUDRY,2827457,oui,,Immeuble,23,50°7'58''N,3°24'16''E,119,8727821,270.0,"22,8"
0592290517,08/10/2024,08/11/2024,,Rue François VILLON,Résidence A. FLEMING,,59139,CAUDRY,2827457,oui,,Immeuble,23,50°7'58''N,3°24'16''E,119,8727819,180.0,"22,8"
0592290517,08/10/2024,08/11/2024,,Rue François VILLON,Résidence A. FLEMING,,59139,CAUDRY,2827457,oui,,Immeuble,23,50°7'58''N,3°24'16''E,119,8727817,100.0,"22,8"
0592290516,28/09/2024,31/10/2024,,9001 Av. de Jussieu,Tour du Fer à Cheval,,59512,ROUBAIX,478474,oui,,Immeuble,61,50°40'14''N,3°9'15''E,26,555383,30.0,48
0592290516,28/09/2024,31/10/2024,,9001 Av. de Jussieu,Tour du Fer à Cheval,,59512,ROUBAIX,478474,oui,,Immeuble,61,50°40'14''N,3°9'15''E,26,555387,270.0,48
0592290516,28/09/2024,31/10/2024,,9001 Av. de Jussieu,Tour du Fer à Cheval,,59512,ROUBAIX,478474,oui,,Immeuble,61,50°40'14''N,3°9'15''E,26,555385,150.0,48
0592290516,28/09/2024,31/10/2024,,9001 Av. de Jussieu,Tour du Fer à Cheval,,59512,ROUBAIX,478474,oui,,Immeuble,61,50°40'14''N,3°9'15''E,26,6841329,30.0,"49,4"
0592290516,28/09/2024,31/10/2024,,9001 Av. de Jussieu,Tour du Fer à Cheval,,59512,ROUBAIX,478474,oui,,Immeuble,61,50°40'14''N,3°9'15''E,26,6841331,150.0,"49,4"
0592290516,28/09/2024,31/10/2024,,9001 Av. de Jussieu,Tour du Fer à Cheval,,59512,ROUBAIX,478474,oui,,Immeuble,61,50°40'14''N,3°9'15''E,26,6841333,270.0,"49,4"
0592290515,03/06/2025,04/07/2025,,1 R CONSTANTINE,Résidence Pré Catelan,,59368,LA MADELEINE,2052512,oui,,Immeuble,22,50°39'15''N,3°3'33''E,21,555379,150.0,"19,7"
0592290515,03/06/2025,04/07/2025,,1 R CONSTANTINE,Résidence Pré Catelan,,59368,LA MADELEINE,2052512,oui,,Immeuble,22,50°39'15''N,3°3'33''E,21,555377,30.0,"19,7"
0592290515,03/06/2025,04/07/2025,,1 R CONSTANTINE,Résidence Pré Catelan,,59368,LA MADELEINE,2052512,oui,,Immeuble,22,50°39'15''N,3°3'33''E,21,555381,270.0,"19,7"
0592290501,20/12/2024,17/01/2025,,pl andré bordeu,,,59654,WAZIERS,796693,non,,Bâtiment,29,50°23'10''N,3°6'33''E,24,1716538,30.0,"25,6"
0592290501,20/12/2024,17/01/2025,,pl andré bordeu,,,59654,WAZIERS,796693,non,,Bâtiment,29,50°23'10''N,3°6'33''E,24,1716542,270.0,"25,6"
0592290501,20/12/2024,17/01/2025,,pl andré bordeu,,,59654,WAZIERS,796693,non,,Bâtiment,29,50°23'10''N,3°6'33''E,24,1716540,150.0,"25,6"
0592290501,20/12/2024,17/01/2025,,pl andré bordeu,,,59654,WAZIERS,796693,non,,Bâtiment,29,50°23'10''N,3°6'33''E,24,8111863,270.0,"27,1"
0592290501,20/12/2024,17/01/2025,,pl andré bordeu,,,59654,WAZIERS,796693,non,,Bâtiment,29,50°23'10''N,3°6'33''E,24,8111859,30.0,"27,1"
0592290501,20/12/2024,17/01/2025,,pl andré bordeu,,,59654,WAZIERS,796693,non,,Bâtiment,29,50°23'10''N,3°6'33''E,24,8111861,150.0,"27,1"
0592290500,08/10/2024,08/11/2024,,pl du général de gaulle,Hôtel Bellevue,,59350,LILLE,278368,non,,Bâtiment,28,50°38'12''N,3°3'45''E,20,1656529,150.0,"19,4"
0592290500,08/10/2024,08/11/2024,,pl du général de gaulle,Hôtel Bellevue,,59350,LILLE,278368,non,,Bâtiment,28,50°38'12''N,3°3'45''E,20,1656531,270.0,"22,9"
0592290500,08/10/2024,08/11/2024,,pl du général de gaulle,Hôtel Bellevue,,59350,LILLE,278368,non,,Bâtiment,28,50°38'12''N,3°3'45''E,20,1656527,30.0,"22,9"
0592290500,08/10/2024,08/11/2024,,pl du général de gaulle,Hôtel Bellevue,,59350,LILLE,278368,non,,Bâtiment,28,50°38'12''N,3°3'45''E,20,8401028,150.0,"20,9"
0592290500,08/10/2024,08/11/2024,,pl du général de gaulle,Hôtel Bellevue,,59350,LILLE,278368,non,,Bâtiment,28,50°38'12''N,3°3'45''E,20,8401030,270.0,"24,4"
0592290500,08/10/2024,08/11/2024,,pl du général de gaulle,Hôtel Bellevue,,59350,LILLE,278368,non,,Bâtiment,28,50°38'12''N,3°3'45''E,20,8401026,30.0,"24,4"
0592290497,16/07/2025,18/08/2025,,75 r léon gambetta,Hotel Holliday Inn,59800 LILLE,59350,LILLE,635595,non,,Bâtiment,31,50°37'50''N,3°3'30''E,21,532983,30.0,"27,9"
0592290497,16/07/2025,18/08/2025,,75 r léon gambetta,Hotel Holliday Inn,59800 LILLE,59350,LILLE,635595,non,,Bâtiment,31,50°37'50''N,3°3'30''E,21,532987,270.0,"27,9"
0592290497,16/07/2025,18/08/2025,,75 r léon gambetta,Hotel Holliday Inn,59800 LILLE,59350,LILLE,635595,non,,Bâtiment,31,50°37'50''N,3°3'30''E,21,532985,150.0,"27,9"
0592290497,16/07/2025,18/08/2025,,75 r léon gambetta,Hotel Holliday Inn,59800 LILLE,59350,LILLE,635595,non,,Bâtiment,31,50°37'50''N,3°3'30''E,21,5433208,270.0,30
0592290497,16/07/2025,18/08/2025,,75 r léon gambetta,Hotel Holliday Inn,59800 LILLE,59350,LILLE,635595,non,,Bâtiment,31,50°37'50''N,3°3'30''E,21,5433206,150.0,30
0592290497,16/07/2025,18/08/2025,,75 r léon gambetta,Hotel Holliday Inn,59800 LILLE,59350,LILLE,635595,non,,Bâtiment,31,50°37'50''N,3°3'30''E,21,5433204,30.0,30
0592290496,08/08/2025,05/09/2025,L'Epine,"5, imp des rosiers",,,59350,LILLE,635591,oui,,Immeuble,27,50°37'10''N,3°6'15''E,33,530112,240.0,"25,3"
0592290496,08/08/2025,05/09/2025,L'Epine,"5, imp des rosiers",,,59350,LILLE,635591,oui,,Immeuble,27,50°37'10''N,3°6'15''E,33,530108,0.0,"25,3"
0592290496,08/08/2025,05/09/2025,L'Epine,"5, imp des rosiers",,,59350,LILLE,635591,oui,,Immeuble,27,50°37'10''N,3°6'15''E,33,530110,120.0,"25,3"
0592290496,08/08/2025,05/09/2025,L'Epine,"5, imp des rosiers",,,59350,LILLE,635591,oui,,Immeuble,27,50°37'10''N,3°6'15''E,33,5803558,0.0,"24,4"
0592290496,08/08/2025,05/09/2025,L'Epine,"5, imp des rosiers",,,59350,LILLE,635591,oui,,Immeuble,27,50°37'10''N,3°6'15''E,33,5803562,240.0,"24,4"
0592290496,08/08/2025,05/09/2025,L'Epine,"5, imp des rosiers",,,59350,LILLE,635591,oui,,Immeuble,27,50°37'10''N,3°6'15''E,33,5803560,120.0,"24,4"
0592290490,28/09/2024,31/10/2024,,1 r geoges potié,bd  de la république,,59360,LOOS,795968,oui,,Bâtiment,26,50°36'51''N,3°0'31''E,22,516290,30.0,"22,5"
0592290490,28/09/2024,31/10/2024,,1 r geoges potié,bd  de la république,,59360,LOOS,795968,oui,,Bâtiment,26,50°36'51''N,3°0'31''E,22,516292,150.0,"22,5"
0592290490,28/09/2024,31/10/2024,,1 r geoges potié,bd  de la république,,59360,LOOS,795968,oui,,Bâtiment,26,50°36'51''N,3°0'31''E,22,516294,270.0,"22,5"
0592290490,28/09/2024,31/10/2024,,1 r geoges potié,bd  de la république,,59360,LOOS,795968,oui,,Bâtiment,26,50°36'51''N,3°0'31''E,22,5814512,150.0,"24,5"
0592290490,28/09/2024,31/10/2024,,1 r geoges potié,bd  de la république,,59360,LOOS,795968,oui,,Bâtiment,26,50°36'51''N,3°0'31''E,22,5814510,30.0,"24,5"
0592290490,28/09/2024,31/10/2024,,1 r geoges potié,bd  de la république,,59360,LOOS,795968,oui,,Bâtiment,26,50°36'51''N,3°0'31''E,22,5814514,270.0,"24,5"
0592290488,28/09/2024,31/10/2024,,av paul vansteekiste,Résidence Bellevue,,59508,RONCQ,806089,oui,,Immeuble,25,50°45'24''N,3°7'7''E,36,513007,295.0,20
0592290488,28/09/2024,31/10/2024,,av paul vansteekiste,Résidence Bellevue,,59508,RONCQ,806089,oui,,Immeuble,25,50°45'24''N,3°7'7''E,36,7994044,295.0,"21,4"
0592290488,28/09/2024,31/10/2024,,av paul vansteekiste,Résidence Bellevue,,59508,RONCQ,806089,oui,,Immeuble,25,50°45'24''N,3°7'7''E,36,513005,150.0,20
0592290488,28/09/2024,31/10/2024,,av paul vansteekiste,Résidence Bellevue,,59508,RONCQ,806089,oui,,Immeuble,25,50°45'24''N,3°7'7''E,36,513003,30.0,20
0592290488,28/09/2024,31/10/2024,,av paul vansteekiste,Résidence Bellevue,,59508,RONCQ,806089,oui,,Immeuble,25,50°45'24''N,3°7'7''E,36,7994040,30.0,"21,4"
0592290488,28/09/2024,31/10/2024,,av paul vansteekiste,Résidence Bellevue,,59508,RONCQ,806089,oui,,Immeuble,25,50°45'24''N,3°7'7''E,36,7994042,150.0,"21,4"
0592290483,21/12/2024,24/01/2025,,12/17/21 r salvador allende,,,59271,GRANDE-SYNTHE,514793,oui,,Immeuble,36,51°0'56''N,2°18'28''E,3,508545,270.0,"35,7"
0592290483,21/12/2024,24/01/2025,,12/17/21 r salvador allende,,,59271,GRANDE-SYNTHE,514793,oui,,Immeuble,36,51°0'56''N,2°18'28''E,3,508541,60.0,"35,7"
0592290483,21/12/2024,24/01/2025,,12/17/21 r salvador allende,,,59271,GRANDE-SYNTHE,514793,oui,,Immeuble,36,51°0'56''N,2°18'28''E,3,508543,150.0,"35,7"
0592290483,21/12/2024,24/01/2025,,12/17/21 r salvador allende,,,59271,GRANDE-SYNTHE,514793,oui,,Immeuble,36,51°0'56''N,2°18'28''E,3,7645325,60.0,"34,7"
0592290483,21/12/2024,24/01/2025,,12/17/21 r salvador allende,,,59271,GRANDE-SYNTHE,514793,oui,,Immeuble,36,51°0'56''N,2°18'28''E,3,7645329,270.0,"34,7"
0592290483,21/12/2024,24/01/2025,,12/17/21 r salvador allende,,,59271,GRANDE-SYNTHE,514793,oui,,Immeuble,36,51°0'56''N,2°18'28''E,3,7645327,150.0,"34,7"
0592290477,28/09/2024,31/10/2024,,5 AV DU MARECHAL DE LATTRE DE TASSIGNY,HLM Bertrand,,59507,RONCHIN,586385,oui,,Immeuble,42,50°36'0''N,3°5'37''E,43,499037,30.0,"34,2"
0592290477,28/09/2024,31/10/2024,,5 AV DU MARECHAL DE LATTRE DE TASSIGNY,HLM Bertrand,,59507,RONCHIN,586385,oui,,Immeuble,42,50°36'0''N,3°5'37''E,43,499041,240.0,"34,2"
0592290477,28/09/2024,31/10/2024,,5 AV DU MARECHAL DE LATTRE DE TASSIGNY,HLM Bertrand,,59507,RONCHIN,586385,oui,,Immeuble,42,50°36'0''N,3°5'37''E,43,499039,150.0,"34,2"
0592290477,28/09/2024,31/10/2024,,5 AV DU MARECHAL DE LATTRE DE TASSIGNY,HLM Bertrand,,59507,RONCHIN,586385,oui,,Immeuble,42,50°36'0''N,3°5'37''E,43,2997241,30.0,"34,9"
0592290477,28/09/2024,31/10/2024,,5 AV DU MARECHAL DE LATTRE DE TASSIGNY,HLM Bertrand,,59507,RONCHIN,586385,oui,,Immeuble,42,50°36'0''N,3°5'37''E,43,2997243,150.0,"34,9"
0592290477,28/09/2024,31/10/2024,,5 AV DU MARECHAL DE LATTRE DE TASSIGNY,HLM Bertrand,,59507,RONCHIN,586385,oui,,Immeuble,42,50°36'0''N,3°5'37''E,43,2997245,240.0,"34,9"
0592290467,24/12/2024,24/01/2025,,av kalisz,Résidence Picardie,,59291,HAUTMONT,267326,non,,Immeuble,"23,4",50°14'41''N,3°55'40''E,167,491185,120.0,16
0592290467,24/12/2024,24/01/2025,,av kalisz,Résidence Picardie,,59291,HAUTMONT,267326,non,,Immeuble,"23,4",50°14'41''N,3°55'40''E,167,491187,240.0,16
0592290467,24/12/2024,24/01/2025,,av kalisz,Résidence Picardie,,59291,HAUTMONT,267326,non,,Immeuble,"23,4",50°14'41''N,3°55'40''E,167,491189,0.0,16
0592290467,24/12/2024,24/01/2025,,av kalisz,Résidence Picardie,,59291,HAUTMONT,267326,non,,Immeuble,"23,4",50°14'41''N,3°55'40''E,167,7403525,240.0,17
0592290467,24/12/2024,24/01/2025,,av kalisz,Résidence Picardie,,59291,HAUTMONT,267326,non,,Immeuble,"23,4",50°14'41''N,3°55'40''E,167,7403523,120.0,17
0592290467,24/12/2024,24/01/2025,,av kalisz,Résidence Picardie,,59291,HAUTMONT,267326,non,,Immeuble,"23,4",50°14'41''N,3°55'40''E,167,7403527,0.0,17
0592290465,18/07/2024,19/08/2024,,1 pl Vauban,,,59410,MONS-EN-BAROEUL,1878465,oui,,Immeuble,61,50°38'15''N,3°6'40''E,30,2163535,150.0,"60,3"
0592290465,18/07/2024,19/08/2024,,1 pl Vauban,,,59410,MONS-EN-BAROEUL,1878465,oui,,Immeuble,61,50°38'15''N,3°6'40''E,30,2163537,270.0,"60,3"
0592290465,18/07/2024,19/08/2024,,1 pl Vauban,,,59410,MONS-EN-BAROEUL,1878465,oui,,Immeuble,61,50°38'15''N,3°6'40''E,30,491179,30.0,"60,9"
0592290465,18/07/2024,19/08/2024,,1 pl Vauban,,,59410,MONS-EN-BAROEUL,1878465,oui,,Immeuble,61,50°38'15''N,3°6'40''E,30,2163533,30.0,"60,3"
0592290465,18/07/2024,19/08/2024,,1 pl Vauban,,,59410,MONS-EN-BAROEUL,1878465,oui,,Immeuble,61,50°38'15''N,3°6'40''E,30,491183,270.0,"60,9"
0592290465,18/07/2024,19/08/2024,,1 pl Vauban,,,59410,MONS-EN-BAROEUL,1878465,oui,,Immeuble,61,50°38'15''N,3°6'40''E,30,491181,150.0,"60,9"
0592290463,28/09/2024,31/10/2024,,R des Glaïeuls,,,59279,HALLUIN,806205,oui,,Immeuble,37,50°46'46.166''N,3°6'52.844''E,17,779042,150.0,"29,9"
0592290463,28/09/2024,31/10/2024,,R des Glaïeuls,,,59279,HALLUIN,806205,oui,,Immeuble,37,50°46'46.166''N,3°6'52.844''E,17,779040,30.0,"33,6"
0592290463,28/09/2024,31/10/2024,,R des Glaïeuls,,,59279,HALLUIN,806205,oui,,Immeuble,37,50°46'46.166''N,3°6'52.844''E,17,779044,270.0,"33,6"
0592290463,28/09/2024,31/10/2024,,R des Glaïeuls,,,59279,HALLUIN,806205,oui,,Immeuble,37,50°46'46.166''N,3°6'52.844''E,17,8068603,270.0,"35,2"
0592290463,28/09/2024,31/10/2024,,R des Glaïeuls,,,59279,HALLUIN,806205,oui,,Immeuble,37,50°46'46.166''N,3°6'52.844''E,17,8068601,150.0,"31,4"
0592290463,28/09/2024,31/10/2024,,R des Glaïeuls,,,59279,HALLUIN,806205,oui,,Immeuble,37,50°46'46.166''N,3°6'52.844''E,17,8068599,30.0,"35,2"
0592290462,15/07/2025,18/08/2025,,100 r pierre dubois,,,59178,DOUAI,806203,oui,,Bâtiment,"24,7",50°22'28''N,3°5'11''E,26,723503,10.0,"20,3"
0592290462,15/07/2025,18/08/2025,,100 r pierre dubois,,,59178,DOUAI,806203,oui,,Bâtiment,"24,7",50°22'28''N,3°5'11''E,26,723507,230.0,"20,3"
0592290462,15/07/2025,18/08/2025,,100 r pierre dubois,,,59178,DOUAI,806203,oui,,Bâtiment,"24,7",50°22'28''N,3°5'11''E,26,723505,120.0,"20,3"
0592290462,15/07/2025,18/08/2025,,100 r pierre dubois,,,59178,DOUAI,806203,oui,,Bâtiment,"24,7",50°22'28''N,3°5'11''E,26,2578142,10.0,"20,7"
0592290462,15/07/2025,18/08/2025,,100 r pierre dubois,,,59178,DOUAI,806203,oui,,Bâtiment,"24,7",50°22'28''N,3°5'11''E,26,2578144,120.0,"20,7"
0592290462,15/07/2025,18/08/2025,,100 r pierre dubois,,,59178,DOUAI,806203,oui,,Bâtiment,"24,7",50°22'28''N,3°5'11''E,26,2578146,230.0,"20,7"
0592290448,20/12/2024,17/01/2025,,3-9 r victor hugo,Résidence Victor Hugo,,59131,CAPPELLE-LA-GRANDE,1734352,oui,,Immeuble,"15,2",50°59'54''N,2°23'3''E,1,458701,150.0,"13,6"
0592290448,20/12/2024,17/01/2025,,3-9 r victor hugo,Résidence Victor Hugo,,59131,CAPPELLE-LA-GRANDE,1734352,oui,,Immeuble,"15,2",50°59'54''N,2°23'3''E,1,458699,15.0,"13,6"
0592290448,20/12/2024,17/01/2025,,3-9 r victor hugo,Résidence Victor Hugo,,59131,CAPPELLE-LA-GRANDE,1734352,oui,,Immeuble,"15,2",50°59'54''N,2°23'3''E,1,458703,270.0,"13,6"
0592290448,20/12/2024,17/01/2025,,3-9 r victor hugo,Résidence Victor Hugo,,59131,CAPPELLE-LA-GRANDE,1734352,oui,,Immeuble,"15,2",50°59'54''N,2°23'3''E,1,3215637,15.0,"14,7"
0592290448,20/12/2024,17/01/2025,,3-9 r victor hugo,Résidence Victor Hugo,,59131,CAPPELLE-LA-GRANDE,1734352,oui,,Immeuble,"15,2",50°59'54''N,2°23'3''E,1,3215641,270.0,"14,7"
0592290448,20/12/2024,17/01/2025,,3-9 r victor hugo,Résidence Victor Hugo,,59131,CAPPELLE-LA-GRANDE,1734352,oui,,Immeuble,"15,2",50°59'54''N,2°23'3''E,1,3215639,150.0,"14,7"
0592290443,20/12/2024,17/01/2025,,r du Ventoux,Chaussée de l'Hôtel de ville,Immeuble LMH,59009,VILLENEUVE-D'ASCQ,722875,non,,Immeuble,23,50°37'8''N,3°7'55''E,33,445296,230.0,"21,9"
0592290443,20/12/2024,17/01/2025,,r du Ventoux,Chaussée de l'Hôtel de ville,Immeuble LMH,59009,VILLENEUVE-D'ASCQ,722875,non,,Immeuble,23,50°37'8''N,3°7'55''E,33,9106002,230.0,"22,5"
0592290442,26/09/2024,25/10/2024,,1 r des coulons,,,59599,TOURCOING,703351,non,,Immeuble,23,50°43'24''N,3°8'51''E,47,437457,150.0,"21,5"
0592290442,26/09/2024,25/10/2024,,1 r des coulons,,,59599,TOURCOING,703351,non,,Immeuble,23,50°43'24''N,3°8'51''E,47,2508109,30.0,23
0592290442,26/09/2024,25/10/2024,,1 r des coulons,,,59599,TOURCOING,703351,non,,Immeuble,23,50°43'24''N,3°8'51''E,47,437455,30.0,"21,5"
0592290442,26/09/2024,25/10/2024,,1 r des coulons,,,59599,TOURCOING,703351,non,,Immeuble,23,50°43'24''N,3°8'51''E,47,437459,270.0,"21,5"
0592290442,26/09/2024,25/10/2024,,1 r des coulons,,,59599,TOURCOING,703351,non,,Immeuble,23,50°43'24''N,3°8'51''E,47,2508113,270.0,23
0592290442,26/09/2024,25/10/2024,,1 r des coulons,,,59599,TOURCOING,703351,non,,Immeuble,23,50°43'24''N,3°8'51''E,47,2508111,150.0,23
0592290441,28/09/2024,31/10/2024,,105 r d'anor,Résidence HLM de Tourcoing,,59599,TOURCOING,1870229,oui,,Immeuble,"20,5",50°43'28''N,3°8'14''E,34,437461,30.0,"18,3"
0592290441,28/09/2024,31/10/2024,,105 r d'anor,Résidence HLM de Tourcoing,,59599,TOURCOING,1870229,oui,,Immeuble,"20,5",50°43'28''N,3°8'14''E,34,437463,150.0,"18,3"
0592290441,28/09/2024,31/10/2024,,105 r d'anor,Résidence HLM de Tourcoing,,59599,TOURCOING,1870229,oui,,Immeuble,"20,5",50°43'28''N,3°8'14''E,34,437465,270.0,"18,3"
0592290441,28/09/2024,31/10/2024,,105 r d'anor,Résidence HLM de Tourcoing,,59599,TOURCOING,1870229,oui,,Immeuble,"20,5",50°43'28''N,3°8'14''E,34,6931991,30.0,"20,1"
0592290441,28/09/2024,31/10/2024,,105 r d'anor,Résidence HLM de Tourcoing,,59599,TOURCOING,1870229,oui,,Immeuble,"20,5",50°43'28''N,3°8'14''E,34,6931993,150.0,"20,1"
0592290441,28/09/2024,31/10/2024,,105 r d'anor,Résidence HLM de Tourcoing,,59599,TOURCOING,1870229,oui,,Immeuble,"20,5",50°43'28''N,3°8'14''E,34,6931995,270.0,"20,1"
0592290435,20/11/2024,20/12/2024,,r d' auvergne,,,59410,MONS-EN-BAROEUL,806100,non,,Immeuble,27,50°38'49''N,3°6'43''E,42,423860,150.0,"26,6"
0592290435,20/11/2024,20/12/2024,,r d' auvergne,,,59410,MONS-EN-BAROEUL,806100,non,,Immeuble,27,50°38'49''N,3°6'43''E,42,423858,30.0,"26,6"
0592290435,20/11/2024,20/12/2024,,r d' auvergne,,,59410,MONS-EN-BAROEUL,806100,non,,Immeuble,27,50°38'49''N,3°6'43''E,42,423862,260.0,"26,6"
0592290435,20/11/2024,20/12/2024,,r d' auvergne,,,59410,MONS-EN-BAROEUL,806100,non,,Immeuble,27,50°38'49''N,3°6'43''E,42,5803882,150.0,"26,8"
0592290435,20/11/2024,20/12/2024,,r d' auvergne,,,59410,MONS-EN-BAROEUL,806100,non,,Immeuble,27,50°38'49''N,3°6'43''E,42,5803884,260.0,"26,8"
0592290435,20/11/2024,20/12/2024,,r d' auvergne,,,59410,MONS-EN-BAROEUL,806100,non,,Immeuble,27,50°38'49''N,3°6'43''E,42,5803880,30.0,"26,8"
0592290433,30/09/2024,31/10/2024,,53 r Van Dyck ,,,59512,ROUBAIX,805717,non,,Immeuble,24,50°40'22''N,3°11'14''E,34,6832918,210.0,"20,5"
0592290433,30/09/2024,31/10/2024,,53 r Van Dyck ,,,59512,ROUBAIX,805717,non,,Immeuble,24,50°40'22''N,3°11'14''E,34,709478,90.0,"19,2"
0592290433,30/09/2024,31/10/2024,,53 r Van Dyck ,,,59512,ROUBAIX,805717,non,,Immeuble,24,50°40'22''N,3°11'14''E,34,709480,210.0,"19,2"
0592290433,30/09/2024,31/10/2024,,53 r Van Dyck ,,,59512,ROUBAIX,805717,non,,Immeuble,24,50°40'22''N,3°11'14''E,34,709482,330.0,"19,2"
0592290433,30/09/2024,31/10/2024,,53 r Van Dyck ,,,59512,ROUBAIX,805717,non,,Immeuble,24,50°40'22''N,3°11'14''E,34,6832916,90.0,"20,5"
0592290433,30/09/2024,31/10/2024,,53 r Van Dyck ,,,59512,ROUBAIX,805717,non,,Immeuble,24,50°40'22''N,3°11'14''E,34,6832920,330.0,"20,5"
0592290431,06/05/2025,06/06/2025,,pl Edouard Roussel,all des Saules,74c rue de la Perche,59512,ROUBAIX,805711,oui,,Immeuble,40,50°41'14''N,3°9'47''E,40,458693,30.0,"32,9"
0592290431,06/05/2025,06/06/2025,,pl Edouard Roussel,all des Saules,74c rue de la Perche,59512,ROUBAIX,805711,oui,,Immeuble,40,50°41'14''N,3°9'47''E,40,458695,150.0,"32,9"
0592290431,06/05/2025,06/06/2025,,pl Edouard Roussel,all des Saules,74c rue de la Perche,59512,ROUBAIX,805711,oui,,Immeuble,40,50°41'14''N,3°9'47''E,40,458697,240.0,"32,9"
0592290425,23/07/2025,22/08/2025,,389 Av de Dunkerque,,,59350,LILLE,635589,oui,,Immeuble,21,50°38'31''N,3°1'2''E,21,390191,120.0,"16,3"
0592290425,23/07/2025,22/08/2025,,389 Av de Dunkerque,,,59350,LILLE,635589,oui,,Immeuble,21,50°38'31''N,3°1'2''E,21,390193,240.0,"16,3"
0592290425,23/07/2025,22/08/2025,,389 Av de Dunkerque,,,59350,LILLE,635589,oui,,Immeuble,21,50°38'31''N,3°1'2''E,21,390195,0.0,"16,3"
0592290425,23/07/2025,22/08/2025,,389 Av de Dunkerque,,,59350,LILLE,635589,oui,,Immeuble,21,50°38'31''N,3°1'2''E,21,5840509,0.0,"17,8"
0592290425,23/07/2025,22/08/2025,,389 Av de Dunkerque,,,59350,LILLE,635589,oui,,Immeuble,21,50°38'31''N,3°1'2''E,21,5840507,240.0,"17,8"
0592290425,23/07/2025,22/08/2025,,389 Av de Dunkerque,,,59350,LILLE,635589,oui,,Immeuble,21,50°38'31''N,3°1'2''E,21,5840505,120.0,"17,8"
0592290419,30/06/2025,04/08/2025,,26 r d angleterre,,,59350,LILLE,635583,non,,Immeuble,20,50°38'29''N,3°3'35''E,20,388582,230.0,"16,7"
0592290419,30/06/2025,04/08/2025,,26 r d angleterre,,,59350,LILLE,635583,non,,Immeuble,20,50°38'29''N,3°3'35''E,20,388580,130.0,"16,7"
0592290419,30/06/2025,04/08/2025,,26 r d angleterre,,,59350,LILLE,635583,non,,Immeuble,20,50°38'29''N,3°3'35''E,20,7135586,230.0,"17,2"
0592290419,30/06/2025,04/08/2025,,26 r d angleterre,,,59350,LILLE,635583,non,,Immeuble,20,50°38'29''N,3°3'35''E,20,388578,30.0,"16,7"
0592290419,30/06/2025,04/08/2025,,26 r d angleterre,,,59350,LILLE,635583,non,,Immeuble,20,50°38'29''N,3°3'35''E,20,7135584,130.0,"17,2"
0592290419,30/06/2025,04/08/2025,,26 r d angleterre,,,59350,LILLE,635583,non,,Immeuble,20,50°38'29''N,3°3'35''E,20,7135582,30.0,"17,2"
0592290418,21/12/2024,24/01/2025,,1 r de la libération,Résidence LOGIS Le Val de Lys,,59279,HALLUIN,436646,oui,,Immeuble,23,50°46'55''N,3°7'37''E,26,1711364,50.0,"15,5"
0592290418,21/12/2024,24/01/2025,,1 r de la libération,Résidence LOGIS Le Val de Lys,,59279,HALLUIN,436646,oui,,Immeuble,23,50°46'55''N,3°7'37''E,26,1711366,150.0,"15,5"
0592290418,21/12/2024,24/01/2025,,1 r de la libération,Résidence LOGIS Le Val de Lys,,59279,HALLUIN,436646,oui,,Immeuble,23,50°46'55''N,3°7'37''E,26,1711368,270.0,"15,5"
0592290418,21/12/2024,24/01/2025,,1 r de la libération,Résidence LOGIS Le Val de Lys,,59279,HALLUIN,436646,oui,,Immeuble,23,50°46'55''N,3°7'37''E,26,9204174,150.0,"16,7"
0592290418,21/12/2024,24/01/2025,,1 r de la libération,Résidence LOGIS Le Val de Lys,,59279,HALLUIN,436646,oui,,Immeuble,23,50°46'55''N,3°7'37''E,26,9204172,50.0,"16,7"
0592290418,21/12/2024,24/01/2025,,1 r de la libération,Résidence LOGIS Le Val de Lys,,59279,HALLUIN,436646,oui,,Immeuble,23,50°46'55''N,3°7'37''E,26,9204176,270.0,"16,7"
0592290416,28/09/2024,31/10/2024,,23 R Blanchemaille,Rés L'Avocat,,59512,ROUBAIX,805628,oui,,Immeuble,22,50°41'43''N,3°9'56''E,39,809315,60.0,"20,4"
0592290416,28/09/2024,31/10/2024,,23 R Blanchemaille,Rés L'Avocat,,59512,ROUBAIX,805628,oui,,Immeuble,22,50°41'43''N,3°9'56''E,39,809319,310.0,"20,4"
0592290416,28/09/2024,31/10/2024,,23 R Blanchemaille,Rés L'Avocat,,59512,ROUBAIX,805628,oui,,Immeuble,22,50°41'43''N,3°9'56''E,39,6934516,60.0,"21,7"
0592290416,28/09/2024,31/10/2024,,23 R Blanchemaille,Rés L'Avocat,,59512,ROUBAIX,805628,oui,,Immeuble,22,50°41'43''N,3°9'56''E,39,809317,180.0,"20,4"
0592290416,28/09/2024,31/10/2024,,23 R Blanchemaille,Rés L'Avocat,,59512,ROUBAIX,805628,oui,,Immeuble,22,50°41'43''N,3°9'56''E,39,6934518,180.0,"21,7"
0592290416,28/09/2024,31/10/2024,,23 R Blanchemaille,Rés L'Avocat,,59512,ROUBAIX,805628,oui,,Immeuble,22,50°41'43''N,3°9'56''E,39,6934520,310.0,"21,7"
0592290400,08/10/2024,08/11/2024,,rue Aristide BRIAND,,,59139,CAUDRY,1559663,oui,,Bâtiment,26,50°7'24''N,3°25'2''E,68,369945,30.0,"24,3"
0592290400,08/10/2024,08/11/2024,,rue Aristide BRIAND,,,59139,CAUDRY,1559663,oui,,Bâtiment,26,50°7'24''N,3°25'2''E,68,369949,270.0,"24,3"
0592290400,08/10/2024,08/11/2024,,rue Aristide BRIAND,,,59139,CAUDRY,1559663,oui,,Bâtiment,26,50°7'24''N,3°25'2''E,68,369947,150.0,"24,3"
0592290400,08/10/2024,08/11/2024,,rue Aristide BRIAND,,,59139,CAUDRY,1559663,oui,,Bâtiment,26,50°7'24''N,3°25'2''E,68,8644001,150.0,"25,8"
0592290400,08/10/2024,08/11/2024,,rue Aristide BRIAND,,,59139,CAUDRY,1559663,oui,,Bâtiment,26,50°7'24''N,3°25'2''E,68,8643999,30.0,"25,8"
0592290400,08/10/2024,08/11/2024,,rue Aristide BRIAND,,,59139,CAUDRY,1559663,oui,,Bâtiment,26,50°7'24''N,3°25'2''E,68,8644003,270.0,"25,8"
0592290398,28/09/2024,31/10/2024,,R des Mésanges,Chardonnerets - Bât. C,,59079,BEUVRAGES,2412828,oui,,Immeuble,37,50°23'2''N,3°30'3''E,28,358471,190.0,"31,8"
0592290398,28/09/2024,31/10/2024,,R des Mésanges,Chardonnerets - Bât. C,,59079,BEUVRAGES,2412828,oui,,Immeuble,37,50°23'2''N,3°30'3''E,28,358469,70.0,"31,8"
0592290398,28/09/2024,31/10/2024,,R des Mésanges,Chardonnerets - Bât. C,,59079,BEUVRAGES,2412828,oui,,Immeuble,37,50°23'2''N,3°30'3''E,28,1229281,300.0,"33,8"
0592290398,28/09/2024,31/10/2024,,R des Mésanges,Chardonnerets - Bât. C,,59079,BEUVRAGES,2412828,oui,,Immeuble,37,50°23'2''N,3°30'3''E,28,358473,300.0,"31,8"
0592290398,28/09/2024,31/10/2024,,R des Mésanges,Chardonnerets - Bât. C,,59079,BEUVRAGES,2412828,oui,,Immeuble,37,50°23'2''N,3°30'3''E,28,1229279,190.0,"33,8"
0592290398,28/09/2024,31/10/2024,,R des Mésanges,Chardonnerets - Bât. C,,59079,BEUVRAGES,2412828,oui,,Immeuble,37,50°23'2''N,3°30'3''E,28,1229277,70.0,"33,8"
0592290397,01/10/2024,31/10/2024,,90 Bd de l'Egalité,OPHLM,,59599,TOURCOING,703347,oui,,Immeuble,27,50°43'48''N,3°10'4''E,38,785170,40.0,"24,2"
0592290397,01/10/2024,31/10/2024,,90 Bd de l'Egalité,OPHLM,,59599,TOURCOING,703347,oui,,Immeuble,27,50°43'48''N,3°10'4''E,38,785174,290.0,"24,2"
0592290397,01/10/2024,31/10/2024,,90 Bd de l'Egalité,OPHLM,,59599,TOURCOING,703347,oui,,Immeuble,27,50°43'48''N,3°10'4''E,38,785172,180.0,"24,2"
0592290397,01/10/2024,31/10/2024,,90 Bd de l'Egalité,OPHLM,,59599,TOURCOING,703347,oui,,Immeuble,27,50°43'48''N,3°10'4''E,38,6586803,180.0,"25,8"
0592290397,01/10/2024,31/10/2024,,90 Bd de l'Egalité,OPHLM,,59599,TOURCOING,703347,oui,,Immeuble,27,50°43'48''N,3°10'4''E,38,6586801,40.0,"25,8"
0592290397,01/10/2024,31/10/2024,,90 Bd de l'Egalité,OPHLM,,59599,TOURCOING,703347,oui,,Immeuble,27,50°43'48''N,3°10'4''E,38,6586805,290.0,"25,8"
0592290395,28/09/2024,31/10/2024,,R DU DR SCHWEITZER,TOUR C,,59512,ROUBAIX,1880513,oui,,Immeuble,28,50°41'24''N,3°11'7''E,27,785164,30.0,"26,9"
0592290395,28/09/2024,31/10/2024,,R DU DR SCHWEITZER,TOUR C,,59512,ROUBAIX,1880513,oui,,Immeuble,28,50°41'24''N,3°11'7''E,27,785166,150.0,"26,9"
0592290395,28/09/2024,31/10/2024,,R DU DR SCHWEITZER,TOUR C,,59512,ROUBAIX,1880513,oui,,Immeuble,28,50°41'24''N,3°11'7''E,27,785168,270.0,"26,9"
0592290395,28/09/2024,31/10/2024,,R DU DR SCHWEITZER,TOUR C,,59512,ROUBAIX,1880513,oui,,Immeuble,28,50°41'24''N,3°11'7''E,27,2913234,270.0,"27,9"
0592290395,28/09/2024,31/10/2024,,R DU DR SCHWEITZER,TOUR C,,59512,ROUBAIX,1880513,oui,,Immeuble,28,50°41'24''N,3°11'7''E,27,2913230,30.0,"27,9"
0592290395,28/09/2024,31/10/2024,,R DU DR SCHWEITZER,TOUR C,,59512,ROUBAIX,1880513,oui,,Immeuble,28,50°41'24''N,3°11'7''E,27,2913232,150.0,"27,9"
0592290394,28/09/2024,31/10/2024,,14-22 R de Tourcoing,Rés de la Fosse aux Chênes,,59512,ROUBAIX,805772,oui,,Bâtiment,23,50°41'59''N,3°10'29''E,37,832784,30.0,22
0592290394,28/09/2024,31/10/2024,,14-22 R de Tourcoing,Rés de la Fosse aux Chênes,,59512,ROUBAIX,805772,oui,,Bâtiment,23,50°41'59''N,3°10'29''E,37,832788,270.0,22
0592290394,28/09/2024,31/10/2024,,14-22 R de Tourcoing,Rés de la Fosse aux Chênes,,59512,ROUBAIX,805772,oui,,Bâtiment,23,50°41'59''N,3°10'29''E,37,7126416,270.0,23
0592290394,28/09/2024,31/10/2024,,14-22 R de Tourcoing,Rés de la Fosse aux Chênes,,59512,ROUBAIX,805772,oui,,Bâtiment,23,50°41'59''N,3°10'29''E,37,7126414,150.0,23
0592290394,28/09/2024,31/10/2024,,14-22 R de Tourcoing,Rés de la Fosse aux Chênes,,59512,ROUBAIX,805772,oui,,Bâtiment,23,50°41'59''N,3°10'29''E,37,832786,150.0,22
0592290394,28/09/2024,31/10/2024,,14-22 R de Tourcoing,Rés de la Fosse aux Chênes,,59512,ROUBAIX,805772,oui,,Bâtiment,23,50°41'59''N,3°10'29''E,37,7126412,30.0,23
0592290393,28/09/2024,31/10/2024,,7 b  r du progrès,,,59014,ANZIN,222715,non,,Immeuble,25,50°22'36''N,3°30'28''E,31,359425,20.0,"17,9"
0592290393,28/09/2024,31/10/2024,,7 b  r du progrès,,,59014,ANZIN,222715,non,,Immeuble,25,50°22'36''N,3°30'28''E,31,359429,270.0,"17,9"
0592290393,28/09/2024,31/10/2024,,7 b  r du progrès,,,59014,ANZIN,222715,non,,Immeuble,25,50°22'36''N,3°30'28''E,31,7705918,270.0,"19,6"
0592290393,28/09/2024,31/10/2024,,7 b  r du progrès,,,59014,ANZIN,222715,non,,Immeuble,25,50°22'36''N,3°30'28''E,31,359427,150.0,"17,9"
0592290393,28/09/2024,31/10/2024,,7 b  r du progrès,,,59014,ANZIN,222715,non,,Immeuble,25,50°22'36''N,3°30'28''E,31,7705914,20.0,"19,6"
0592290393,28/09/2024,31/10/2024,,7 b  r du progrès,,,59014,ANZIN,222715,non,,Immeuble,25,50°22'36''N,3°30'28''E,31,7705916,150.0,"19,6"
0592290391,28/09/2024,31/10/2024,,r Jules Watteuw,res Calmette,,59508,RONCQ,2125778,oui,,Bâtiment,19,50°44'12''N,3°7'11''E,42,1171642,100.0,18
0592290391,28/09/2024,31/10/2024,,r Jules Watteuw,res Calmette,,59508,RONCQ,2125778,oui,,Bâtiment,19,50°44'12''N,3°7'11''E,42,1171646,340.0,18
0592290391,28/09/2024,31/10/2024,,r Jules Watteuw,res Calmette,,59508,RONCQ,2125778,oui,,Bâtiment,19,50°44'12''N,3°7'11''E,42,1171644,250.0,18
0592290391,28/09/2024,31/10/2024,,r Jules Watteuw,res Calmette,,59508,RONCQ,2125778,oui,,Bâtiment,19,50°44'12''N,3°7'11''E,42,2997004,100.0,"18,7"
0592290391,28/09/2024,31/10/2024,,r Jules Watteuw,res Calmette,,59508,RONCQ,2125778,oui,,Bâtiment,19,50°44'12''N,3°7'11''E,42,2997006,250.0,"18,7"
0592290391,28/09/2024,31/10/2024,,r Jules Watteuw,res Calmette,,59508,RONCQ,2125778,oui,,Bâtiment,19,50°44'12''N,3°7'11''E,42,2997008,340.0,"18,7"
0592290375,27/01/2025,28/02/2025,,14 r jeanne maillotte,,,59350,LILLE,639758,oui,,Immeuble,26,50°37'54''N,3°3'48''E,20,359355,170.0,"24,7"
0592290375,27/01/2025,28/02/2025,,14 r jeanne maillotte,,,59350,LILLE,639758,oui,,Immeuble,26,50°37'54''N,3°3'48''E,20,359353,50.0,"24,7"
0592290375,27/01/2025,28/02/2025,,14 r jeanne maillotte,,,59350,LILLE,639758,oui,,Immeuble,26,50°37'54''N,3°3'48''E,20,359357,310.0,"24,7"
0592290375,27/01/2025,28/02/2025,,14 r jeanne maillotte,,,59350,LILLE,639758,oui,,Immeuble,26,50°37'54''N,3°3'48''E,20,5860473,50.0,26
0592290375,27/01/2025,28/02/2025,,14 r jeanne maillotte,,,59350,LILLE,639758,oui,,Immeuble,26,50°37'54''N,3°3'48''E,20,5860475,170.0,26
0592290375,27/01/2025,28/02/2025,,14 r jeanne maillotte,,,59350,LILLE,639758,oui,,Immeuble,26,50°37'54''N,3°3'48''E,20,5860477,310.0,26
0592290371,16/11/2024,20/12/2024,,r st exupery,pl kennedy,imm flandre et artois,59152,COMINES,549255,oui,,Immeuble,27,50°45'32''N,3°0'37''E,17,294074,210.0,"24,9"
0592290371,16/11/2024,20/12/2024,,r st exupery,pl kennedy,imm flandre et artois,59152,COMINES,549255,oui,,Immeuble,27,50°45'32''N,3°0'37''E,17,6288998,320.0,"24,9"
0592290371,16/11/2024,20/12/2024,,r st exupery,pl kennedy,imm flandre et artois,59152,COMINES,549255,oui,,Immeuble,27,50°45'32''N,3°0'37''E,17,294072,90.0,"24,9"
0592290371,16/11/2024,20/12/2024,,r st exupery,pl kennedy,imm flandre et artois,59152,COMINES,549255,oui,,Immeuble,27,50°45'32''N,3°0'37''E,17,8053650,210.0,26
0592290371,16/11/2024,20/12/2024,,r st exupery,pl kennedy,imm flandre et artois,59152,COMINES,549255,oui,,Immeuble,27,50°45'32''N,3°0'37''E,17,8053652,320.0,26
0592290371,16/11/2024,20/12/2024,,r st exupery,pl kennedy,imm flandre et artois,59152,COMINES,549255,oui,,Immeuble,27,50°45'32''N,3°0'37''E,17,8053648,90.0,26
0592290368,21/12/2024,24/01/2025,,23 bd  de la liberte,,,59179,DOUCHY-LES-MINES,805735,oui,,Immeuble,"33,8",50°17'58''N,3°23'31''E,45,2508878,150.0,29
0592290368,21/12/2024,24/01/2025,,23 bd  de la liberte,,,59179,DOUCHY-LES-MINES,805735,oui,,Immeuble,"33,8",50°17'58''N,3°23'31''E,45,288689,150.0,28
0592290368,21/12/2024,24/01/2025,,23 bd  de la liberte,,,59179,DOUCHY-LES-MINES,805735,oui,,Immeuble,"33,8",50°17'58''N,3°23'31''E,45,288687,30.0,28
0592290368,21/12/2024,24/01/2025,,23 bd  de la liberte,,,59179,DOUCHY-LES-MINES,805735,oui,,Immeuble,"33,8",50°17'58''N,3°23'31''E,45,288691,270.0,28
0592290368,21/12/2024,24/01/2025,,23 bd  de la liberte,,,59179,DOUCHY-LES-MINES,805735,oui,,Immeuble,"33,8",50°17'58''N,3°23'31''E,45,2508876,30.0,29
0592290368,21/12/2024,24/01/2025,,23 bd  de la liberte,,,59179,DOUCHY-LES-MINES,805735,oui,,Immeuble,"33,8",50°17'58''N,3°23'31''E,45,2508880,270.0,29
0592290362,28/09/2024,31/10/2024,,4 r leon gambetta,,,59286,HAUBOURDIN,1543122,oui,,Immeuble,"28,4",50°36'36''N,2°58'57''E,22,2913212,0.0,"25,4"
0592290362,28/09/2024,31/10/2024,,4 r leon gambetta,,,59286,HAUBOURDIN,1543122,oui,,Immeuble,"28,4",50°36'36''N,2°58'57''E,22,2913214,150.0,"25,4"
0592290362,28/09/2024,31/10/2024,,4 r leon gambetta,,,59286,HAUBOURDIN,1543122,oui,,Immeuble,"28,4",50°36'36''N,2°58'57''E,22,5792488,260.0,"23,4"
0592290362,28/09/2024,31/10/2024,,4 r leon gambetta,,,59286,HAUBOURDIN,1543122,oui,,Immeuble,"28,4",50°36'36''N,2°58'57''E,22,5792484,0.0,"23,4"
0592290362,28/09/2024,31/10/2024,,4 r leon gambetta,,,59286,HAUBOURDIN,1543122,oui,,Immeuble,"28,4",50°36'36''N,2°58'57''E,22,2913216,260.0,"25,4"
0592290362,28/09/2024,31/10/2024,,4 r leon gambetta,,,59286,HAUBOURDIN,1543122,oui,,Immeuble,"28,4",50°36'36''N,2°58'57''E,22,5792486,150.0,"23,4"
0592290359,20/12/2024,17/01/2025,,29 r eugene jacquet,,,59350,LILLE,633574,oui,,Immeuble,"38,6",50°38'16.517''N,3°5'0.055''E,24,2171110,270.0,"36,4"
0592290359,20/12/2024,17/01/2025,,29 r eugene jacquet,,,59350,LILLE,633574,oui,,Immeuble,"38,6",50°38'16.517''N,3°5'0.055''E,24,264899,150.0,"36,4"
0592290359,20/12/2024,17/01/2025,,29 r eugene jacquet,,,59350,LILLE,633574,oui,,Immeuble,"38,6",50°38'16.517''N,3°5'0.055''E,24,264897,30.0,"36,4"
0592290359,20/12/2024,17/01/2025,,29 r eugene jacquet,,,59350,LILLE,633574,oui,,Immeuble,"38,6",50°38'16.517''N,3°5'0.055''E,24,264901,270.0,"36,4"
0592290359,20/12/2024,17/01/2025,,29 r eugene jacquet,,,59350,LILLE,633574,oui,,Immeuble,"38,6",50°38'16.517''N,3°5'0.055''E,24,2171106,30.0,"36,4"
0592290359,20/12/2024,17/01/2025,,29 r eugene jacquet,,,59350,LILLE,633574,oui,,Immeuble,"38,6",50°38'16.517''N,3°5'0.055''E,24,2171108,150.0,"36,4"
0592290358,13/08/2024,13/09/2024,,33 BOULEVARD DE LA LIBERTE,,,59350,LILLE,1395487,oui,,Immeuble,30,50°38'10''N,3°3'16''E,20,2153996,30.0,"27,8"
0592290358,13/08/2024,13/09/2024,,33 BOULEVARD DE LA LIBERTE,,,59350,LILLE,1395487,oui,,Immeuble,30,50°38'10''N,3°3'16''E,20,256366,30.0,"28,2"
0592290358,13/08/2024,13/09/2024,,33 BOULEVARD DE LA LIBERTE,,,59350,LILLE,1395487,oui,,Immeuble,30,50°38'10''N,3°3'16''E,20,2153998,150.0,"27,8"
0592290358,13/08/2024,13/09/2024,,33 BOULEVARD DE LA LIBERTE,,,59350,LILLE,1395487,oui,,Immeuble,30,50°38'10''N,3°3'16''E,20,256370,230.0,"28,2"
0592290358,13/08/2024,13/09/2024,,33 BOULEVARD DE LA LIBERTE,,,59350,LILLE,1395487,oui,,Immeuble,30,50°38'10''N,3°3'16''E,20,2154000,230.0,"27,8"
0592290358,13/08/2024,13/09/2024,,33 BOULEVARD DE LA LIBERTE,,,59350,LILLE,1395487,oui,,Immeuble,30,50°38'10''N,3°3'16''E,20,256368,150.0,"28,2"
0592290357,21/12/2024,24/01/2025,,4 RUE WATTEAU,,,59560,SECLIN,2169791,oui,,Immeuble,25,50°32'32''N,3°1'29''E,25,2509359,170.0,"24,7"
0592290357,21/12/2024,24/01/2025,,4 RUE WATTEAU,,,59560,SECLIN,2169791,oui,,Immeuble,25,50°32'32''N,3°1'29''E,25,256332,170.0,"23,7"
0592290357,21/12/2024,24/01/2025,,4 RUE WATTEAU,,,59560,SECLIN,2169791,oui,,Immeuble,25,50°32'32''N,3°1'29''E,25,256334,260.0,"23,7"
0592290357,21/12/2024,24/01/2025,,4 RUE WATTEAU,,,59560,SECLIN,2169791,oui,,Immeuble,25,50°32'32''N,3°1'29''E,25,256330,30.0,"23,7"
0592290357,21/12/2024,24/01/2025,,4 RUE WATTEAU,,,59560,SECLIN,2169791,oui,,Immeuble,25,50°32'32''N,3°1'29''E,25,2509361,260.0,"24,7"
0592290357,21/12/2024,24/01/2025,,4 RUE WATTEAU,,,59560,SECLIN,2169791,oui,,Immeuble,25,50°32'32''N,3°1'29''E,25,2509357,30.0,"24,7"
0592290355,14/01/2025,14/02/2025,,"16, 18 R D'AGUESSEAU",,,59350,LILLE,641468,oui,,Immeuble,48,50°37'49''N,3°5'31''E,25,252484,30.0,"33,3"
0592290355,14/01/2025,14/02/2025,,"16, 18 R D'AGUESSEAU",,,59350,LILLE,641468,oui,,Immeuble,48,50°37'49''N,3°5'31''E,25,252486,150.0,"40,7"
0592290355,14/01/2025,14/02/2025,,"16, 18 R D'AGUESSEAU",,,59350,LILLE,641468,oui,,Immeuble,48,50°37'49''N,3°5'31''E,25,252488,290.0,"33,3"
0592290355,14/01/2025,14/02/2025,,"16, 18 R D'AGUESSEAU",,,59350,LILLE,641468,oui,,Immeuble,48,50°37'49''N,3°5'31''E,25,7265107,30.0,"34,5"
0592290355,14/01/2025,14/02/2025,,"16, 18 R D'AGUESSEAU",,,59350,LILLE,641468,oui,,Immeuble,48,50°37'49''N,3°5'31''E,25,7265111,290.0,"34,5"
0592290355,14/01/2025,14/02/2025,,"16, 18 R D'AGUESSEAU",,,59350,LILLE,641468,oui,,Immeuble,48,50°37'49''N,3°5'31''E,25,7265109,150.0,42
0592290351,28/09/2024,31/10/2024,,106 r de la Croix Rouge/r des Piats,Rés des Piats,,59599,TOURCOING,462982,oui,,Immeuble,"32,1",50°43'38''N,3°10'25''E,35,785657,150.0,"28,2"
0592290351,28/09/2024,31/10/2024,,106 r de la Croix Rouge/r des Piats,Rés des Piats,,59599,TOURCOING,462982,oui,,Immeuble,"32,1",50°43'38''N,3°10'25''E,35,785659,270.0,"28,2"
0592290351,28/09/2024,31/10/2024,,106 r de la Croix Rouge/r des Piats,Rés des Piats,,59599,TOURCOING,462982,oui,,Immeuble,"32,1",50°43'38''N,3°10'25''E,35,785655,30.0,"28,2"
0592290351,28/09/2024,31/10/2024,,106 r de la Croix Rouge/r des Piats,Rés des Piats,,59599,TOURCOING,462982,oui,,Immeuble,"32,1",50°43'38''N,3°10'25''E,35,6586796,270.0,"29,2"
0592290351,28/09/2024,31/10/2024,,106 r de la Croix Rouge/r des Piats,Rés des Piats,,59599,TOURCOING,462982,oui,,Immeuble,"32,1",50°43'38''N,3°10'25''E,35,6586792,30.0,"29,2"
0592290351,28/09/2024,31/10/2024,,106 r de la Croix Rouge/r des Piats,Rés des Piats,,59599,TOURCOING,462982,oui,,Immeuble,"32,1",50°43'38''N,3°10'25''E,35,6586794,150.0,"29,2"
0592290350,21/12/2024,24/01/2025,,56 R du Train de Loos,,,59599,TOURCOING,703343,oui,,Immeuble,"30,6",50°43'44''N,3°7'44''E,32,791048,10.0,"27,4"
0592290350,21/12/2024,24/01/2025,,56 R du Train de Loos,,,59599,TOURCOING,703343,oui,,Immeuble,"30,6",50°43'44''N,3°7'44''E,32,791050,130.0,"27,4"
0592290350,21/12/2024,24/01/2025,,56 R du Train de Loos,,,59599,TOURCOING,703343,oui,,Immeuble,"30,6",50°43'44''N,3°7'44''E,32,6888862,250.0,29
0592290350,21/12/2024,24/01/2025,,56 R du Train de Loos,,,59599,TOURCOING,703343,oui,,Immeuble,"30,6",50°43'44''N,3°7'44''E,32,791052,250.0,"27,4"
0592290350,21/12/2024,24/01/2025,,56 R du Train de Loos,,,59599,TOURCOING,703343,oui,,Immeuble,"30,6",50°43'44''N,3°7'44''E,32,6888858,10.0,"29,1"
0592290350,21/12/2024,24/01/2025,,56 R du Train de Loos,,,59599,TOURCOING,703343,oui,,Immeuble,"30,6",50°43'44''N,3°7'44''E,32,6888860,130.0,"29,1"
0592290343,08/10/2024,08/11/2024,,41 r nationale,LE PRINTEMPS,,59350,LILLE,633570,oui,,Immeuble,49,50°38'10''N,3°3'41''E,20,245328,150.0,"37,6"
0592290343,08/10/2024,08/11/2024,,41 r nationale,LE PRINTEMPS,,59350,LILLE,633570,oui,,Immeuble,49,50°38'10''N,3°3'41''E,20,2153293,30.0,"34,4"
0592290343,08/10/2024,08/11/2024,,41 r nationale,LE PRINTEMPS,,59350,LILLE,633570,oui,,Immeuble,49,50°38'10''N,3°3'41''E,20,2153295,270.0,"37,6"
0592290343,08/10/2024,08/11/2024,,41 r nationale,LE PRINTEMPS,,59350,LILLE,633570,oui,,Immeuble,49,50°38'10''N,3°3'41''E,20,8782302,270.0,"38,5"
0592290343,08/10/2024,08/11/2024,,41 r nationale,LE PRINTEMPS,,59350,LILLE,633570,oui,,Immeuble,49,50°38'10''N,3°3'41''E,20,245326,30.0,"44,5"
0592290343,08/10/2024,08/11/2024,,41 r nationale,LE PRINTEMPS,,59350,LILLE,633570,oui,,Immeuble,49,50°38'10''N,3°3'41''E,20,8782298,30.0,"35,2"
0592290343,08/10/2024,08/11/2024,,41 r nationale,LE PRINTEMPS,,59350,LILLE,633570,oui,,Immeuble,49,50°38'10''N,3°3'41''E,20,8782300,150.0,"38,5"
0592290339,07/03/2025,11/04/2025,,2 r aristide briand,,,59378,MARCQ-EN-BAROEUL,806344,non,,Immeuble,34,50°39'51''N,3°5'55''E,23,727943,150.0,"30,6"
0592290339,07/03/2025,11/04/2025,,2 r aristide briand,,,59378,MARCQ-EN-BAROEUL,806344,non,,Immeuble,34,50°39'51''N,3°5'55''E,23,727941,30.0,"30,6"
0592290339,07/03/2025,11/04/2025,,2 r aristide briand,,,59378,MARCQ-EN-BAROEUL,806344,non,,Immeuble,34,50°39'51''N,3°5'55''E,23,2131064,30.0,"31,6"
0592290339,07/03/2025,11/04/2025,,2 r aristide briand,,,59378,MARCQ-EN-BAROEUL,806344,non,,Immeuble,34,50°39'51''N,3°5'55''E,23,2131066,150.0,"31,6"
0592290339,07/03/2025,11/04/2025,,2 r aristide briand,,,59378,MARCQ-EN-BAROEUL,806344,non,,Immeuble,34,50°39'51''N,3°5'55''E,23,727945,270.0,33
0592290339,07/03/2025,11/04/2025,,2 r aristide briand,,,59378,MARCQ-EN-BAROEUL,806344,non,,Immeuble,34,50°39'51''N,3°5'55''E,23,2131068,270.0,"33,8"
0592290337,26/09/2024,25/10/2024,,5 r de la Papeterie,Usine AHLSTROM,,59098,BOUSBECQUE,806336,oui,,Bâtiment,40,50°46'19''N,3°5'6''E,15,75355,180.0,"35,1"
0592290337,26/09/2024,25/10/2024,,5 r de la Papeterie,Usine AHLSTROM,,59098,BOUSBECQUE,806336,oui,,Bâtiment,40,50°46'19''N,3°5'6''E,15,75353,70.0,"35,1"
0592290337,26/09/2024,25/10/2024,,5 r de la Papeterie,Usine AHLSTROM,,59098,BOUSBECQUE,806336,oui,,Bâtiment,40,50°46'19''N,3°5'6''E,15,8058718,70.0,"33,3"
0592290337,26/09/2024,25/10/2024,,5 r de la Papeterie,Usine AHLSTROM,,59098,BOUSBECQUE,806336,oui,,Bâtiment,40,50°46'19''N,3°5'6''E,15,75359,270.0,"35,1"
0592290337,26/09/2024,25/10/2024,,5 r de la Papeterie,Usine AHLSTROM,,59098,BOUSBECQUE,806336,oui,,Bâtiment,40,50°46'19''N,3°5'6''E,15,8058720,180.0,"33,3"
0592290337,26/09/2024,25/10/2024,,5 r de la Papeterie,Usine AHLSTROM,,59098,BOUSBECQUE,806336,oui,,Bâtiment,40,50°46'19''N,3°5'6''E,15,8058722,270.0,"33,3"
0592290331,10/07/2025,08/08/2025,,90 Bd de Metz,,,59350,LILLE,629976,non,,Immeuble,40,50°37'7''N,3°2'46''E,28,735655,270.0,"39,6"
0592290331,10/07/2025,08/08/2025,,90 Bd de Metz,,,59350,LILLE,629976,non,,Immeuble,40,50°37'7''N,3°2'46''E,28,735651,30.0,"39,6"
0592290331,10/07/2025,08/08/2025,,90 Bd de Metz,,,59350,LILLE,629976,non,,Immeuble,40,50°37'7''N,3°2'46''E,28,735653,150.0,"39,6"
0592290331,10/07/2025,08/08/2025,,90 Bd de Metz,,,59350,LILLE,629976,non,,Immeuble,40,50°37'7''N,3°2'46''E,28,2155786,150.0,"39,6"
0592290331,10/07/2025,08/08/2025,,90 Bd de Metz,,,59350,LILLE,629976,non,,Immeuble,40,50°37'7''N,3°2'46''E,28,2155788,270.0,"39,6"
0592290331,10/07/2025,08/08/2025,,90 Bd de Metz,,,59350,LILLE,629976,non,,Immeuble,40,50°37'7''N,3°2'46''E,28,2155784,30.0,"39,6"
0592290324,16/05/2025,20/06/2025,,45 RUE DE LA POTONNERIE,,,59512,ROUBAIX,1878490,oui,,Immeuble,23,50°40'58''N,3°11'0''E,32,75279,30.0,"19,9"
0592290324,16/05/2025,20/06/2025,,45 RUE DE LA POTONNERIE,,,59512,ROUBAIX,1878490,oui,,Immeuble,23,50°40'58''N,3°11'0''E,32,75283,270.0,"19,9"
0592290324,16/05/2025,20/06/2025,,45 RUE DE LA POTONNERIE,,,59512,ROUBAIX,1878490,oui,,Immeuble,23,50°40'58''N,3°11'0''E,32,75281,160.0,"19,9"
0592290324,16/05/2025,20/06/2025,,45 RUE DE LA POTONNERIE,,,59512,ROUBAIX,1878490,oui,,Immeuble,23,50°40'58''N,3°11'0''E,32,9919063,30.0,"21,2"
0592290324,16/05/2025,20/06/2025,,45 RUE DE LA POTONNERIE,,,59512,ROUBAIX,1878490,oui,,Immeuble,23,50°40'58''N,3°11'0''E,32,9919067,270.0,"21,2"
0592290324,16/05/2025,20/06/2025,,45 RUE DE LA POTONNERIE,,,59512,ROUBAIX,1878490,oui,,Immeuble,23,50°40'58''N,3°11'0''E,32,9919065,160.0,"21,2"
0592290322,21/07/2025,22/08/2025,,20 r st eloi,,,59599,TOURCOING,703341,non,,Bâtiment,29,50°42'49''N,3°9'50''E,33,736133,150.0,"26,2"
0592290322,21/07/2025,22/08/2025,,20 r st eloi,,,59599,TOURCOING,703341,non,,Bâtiment,29,50°42'49''N,3°9'50''E,33,2201582,30.0,"28,1"
0592290322,21/07/2025,22/08/2025,,20 r st eloi,,,59599,TOURCOING,703341,non,,Bâtiment,29,50°42'49''N,3°9'50''E,33,2201584,150.0,"28,1"
0592290322,21/07/2025,22/08/2025,,20 r st eloi,,,59599,TOURCOING,703341,non,,Bâtiment,29,50°42'49''N,3°9'50''E,33,2201586,270.0,"28,1"
0592290322,21/07/2025,22/08/2025,,20 r st eloi,,,59599,TOURCOING,703341,non,,Bâtiment,29,50°42'49''N,3°9'50''E,33,736131,30.0,"26,2"
0592290322,21/07/2025,22/08/2025,,20 r st eloi,,,59599,TOURCOING,703341,non,,Bâtiment,29,50°42'49''N,3°9'50''E,33,736135,270.0,"26,2"
0592290321,15/08/2024,13/09/2024,,2 R ST-JUST,rue de la convention,,59350,LILLE,547949,oui,,Immeuble,"31,1",50°38'9''N,3°5'40''E,23,274464,150.0,"29,7"
0592290321,15/08/2024,13/09/2024,,2 R ST-JUST,rue de la convention,,59350,LILLE,547949,oui,,Immeuble,"31,1",50°38'9''N,3°5'40''E,23,2162071,270.0,"29,2"
0592290321,15/08/2024,13/09/2024,,2 R ST-JUST,rue de la convention,,59350,LILLE,547949,oui,,Immeuble,"31,1",50°38'9''N,3°5'40''E,23,2162067,30.0,"29,2"
0592290321,15/08/2024,13/09/2024,,2 R ST-JUST,rue de la convention,,59350,LILLE,547949,oui,,Immeuble,"31,1",50°38'9''N,3°5'40''E,23,2162069,150.0,"29,2"
0592290321,15/08/2024,13/09/2024,,2 R ST-JUST,rue de la convention,,59350,LILLE,547949,oui,,Immeuble,"31,1",50°38'9''N,3°5'40''E,23,274462,30.0,"29,7"
0592290321,15/08/2024,13/09/2024,,2 R ST-JUST,rue de la convention,,59350,LILLE,547949,oui,,Immeuble,"31,1",50°38'9''N,3°5'40''E,23,274466,270.0,"29,7"
0592290319,16/11/2024,20/12/2024,,Pl. des Nations,,,59392,MAUBEUGE,807874,non,,Immeuble,28,50°16'43''N,3°58'30''E,133,182009,150.0,"26,4"
0592290319,16/11/2024,20/12/2024,,Pl. des Nations,,,59392,MAUBEUGE,807874,non,,Immeuble,28,50°16'43''N,3°58'30''E,133,182008,45.0,"26,4"
0592290319,16/11/2024,20/12/2024,,Pl. des Nations,,,59392,MAUBEUGE,807874,non,,Immeuble,28,50°16'43''N,3°58'30''E,133,182010,270.0,"26,4"
0592290319,16/11/2024,20/12/2024,,Pl. des Nations,,,59392,MAUBEUGE,807874,non,,Immeuble,28,50°16'43''N,3°58'30''E,133,7650820,270.0,27
0592290319,16/11/2024,20/12/2024,,Pl. des Nations,,,59392,MAUBEUGE,807874,non,,Immeuble,28,50°16'43''N,3°58'30''E,133,7650816,45.0,27
0592290319,16/11/2024,20/12/2024,,Pl. des Nations,,,59392,MAUBEUGE,807874,non,,Immeuble,28,50°16'43''N,3°58'30''E,133,7650818,150.0,27
0592290318,20/08/2024,20/09/2024,,60 r jean bart,,,59646,WASQUEHAL,681188,oui,,Immeuble,"29,1",50°39'57.983''N,3°7'50.764''E,23,274456,30.0,"27,6"
0592290318,20/08/2024,20/09/2024,,60 r jean bart,,,59646,WASQUEHAL,681188,oui,,Immeuble,"29,1",50°39'57.983''N,3°7'50.764''E,23,274460,270.0,"27,6"
0592290318,20/08/2024,20/09/2024,,60 r jean bart,,,59646,WASQUEHAL,681188,oui,,Immeuble,"29,1",50°39'57.983''N,3°7'50.764''E,23,274458,150.0,"27,6"
0592290318,20/08/2024,20/09/2024,,60 r jean bart,,,59646,WASQUEHAL,681188,oui,,Immeuble,"29,1",50°39'57.983''N,3°7'50.764''E,23,2227165,270.0,"28,7"
0592290318,20/08/2024,20/09/2024,,60 r jean bart,,,59646,WASQUEHAL,681188,oui,,Immeuble,"29,1",50°39'57.983''N,3°7'50.764''E,23,2227161,30.0,"28,7"
0592290318,20/08/2024,20/09/2024,,60 r jean bart,,,59646,WASQUEHAL,681188,oui,,Immeuble,"29,1",50°39'57.983''N,3°7'50.764''E,23,2227163,150.0,"28,7"
0592290316,28/06/2022,29/07/2022,,Av de l'Hippodrome,Adm: 52 Av. Jean Rousseau,CRS,59328,LAMBERSART,1140632,oui,,Bâtiment,"43,5",50°38'46''N,3°1'45''E,19,2153989,150.0,"31,8"
0592290316,28/06/2022,29/07/2022,,Av de l'Hippodrome,Adm: 52 Av. Jean Rousseau,CRS,59328,LAMBERSART,1140632,oui,,Bâtiment,"43,5",50°38'46''N,3°1'45''E,19,522605,240.0,34
0592290316,28/06/2022,29/07/2022,,Av de l'Hippodrome,Adm: 52 Av. Jean Rousseau,CRS,59328,LAMBERSART,1140632,oui,,Bâtiment,"43,5",50°38'46''N,3°1'45''E,19,2153991,240.0,"31,8"
0592290316,28/06/2022,29/07/2022,,Av de l'Hippodrome,Adm: 52 Av. Jean Rousseau,CRS,59328,LAMBERSART,1140632,oui,,Bâtiment,"43,5",50°38'46''N,3°1'45''E,19,2153987,0.0,"31,8"
0592290316,28/06/2022,29/07/2022,,Av de l'Hippodrome,Adm: 52 Av. Jean Rousseau,CRS,59328,LAMBERSART,1140632,oui,,Bâtiment,"43,5",50°38'46''N,3°1'45''E,19,522601,0.0,34
0592290316,28/06/2022,29/07/2022,,Av de l'Hippodrome,Adm: 52 Av. Jean Rousseau,CRS,59328,LAMBERSART,1140632,oui,,Bâtiment,"43,5",50°38'46''N,3°1'45''E,19,522603,120.0,34
0592290312,15/09/2025,07/11/2025,,34b  av du colysée,Rés Le Colisée,,59328,LAMBERSART,806251,oui,,Immeuble,33,50°38'17''N,3°1'54''E,21,230771,270.0,29
0592290312,15/09/2025,07/11/2025,,34b  av du colysée,Rés Le Colisée,,59328,LAMBERSART,806251,oui,,Immeuble,33,50°38'17''N,3°1'54''E,21,230769,150.0,29
0592290312,15/09/2025,07/11/2025,,34b  av du colysée,Rés Le Colisée,,59328,LAMBERSART,806251,oui,,Immeuble,33,50°38'17''N,3°1'54''E,21,5882652,150.0,30
0592290312,15/09/2025,07/11/2025,,34b  av du colysée,Rés Le Colisée,,59328,LAMBERSART,806251,oui,,Immeuble,33,50°38'17''N,3°1'54''E,21,230767,30.0,29
0592290312,15/09/2025,07/11/2025,,34b  av du colysée,Rés Le Colisée,,59328,LAMBERSART,806251,oui,,Immeuble,33,50°38'17''N,3°1'54''E,21,5882654,270.0,30
0592290312,15/09/2025,07/11/2025,,34b  av du colysée,Rés Le Colisée,,59328,LAMBERSART,806251,oui,,Immeuble,33,50°38'17''N,3°1'54''E,21,5882650,30.0,30
0592290311,13/08/2024,13/09/2024,,6 pl rosette de mey,Rés. Tourville,,59350,LILLE,629974,oui,,Immeuble,34,50°37'48''N,3°1'31''E,23,2135686,150.0,"25,3"
0592290311,13/08/2024,13/09/2024,,6 pl rosette de mey,Rés. Tourville,,59350,LILLE,629974,oui,,Immeuble,34,50°37'48''N,3°1'31''E,23,2135688,270.0,"25,3"
0592290311,13/08/2024,13/09/2024,,6 pl rosette de mey,Rés. Tourville,,59350,LILLE,629974,oui,,Immeuble,34,50°37'48''N,3°1'31''E,23,2135684,30.0,"25,3"
0592290311,13/08/2024,13/09/2024,,6 pl rosette de mey,Rés. Tourville,,59350,LILLE,629974,oui,,Immeuble,34,50°37'48''N,3°1'31''E,23,722521,270.0,"25,8"
0592290311,13/08/2024,13/09/2024,,6 pl rosette de mey,Rés. Tourville,,59350,LILLE,629974,oui,,Immeuble,34,50°37'48''N,3°1'31''E,23,722517,30.0,"25,8"
0592290311,13/08/2024,13/09/2024,,6 pl rosette de mey,Rés. Tourville,,59350,LILLE,629974,oui,,Immeuble,34,50°37'48''N,3°1'31''E,23,722519,150.0,"25,8"
0592290310,27/07/2024,30/08/2024,,26 Av. Charles de Gaulle,,,59544,SAINT-SAULVE,805630,non,,Immeuble,21,50°22'2.835''N,3°33'24.160''E,31,181955,180.0,"20,3"
0592290310,27/07/2024,30/08/2024,,26 Av. Charles de Gaulle,,,59544,SAINT-SAULVE,805630,non,,Immeuble,21,50°22'2.835''N,3°33'24.160''E,31,181954,60.0,"20,3"
0592290310,27/07/2024,30/08/2024,,26 Av. Charles de Gaulle,,,59544,SAINT-SAULVE,805630,non,,Immeuble,21,50°22'2.835''N,3°33'24.160''E,31,181956,300.0,"20,3"
0592290310,27/07/2024,30/08/2024,,26 Av. Charles de Gaulle,,,59544,SAINT-SAULVE,805630,non,,Immeuble,21,50°22'2.835''N,3°33'24.160''E,31,5262494,60.0,"20,8"
0592290310,27/07/2024,30/08/2024,,26 Av. Charles de Gaulle,,,59544,SAINT-SAULVE,805630,non,,Immeuble,21,50°22'2.835''N,3°33'24.160''E,31,5262496,180.0,"20,8"
0592290310,27/07/2024,30/08/2024,,26 Av. Charles de Gaulle,,,59544,SAINT-SAULVE,805630,non,,Immeuble,21,50°22'2.835''N,3°33'24.160''E,31,5262498,300.0,"20,8"
0592290309,20/07/2024,23/08/2024,,R de la halle,Pl d'armes,,59606,VALENCIENNES,599393,oui,,Immeuble,"32,5",50°21'27''N,3°31'28''E,25,181948,30.0,"29,8"
0592290309,20/07/2024,23/08/2024,,R de la halle,Pl d'armes,,59606,VALENCIENNES,599393,oui,,Immeuble,"32,5",50°21'27''N,3°31'28''E,25,6550174,120.0,"31,4"
0592290309,20/07/2024,23/08/2024,,R de la halle,Pl d'armes,,59606,VALENCIENNES,599393,oui,,Immeuble,"32,5",50°21'27''N,3°31'28''E,25,181950,240.0,"29,8"
0592290309,20/07/2024,23/08/2024,,R de la halle,Pl d'armes,,59606,VALENCIENNES,599393,oui,,Immeuble,"32,5",50°21'27''N,3°31'28''E,25,181949,120.0,"29,8"
0592290309,20/07/2024,23/08/2024,,R de la halle,Pl d'armes,,59606,VALENCIENNES,599393,oui,,Immeuble,"32,5",50°21'27''N,3°31'28''E,25,6550172,30.0,"31,4"
0592290309,20/07/2024,23/08/2024,,R de la halle,Pl d'armes,,59606,VALENCIENNES,599393,oui,,Immeuble,"32,5",50°21'27''N,3°31'28''E,25,6550176,240.0,"31,4"
0592290303,20/12/2024,17/01/2025,,82 PL DE L'ESPLANADE,,,59107,BRAY-DUNES,531438,oui,,Immeuble,27,51°4'49.000''N,2°31'7.829''E,8,747784,160.0,24
0592290303,20/12/2024,17/01/2025,,82 PL DE L'ESPLANADE,,,59107,BRAY-DUNES,531438,oui,,Immeuble,27,51°4'49.000''N,2°31'7.829''E,8,747786,240.0,"24,4"
0592290303,20/12/2024,17/01/2025,,82 PL DE L'ESPLANADE,,,59107,BRAY-DUNES,531438,oui,,Immeuble,27,51°4'49.000''N,2°31'7.829''E,8,747782,70.0,"24,4"
0592290303,20/12/2024,17/01/2025,,82 PL DE L'ESPLANADE,,,59107,BRAY-DUNES,531438,oui,,Immeuble,27,51°4'49.000''N,2°31'7.829''E,8,2544082,240.0,"25,4"
0592290303,20/12/2024,17/01/2025,,82 PL DE L'ESPLANADE,,,59107,BRAY-DUNES,531438,oui,,Immeuble,27,51°4'49.000''N,2°31'7.829''E,8,9121361,160.0,"25,4"
0592290303,20/12/2024,17/01/2025,,82 PL DE L'ESPLANADE,,,59107,BRAY-DUNES,531438,oui,,Immeuble,27,51°4'49.000''N,2°31'7.829''E,8,2544080,70.0,"25,4"
0592290300,15/08/2024,13/09/2024,,49 Bd Paul Verley,Rés. Jean Moulin,,59183,DUNKERQUE,705466,non,,Immeuble,"43,3",51°2'29''N,2°23'19''E,6,181913,330.0,"38,6"
0592290300,15/08/2024,13/09/2024,,49 Bd Paul Verley,Rés. Jean Moulin,,59183,DUNKERQUE,705466,non,,Immeuble,"43,3",51°2'29''N,2°23'19''E,6,7242721,210.0,40
0592290300,15/08/2024,13/09/2024,,49 Bd Paul Verley,Rés. Jean Moulin,,59183,DUNKERQUE,705466,non,,Immeuble,"43,3",51°2'29''N,2°23'19''E,6,181911,90.0,"38,6"
0592290300,15/08/2024,13/09/2024,,49 Bd Paul Verley,Rés. Jean Moulin,,59183,DUNKERQUE,705466,non,,Immeuble,"43,3",51°2'29''N,2°23'19''E,6,7242723,330.0,40
0592290300,15/08/2024,13/09/2024,,49 Bd Paul Verley,Rés. Jean Moulin,,59183,DUNKERQUE,705466,non,,Immeuble,"43,3",51°2'29''N,2°23'19''E,6,181912,210.0,"38,6"
0592290300,15/08/2024,13/09/2024,,49 Bd Paul Verley,Rés. Jean Moulin,,59183,DUNKERQUE,705466,non,,Immeuble,"43,3",51°2'29''N,2°23'19''E,6,7242719,90.0,40
0592290289,22/08/2023,22/09/2023,,27 R DE LA PAIX,Usine TRP Charvet,,59017,ARMENTIERES,512675,non,,Bâtiment,"33,5",50°40'59''N,2°52'29''E,18,181863,120.0,"30,2"
0592290289,22/08/2023,22/09/2023,,27 R DE LA PAIX,Usine TRP Charvet,,59017,ARMENTIERES,512675,non,,Bâtiment,"33,5",50°40'59''N,2°52'29''E,18,181865,320.0,"30,2"
0592290289,22/08/2023,22/09/2023,,27 R DE LA PAIX,Usine TRP Charvet,,59017,ARMENTIERES,512675,non,,Bâtiment,"33,5",50°40'59''N,2°52'29''E,18,181864,210.0,"30,2"
0592290283,14/11/2024,13/12/2024,,278 av de la marne,,,59378,MARCQ-EN-BAROEUL,805590,non,,Immeuble,25,50°40'36''N,3°6'43''E,19,288701,160.0,"23,1"
0592290283,14/11/2024,13/12/2024,,278 av de la marne,,,59378,MARCQ-EN-BAROEUL,805590,non,,Immeuble,25,50°40'36''N,3°6'43''E,19,288699,40.0,"23,1"
0592290283,14/11/2024,13/12/2024,,278 av de la marne,,,59378,MARCQ-EN-BAROEUL,805590,non,,Immeuble,25,50°40'36''N,3°6'43''E,19,6543145,160.0,"24,5"
0592290283,14/11/2024,13/12/2024,,278 av de la marne,,,59378,MARCQ-EN-BAROEUL,805590,non,,Immeuble,25,50°40'36''N,3°6'43''E,19,288703,280.0,"23,1"
0592290283,14/11/2024,13/12/2024,,278 av de la marne,,,59378,MARCQ-EN-BAROEUL,805590,non,,Immeuble,25,50°40'36''N,3°6'43''E,19,6543143,40.0,"24,5"
0592290283,14/11/2024,13/12/2024,,278 av de la marne,,,59378,MARCQ-EN-BAROEUL,805590,non,,Immeuble,25,50°40'36''N,3°6'43''E,19,6543147,280.0,"24,5"
0592290282,01/07/2025,04/08/2025,,27 rue jean jaurès,Résidence Trévise,Bâtiment D,59350,LILLE,629961,non,,Immeuble,28,50°37'21''N,3°4'26''E,25,2139006,30.0,"27,6"
0592290282,01/07/2025,04/08/2025,,27 rue jean jaurès,Résidence Trévise,Bâtiment D,59350,LILLE,629961,non,,Immeuble,28,50°37'21''N,3°4'26''E,25,359311,270.0,"26,7"
0592290282,01/07/2025,04/08/2025,,27 rue jean jaurès,Résidence Trévise,Bâtiment D,59350,LILLE,629961,non,,Immeuble,28,50°37'21''N,3°4'26''E,25,359309,30.0,"26,7"
0592290282,01/07/2025,04/08/2025,,27 rue jean jaurès,Résidence Trévise,Bâtiment D,59350,LILLE,629961,non,,Immeuble,28,50°37'21''N,3°4'26''E,25,2139008,270.0,"27,6"
0592290281,15/08/2024,13/09/2024,,47 Bd Léon Jouhaux,Tour de Tilleul,,59650,WATTRELOS,805586,oui,,Immeuble,63,50°42'50''N,3°10'31''E,39,2508621,150.0,"49,8"
0592290281,15/08/2024,13/09/2024,,47 Bd Léon Jouhaux,Tour de Tilleul,,59650,WATTRELOS,805586,oui,,Immeuble,63,50°42'50''N,3°10'31''E,39,181820,270.0,"48,6"
0592290281,15/08/2024,13/09/2024,,47 Bd Léon Jouhaux,Tour de Tilleul,,59650,WATTRELOS,805586,oui,,Immeuble,63,50°42'50''N,3°10'31''E,39,181819,150.0,"48,6"
0592290281,15/08/2024,13/09/2024,,47 Bd Léon Jouhaux,Tour de Tilleul,,59650,WATTRELOS,805586,oui,,Immeuble,63,50°42'50''N,3°10'31''E,39,2508623,270.0,"49,8"
0592290281,15/08/2024,13/09/2024,,47 Bd Léon Jouhaux,Tour de Tilleul,,59650,WATTRELOS,805586,oui,,Immeuble,63,50°42'50''N,3°10'31''E,39,181818,30.0,"48,6"
0592290281,15/08/2024,13/09/2024,,47 Bd Léon Jouhaux,Tour de Tilleul,,59650,WATTRELOS,805586,oui,,Immeuble,63,50°42'50''N,3°10'31''E,39,2508619,30.0,"49,8"
0592290276,25/07/2024,23/08/2024,,243 -253 r d'Ocres,,,59178,DOUAI,1563367,oui,,Immeuble,"28,4",50°22'39''N,3°4'35''E,28,338391,30.0,27
0592290276,25/07/2024,23/08/2024,,243 -253 r d'Ocres,,,59178,DOUAI,1563367,oui,,Immeuble,"28,4",50°22'39''N,3°4'35''E,28,338393,270.0,27
0592290276,25/07/2024,23/08/2024,,243 -253 r d'Ocres,,,59178,DOUAI,1563367,oui,,Immeuble,"28,4",50°22'39''N,3°4'35''E,28,2508599,270.0,"27,7"
0592290276,25/07/2024,23/08/2024,,243 -253 r d'Ocres,,,59178,DOUAI,1563367,oui,,Immeuble,"28,4",50°22'39''N,3°4'35''E,28,338392,150.0,27
0592290276,25/07/2024,23/08/2024,,243 -253 r d'Ocres,,,59178,DOUAI,1563367,oui,,Immeuble,"28,4",50°22'39''N,3°4'35''E,28,2508597,150.0,"27,7"
0592290276,25/07/2024,23/08/2024,,243 -253 r d'Ocres,,,59178,DOUAI,1563367,oui,,Immeuble,"28,4",50°22'39''N,3°4'35''E,28,2508595,30.0,"27,7"
0592290275,10/08/2024,13/09/2024,,"3, pl léonard de vinci",Résidence Sylvestre Verhulst,,59350,LILLE,629955,oui,,Immeuble,33,50°36'35''N,3°2'24''E,33,2166914,270.0,"23,8"
0592290275,10/08/2024,13/09/2024,,"3, pl léonard de vinci",Résidence Sylvestre Verhulst,,59350,LILLE,629955,oui,,Immeuble,33,50°36'35''N,3°2'24''E,33,359283,270.0,24
0592290275,10/08/2024,13/09/2024,,"3, pl léonard de vinci",Résidence Sylvestre Verhulst,,59350,LILLE,629955,oui,,Immeuble,33,50°36'35''N,3°2'24''E,33,2166910,30.0,"23,8"
0592290275,10/08/2024,13/09/2024,,"3, pl léonard de vinci",Résidence Sylvestre Verhulst,,59350,LILLE,629955,oui,,Immeuble,33,50°36'35''N,3°2'24''E,33,2166912,155.0,"23,8"
0592290275,10/08/2024,13/09/2024,,"3, pl léonard de vinci",Résidence Sylvestre Verhulst,,59350,LILLE,629955,oui,,Immeuble,33,50°36'35''N,3°2'24''E,33,359281,155.0,24
0592290275,10/08/2024,13/09/2024,,"3, pl léonard de vinci",Résidence Sylvestre Verhulst,,59350,LILLE,629955,oui,,Immeuble,33,50°36'35''N,3°2'24''E,33,359279,30.0,24
0592290274,15/08/2024,13/09/2024,,Bd Victor Hugo,,,59183,DUNKERQUE,705460,oui,,Immeuble,51,51°1'43.238''N,2°22'51.897''E,3,583254,270.0,"49,3"
0592290274,15/08/2024,13/09/2024,,Bd Victor Hugo,,,59183,DUNKERQUE,705460,oui,,Immeuble,51,51°1'43.238''N,2°22'51.897''E,3,583252,150.0,"49,3"
0592290274,15/08/2024,13/09/2024,,Bd Victor Hugo,,,59183,DUNKERQUE,705460,oui,,Immeuble,51,51°1'43.238''N,2°22'51.897''E,3,583250,30.0,"49,3"
0592290274,15/08/2024,13/09/2024,,Bd Victor Hugo,,,59183,DUNKERQUE,705460,oui,,Immeuble,51,51°1'43.238''N,2°22'51.897''E,3,6829228,30.0,"50,7"
0592290274,15/08/2024,13/09/2024,,Bd Victor Hugo,,,59183,DUNKERQUE,705460,oui,,Immeuble,51,51°1'43.238''N,2°22'51.897''E,3,6829230,150.0,"50,7"
0592290274,15/08/2024,13/09/2024,,Bd Victor Hugo,,,59183,DUNKERQUE,705460,oui,,Immeuble,51,51°1'43.238''N,2°22'51.897''E,3,6829232,270.0,"50,7"
0592290270,28/08/2025,26/09/2025,,14 BD JEANNE D'ARC,Résidence de la porte d'Arras,,59178,DOUAI,1281891,oui,,Immeuble,27,50°21'59''N,3°4'0''E,28,181783,30.0,"23,8"
0592290270,28/08/2025,26/09/2025,,14 BD JEANNE D'ARC,Résidence de la porte d'Arras,,59178,DOUAI,1281891,oui,,Immeuble,27,50°21'59''N,3°4'0''E,28,181784,150.0,"23,8"
0592290270,28/08/2025,26/09/2025,,14 BD JEANNE D'ARC,Résidence de la porte d'Arras,,59178,DOUAI,1281891,oui,,Immeuble,27,50°21'59''N,3°4'0''E,28,181782,270.0,"23,8"
0592290270,28/08/2025,26/09/2025,,14 BD JEANNE D'ARC,Résidence de la porte d'Arras,,59178,DOUAI,1281891,oui,,Immeuble,27,50°21'59''N,3°4'0''E,28,607087,30.0,"26,4"
0592290270,28/08/2025,26/09/2025,,14 BD JEANNE D'ARC,Résidence de la porte d'Arras,,59178,DOUAI,1281891,oui,,Immeuble,27,50°21'59''N,3°4'0''E,28,607089,150.0,"26,4"
0592290270,28/08/2025,26/09/2025,,14 BD JEANNE D'ARC,Résidence de la porte d'Arras,,59178,DOUAI,1281891,oui,,Immeuble,27,50°21'59''N,3°4'0''E,28,607091,270.0,"26,4"
0592290269,31/08/2024,04/10/2024,,80 r de cassel- r stephenson,,,59512,ROUBAIX,549902,oui,,Immeuble,"25,3",50°42'1''N,3°10'2''E,44,181779,30.0,"23,6"
0592290269,31/08/2024,04/10/2024,,80 r de cassel- r stephenson,,,59512,ROUBAIX,549902,oui,,Immeuble,"25,3",50°42'1''N,3°10'2''E,44,181780,130.0,"23,6"
0592290269,31/08/2024,04/10/2024,,80 r de cassel- r stephenson,,,59512,ROUBAIX,549902,oui,,Immeuble,"25,3",50°42'1''N,3°10'2''E,44,2507791,30.0,"24,7"
0592290269,31/08/2024,04/10/2024,,80 r de cassel- r stephenson,,,59512,ROUBAIX,549902,oui,,Immeuble,"25,3",50°42'1''N,3°10'2''E,44,181781,225.0,"23,6"
0592290269,31/08/2024,04/10/2024,,80 r de cassel- r stephenson,,,59512,ROUBAIX,549902,oui,,Immeuble,"25,3",50°42'1''N,3°10'2''E,44,2507793,130.0,"24,7"
0592290269,31/08/2024,04/10/2024,,80 r de cassel- r stephenson,,,59512,ROUBAIX,549902,oui,,Immeuble,"25,3",50°42'1''N,3°10'2''E,44,2507795,225.0,"24,7"
0592290267,20/07/2024,23/08/2024,,44 Ave de Condé,Résidence Vervey,,59606,VALENCIENNES,1305670,oui,,Immeuble,"33,8",50°22'5.320''N,3°30'45.363''E,34,711064,270.0,"30,9"
0592290267,20/07/2024,23/08/2024,,44 Ave de Condé,Résidence Vervey,,59606,VALENCIENNES,1305670,oui,,Immeuble,"33,8",50°22'5.320''N,3°30'45.363''E,34,181772,150.0,"30,9"
0592290267,20/07/2024,23/08/2024,,44 Ave de Condé,Résidence Vervey,,59606,VALENCIENNES,1305670,oui,,Immeuble,"33,8",50°22'5.320''N,3°30'45.363''E,34,2507596,270.0,"31,8"
0592290267,20/07/2024,23/08/2024,,44 Ave de Condé,Résidence Vervey,,59606,VALENCIENNES,1305670,oui,,Immeuble,"33,8",50°22'5.320''N,3°30'45.363''E,34,2507592,0.0,"31,8"
0592290267,20/07/2024,23/08/2024,,44 Ave de Condé,Résidence Vervey,,59606,VALENCIENNES,1305670,oui,,Immeuble,"33,8",50°22'5.320''N,3°30'45.363''E,34,181771,0.0,"30,9"
0592290267,20/07/2024,23/08/2024,,44 Ave de Condé,Résidence Vervey,,59606,VALENCIENNES,1305670,oui,,Immeuble,"33,8",50°22'5.320''N,3°30'45.363''E,34,2507594,150.0,"31,8"
0592290265,23/07/2024,23/08/2024,,18 R Léon Dubled,,,59606,VALENCIENNES,2854953,non,,Immeuble,28,50°21'13.482''N,3°29'25.376''E,49,181763,200.0,"24,7"
0592290265,23/07/2024,23/08/2024,,18 R Léon Dubled,,,59606,VALENCIENNES,2854953,non,,Immeuble,28,50°21'13.482''N,3°29'25.376''E,49,181762,80.0,"24,7"
0592290265,23/07/2024,23/08/2024,,18 R Léon Dubled,,,59606,VALENCIENNES,2854953,non,,Immeuble,28,50°21'13.482''N,3°29'25.376''E,49,181764,300.0,"24,7"
0592290265,23/07/2024,23/08/2024,,18 R Léon Dubled,,,59606,VALENCIENNES,2854953,non,,Immeuble,28,50°21'13.482''N,3°29'25.376''E,49,2508699,200.0,"24,7"
0592290265,23/07/2024,23/08/2024,,18 R Léon Dubled,,,59606,VALENCIENNES,2854953,non,,Immeuble,28,50°21'13.482''N,3°29'25.376''E,49,2508701,300.0,"24,7"
0592290265,23/07/2024,23/08/2024,,18 R Léon Dubled,,,59606,VALENCIENNES,2854953,non,,Immeuble,28,50°21'13.482''N,3°29'25.376''E,49,2508697,80.0,"24,7"
0592290263,23/07/2024,23/08/2024,,285 avenue du Docteur Schweitzer,,,59178,DOUAI,3030614,oui,,Immeuble,33,50°21'38''N,3°4'15''E,25,181752,270.0,30
0592290263,23/07/2024,23/08/2024,,285 avenue du Docteur Schweitzer,,,59178,DOUAI,3030614,oui,,Immeuble,33,50°21'38''N,3°4'15''E,25,181750,30.0,30
0592290263,23/07/2024,23/08/2024,,285 avenue du Docteur Schweitzer,,,59178,DOUAI,3030614,oui,,Immeuble,33,50°21'38''N,3°4'15''E,25,181751,150.0,30
0592290263,23/07/2024,23/08/2024,,285 avenue du Docteur Schweitzer,,,59178,DOUAI,3030614,oui,,Immeuble,33,50°21'38''N,3°4'15''E,25,2508652,30.0,30
0592290263,23/07/2024,23/08/2024,,285 avenue du Docteur Schweitzer,,,59178,DOUAI,3030614,oui,,Immeuble,33,50°21'38''N,3°4'15''E,25,2508656,270.0,30
0592290263,23/07/2024,23/08/2024,,285 avenue du Docteur Schweitzer,,,59178,DOUAI,3030614,oui,,Immeuble,33,50°21'38''N,3°4'15''E,25,2508654,150.0,30
0592290260,01/07/2025,04/08/2025,,26 Rue de Lille,,,59512,ROUBAIX,2689151,oui,,Immeuble,28,50°41'15''N,3°10'23''E,29,2508636,150.0,"26,6"
0592290260,01/07/2025,04/08/2025,,26 Rue de Lille,,,59512,ROUBAIX,2689151,oui,,Immeuble,28,50°41'15''N,3°10'23''E,29,181740,250.0,"23,9"
0592290260,01/07/2025,04/08/2025,,26 Rue de Lille,,,59512,ROUBAIX,2689151,oui,,Immeuble,28,50°41'15''N,3°10'23''E,29,181738,30.0,"23,9"
0592290260,01/07/2025,04/08/2025,,26 Rue de Lille,,,59512,ROUBAIX,2689151,oui,,Immeuble,28,50°41'15''N,3°10'23''E,29,2508634,30.0,"26,6"
0592290260,01/07/2025,04/08/2025,,26 Rue de Lille,,,59512,ROUBAIX,2689151,oui,,Immeuble,28,50°41'15''N,3°10'23''E,29,181739,150.0,"23,9"
0592290260,01/07/2025,04/08/2025,,26 Rue de Lille,,,59512,ROUBAIX,2689151,oui,,Immeuble,28,50°41'15''N,3°10'23''E,29,2508638,250.0,"26,6"
0592290255,24/01/2025,21/02/2025,,17 R du Président Vincent Auriol,,,59650,WATTRELOS,805566,oui,,Immeuble,30,50°42'15''N,3°14'10''E,35,2997934,160.0,"28,7"
0592290255,24/01/2025,21/02/2025,,17 R du Président Vincent Auriol,,,59650,WATTRELOS,805566,oui,,Immeuble,30,50°42'15''N,3°14'10''E,35,181720,30.0,"27,8"
0592290255,24/01/2025,21/02/2025,,17 R du Président Vincent Auriol,,,59650,WATTRELOS,805566,oui,,Immeuble,30,50°42'15''N,3°14'10''E,35,181722,290.0,"27,8"
0592290255,24/01/2025,21/02/2025,,17 R du Président Vincent Auriol,,,59650,WATTRELOS,805566,oui,,Immeuble,30,50°42'15''N,3°14'10''E,35,181721,160.0,"27,8"
0592290255,24/01/2025,21/02/2025,,17 R du Président Vincent Auriol,,,59650,WATTRELOS,805566,oui,,Immeuble,30,50°42'15''N,3°14'10''E,35,2997932,30.0,"28,7"
0592290255,24/01/2025,21/02/2025,,17 R du Président Vincent Auriol,,,59650,WATTRELOS,805566,oui,,Immeuble,30,50°42'15''N,3°14'10''E,35,2997936,290.0,"28,7"
0592290245,08/08/2024,06/09/2024,,2 r Brève,Fac de Lettres,,59009,VILLENEUVE-D'ASCQ,722862,non,,Immeuble,41,50°37'32''N,3°7'47''E,27,722503,290.0,"39,9"
0592290245,08/08/2024,06/09/2024,,2 r Brève,Fac de Lettres,,59009,VILLENEUVE-D'ASCQ,722862,non,,Immeuble,41,50°37'32''N,3°7'47''E,27,722501,150.0,"39,9"
0592290245,08/08/2024,06/09/2024,,2 r Brève,Fac de Lettres,,59009,VILLENEUVE-D'ASCQ,722862,non,,Immeuble,41,50°37'32''N,3°7'47''E,27,722499,30.0,"39,9"
0592290245,08/08/2024,06/09/2024,,2 r Brève,Fac de Lettres,,59009,VILLENEUVE-D'ASCQ,722862,non,,Immeuble,41,50°37'32''N,3°7'47''E,27,6013731,290.0,"40,7"
0592290245,08/08/2024,06/09/2024,,2 r Brève,Fac de Lettres,,59009,VILLENEUVE-D'ASCQ,722862,non,,Immeuble,41,50°37'32''N,3°7'47''E,27,6013727,30.0,"40,7"
0592290245,08/08/2024,06/09/2024,,2 r Brève,Fac de Lettres,,59009,VILLENEUVE-D'ASCQ,722862,non,,Immeuble,41,50°37'32''N,3°7'47''E,27,6013729,150.0,"40,7"
0592290228,13/12/2024,10/01/2025,,163 Rue EUGENE VARLIN,Résidence Le Carrefour,,59165,CUINCY,2884634,oui,,Immeuble,43,50°23'1''N,3°3'18''E,26,181630,30.0,36
0592290228,13/12/2024,10/01/2025,,163 Rue EUGENE VARLIN,Résidence Le Carrefour,,59165,CUINCY,2884634,oui,,Immeuble,43,50°23'1''N,3°3'18''E,26,5420970,150.0,"37,5"
0592290228,13/12/2024,10/01/2025,,163 Rue EUGENE VARLIN,Résidence Le Carrefour,,59165,CUINCY,2884634,oui,,Immeuble,43,50°23'1''N,3°3'18''E,26,5420972,260.0,"37,5"
0592290228,13/12/2024,10/01/2025,,163 Rue EUGENE VARLIN,Résidence Le Carrefour,,59165,CUINCY,2884634,oui,,Immeuble,43,50°23'1''N,3°3'18''E,26,181631,150.0,36
0592290228,13/12/2024,10/01/2025,,163 Rue EUGENE VARLIN,Résidence Le Carrefour,,59165,CUINCY,2884634,oui,,Immeuble,43,50°23'1''N,3°3'18''E,26,181632,260.0,36
0592290228,13/12/2024,10/01/2025,,163 Rue EUGENE VARLIN,Résidence Le Carrefour,,59165,CUINCY,2884634,oui,,Immeuble,43,50°23'1''N,3°3'18''E,26,5420968,30.0,"37,5"
0592290225,15/10/2024,15/11/2024,,2 rue Guillaume de Mortagne,rue Henri Mansard,,59599,TOURCOING,1292161,oui,,Immeuble,34,50°44'11''N,3°10'33''E,39,181623,270.0,"32,6"
0592290225,15/10/2024,15/11/2024,,2 rue Guillaume de Mortagne,rue Henri Mansard,,59599,TOURCOING,1292161,oui,,Immeuble,34,50°44'11''N,3°10'33''E,39,181621,30.0,"32,6"
0592290225,15/10/2024,15/11/2024,,2 rue Guillaume de Mortagne,rue Henri Mansard,,59599,TOURCOING,1292161,oui,,Immeuble,34,50°44'11''N,3°10'33''E,39,181622,150.0,"32,6"
0592290224,08/08/2024,06/09/2024,,r de la louvière,Polyclinique,,59350,LILLE,628497,oui,,Immeuble,40,50°38'47''N,3°5'3''E,38,359269,150.0,"28,3"
0592290224,08/08/2024,06/09/2024,,r de la louvière,Polyclinique,,59350,LILLE,628497,oui,,Immeuble,40,50°38'47''N,3°5'3''E,38,359267,30.0,26
0592290224,08/08/2024,06/09/2024,,r de la louvière,Polyclinique,,59350,LILLE,628497,oui,,Immeuble,40,50°38'47''N,3°5'3''E,38,359271,270.0,"28,3"
0592290224,08/08/2024,06/09/2024,,r de la louvière,Polyclinique,,59350,LILLE,628497,oui,,Immeuble,40,50°38'47''N,3°5'3''E,38,2131055,30.0,27
0592290224,08/08/2024,06/09/2024,,r de la louvière,Polyclinique,,59350,LILLE,628497,oui,,Immeuble,40,50°38'47''N,3°5'3''E,38,2131059,270.0,"31,5"
0592290224,08/08/2024,06/09/2024,,r de la louvière,Polyclinique,,59350,LILLE,628497,oui,,Immeuble,40,50°38'47''N,3°5'3''E,38,2131057,150.0,"31,5"
0592290218,16/07/2024,19/08/2024,,3-5 r gosselet,,,59350,LILLE,610917,oui,,Immeuble,37,50°37'35''N,3°3'55''E,23,1414276,30.0,"30,2"
0592290218,16/07/2024,19/08/2024,,3-5 r gosselet,,,59350,LILLE,610917,oui,,Immeuble,37,50°37'35''N,3°3'55''E,23,1414278,150.0,"30,2"
0592290218,16/07/2024,19/08/2024,,3-5 r gosselet,,,59350,LILLE,610917,oui,,Immeuble,37,50°37'35''N,3°3'55''E,23,1414280,270.0,"30,2"
0592290218,16/07/2024,19/08/2024,,3-5 r gosselet,,,59350,LILLE,610917,oui,,Immeuble,37,50°37'35''N,3°3'55''E,23,6003202,150.0,"31,9"
0592290218,16/07/2024,19/08/2024,,3-5 r gosselet,,,59350,LILLE,610917,oui,,Immeuble,37,50°37'35''N,3°3'55''E,23,6003204,270.0,"31,9"
0592290218,16/07/2024,19/08/2024,,3-5 r gosselet,,,59350,LILLE,610917,oui,,Immeuble,37,50°37'35''N,3°3'55''E,23,6003200,30.0,"31,9"
0592290215,30/07/2024,30/08/2024,,R Aristide Briand/R Raymond Lis,Résidence Ravel,,59017,ARMENTIERES,805426,non,,Immeuble,34,50°41'29''N,2°53'8''E,14,181596,200.0,"32,8"
0592290215,30/07/2024,30/08/2024,,R Aristide Briand/R Raymond Lis,Résidence Ravel,,59017,ARMENTIERES,805426,non,,Immeuble,34,50°41'29''N,2°53'8''E,14,2912438,80.0,"30,7"
0592290215,30/07/2024,30/08/2024,,R Aristide Briand/R Raymond Lis,Résidence Ravel,,59017,ARMENTIERES,805426,non,,Immeuble,34,50°41'29''N,2°53'8''E,14,181597,320.0,"32,8"
0592290215,30/07/2024,30/08/2024,,R Aristide Briand/R Raymond Lis,Résidence Ravel,,59017,ARMENTIERES,805426,non,,Immeuble,34,50°41'29''N,2°53'8''E,14,181595,80.0,"32,8"
0592290215,30/07/2024,30/08/2024,,R Aristide Briand/R Raymond Lis,Résidence Ravel,,59017,ARMENTIERES,805426,non,,Immeuble,34,50°41'29''N,2°53'8''E,14,2912442,320.0,"30,7"
0592290215,30/07/2024,30/08/2024,,R Aristide Briand/R Raymond Lis,Résidence Ravel,,59017,ARMENTIERES,805426,non,,Immeuble,34,50°41'29''N,2°53'8''E,14,2912440,200.0,"30,7"
0592290207,05/08/2024,06/09/2024,,292 bd  gambetta,,,59599,TOURCOING,703337,oui,,Immeuble,"33,5",50°42'23''N,3°9'33''E,39,181574,150.0,"31,1"
0592290207,05/08/2024,06/09/2024,,292 bd  gambetta,,,59599,TOURCOING,703337,oui,,Immeuble,"33,5",50°42'23''N,3°9'33''E,39,2508080,270.0,"33,1"
0592290207,05/08/2024,06/09/2024,,292 bd  gambetta,,,59599,TOURCOING,703337,oui,,Immeuble,"33,5",50°42'23''N,3°9'33''E,39,181575,270.0,"31,1"
0592290207,05/08/2024,06/09/2024,,292 bd  gambetta,,,59599,TOURCOING,703337,oui,,Immeuble,"33,5",50°42'23''N,3°9'33''E,39,181573,30.0,"31,1"
0592290207,05/08/2024,06/09/2024,,292 bd  gambetta,,,59599,TOURCOING,703337,oui,,Immeuble,"33,5",50°42'23''N,3°9'33''E,39,2508078,150.0,"33,1"
0592290207,05/08/2024,06/09/2024,,292 bd  gambetta,,,59599,TOURCOING,703337,oui,,Immeuble,"33,5",50°42'23''N,3°9'33''E,39,2508076,30.0,"33,1"
0592290205,13/07/2024,19/08/2024,LA BRIQUETTE,r des alpes,imm les 2 alpes,,59383,MARLY,805381,non,,Immeuble,22,50°20'24''N,3°31'2''E,56,181569,260.0,"19,3"
0592290205,13/07/2024,19/08/2024,LA BRIQUETTE,r des alpes,imm les 2 alpes,,59383,MARLY,805381,non,,Immeuble,22,50°20'24''N,3°31'2''E,56,181565,0.0,"19,3"
0592290205,13/07/2024,19/08/2024,LA BRIQUETTE,r des alpes,imm les 2 alpes,,59383,MARLY,805381,non,,Immeuble,22,50°20'24''N,3°31'2''E,56,2508496,260.0,"20,2"
0592290205,13/07/2024,19/08/2024,LA BRIQUETTE,r des alpes,imm les 2 alpes,,59383,MARLY,805381,non,,Immeuble,22,50°20'24''N,3°31'2''E,56,181567,100.0,"19,3"
0592290205,13/07/2024,19/08/2024,LA BRIQUETTE,r des alpes,imm les 2 alpes,,59383,MARLY,805381,non,,Immeuble,22,50°20'24''N,3°31'2''E,56,2508492,0.0,"20,2"
0592290205,13/07/2024,19/08/2024,LA BRIQUETTE,r des alpes,imm les 2 alpes,,59383,MARLY,805381,non,,Immeuble,22,50°20'24''N,3°31'2''E,56,2508494,100.0,"20,2"
0592290204,13/07/2024,19/08/2024,,pl carpeaux,Résidence Carpeaux,,59606,VALENCIENNES,805379,oui,,Immeuble,29,50°21'34''N,3°31'0''E,23,181559,20.0,"22,7"
0592290204,13/07/2024,19/08/2024,,pl carpeaux,Résidence Carpeaux,,59606,VALENCIENNES,805379,oui,,Immeuble,29,50°21'34''N,3°31'0''E,23,181561,260.0,"22,7"
0592290204,13/07/2024,19/08/2024,,pl carpeaux,Résidence Carpeaux,,59606,VALENCIENNES,805379,oui,,Immeuble,29,50°21'34''N,3°31'0''E,23,181560,140.0,"22,7"
0592290204,13/07/2024,19/08/2024,,pl carpeaux,Résidence Carpeaux,,59606,VALENCIENNES,805379,oui,,Immeuble,29,50°21'34''N,3°31'0''E,23,2655095,20.0,"23,6"
0592290204,13/07/2024,19/08/2024,,pl carpeaux,Résidence Carpeaux,,59606,VALENCIENNES,805379,oui,,Immeuble,29,50°21'34''N,3°31'0''E,23,2655099,260.0,"23,6"
0592290204,13/07/2024,19/08/2024,,pl carpeaux,Résidence Carpeaux,,59606,VALENCIENNES,805379,oui,,Immeuble,29,50°21'34''N,3°31'0''E,23,2655097,140.0,"23,6"
0592290201,22/10/2024,22/11/2024,,228 AV ALFRED MOTTE,CCAL,,59512,ROUBAIX,645594,oui,,Bâtiment,35,50°40'31''N,3°11'49''E,36,181547,15.0,"25,6"
0592290201,22/10/2024,22/11/2024,,228 AV ALFRED MOTTE,CCAL,,59512,ROUBAIX,645594,oui,,Bâtiment,35,50°40'31''N,3°11'49''E,36,181549,265.0,"25,6"
0592290201,22/10/2024,22/11/2024,,228 AV ALFRED MOTTE,CCAL,,59512,ROUBAIX,645594,oui,,Bâtiment,35,50°40'31''N,3°11'49''E,36,8635020,15.0,"27,2"
0592290201,22/10/2024,22/11/2024,,228 AV ALFRED MOTTE,CCAL,,59512,ROUBAIX,645594,oui,,Bâtiment,35,50°40'31''N,3°11'49''E,36,181548,145.0,"25,6"
0592290201,22/10/2024,22/11/2024,,228 AV ALFRED MOTTE,CCAL,,59512,ROUBAIX,645594,oui,,Bâtiment,35,50°40'31''N,3°11'49''E,36,8635022,145.0,"27,2"
0592290201,22/10/2024,22/11/2024,,228 AV ALFRED MOTTE,CCAL,,59512,ROUBAIX,645594,oui,,Bâtiment,35,50°40'31''N,3°11'49''E,36,8635024,265.0,"27,2"
0592290198,07/12/2021,07/01/2022,,13 r de la filature,ancienne usine du Groupement Textile du Nord,,59218,ETROEUNGT,682056,oui,,Bâtiment,34,50°3'34''N,3°55'28''E,162,181539,0.0,"31,4"
0592290198,07/12/2021,07/01/2022,,13 r de la filature,ancienne usine du Groupement Textile du Nord,,59218,ETROEUNGT,682056,oui,,Bâtiment,34,50°3'34''N,3°55'28''E,162,181540,180.0,"31,4"
0592290197,30/07/2024,30/08/2024,,r du vertuquet,,,59426,NEUVILLE-EN-FERRAIN,805370,oui,,Bâtiment,"26,8",50°45'43''N,3°9'47''E,37,338375,170.0,"20,5"
0592290197,30/07/2024,30/08/2024,,r du vertuquet,,,59426,NEUVILLE-EN-FERRAIN,805370,oui,,Bâtiment,"26,8",50°45'43''N,3°9'47''E,37,338376,270.0,"20,5"
0592290197,30/07/2024,30/08/2024,,r du vertuquet,,,59426,NEUVILLE-EN-FERRAIN,805370,oui,,Bâtiment,"26,8",50°45'43''N,3°9'47''E,37,338374,30.0,"19,7"
0592290197,30/07/2024,30/08/2024,,r du vertuquet,,,59426,NEUVILLE-EN-FERRAIN,805370,oui,,Bâtiment,"26,8",50°45'43''N,3°9'47''E,37,2508487,170.0,"21,2"
0592290197,30/07/2024,30/08/2024,,r du vertuquet,,,59426,NEUVILLE-EN-FERRAIN,805370,oui,,Bâtiment,"26,8",50°45'43''N,3°9'47''E,37,2508485,30.0,"21,2"
0592290197,30/07/2024,30/08/2024,,r du vertuquet,,,59426,NEUVILLE-EN-FERRAIN,805370,oui,,Bâtiment,"26,8",50°45'43''N,3°9'47''E,37,8314694,270.0,"21,2"
0592290194,05/08/2024,06/09/2024,Blanc Seau,63 r de mouvaux,,,59512,ROUBAIX,804802,oui,,Immeuble,34,50°41'38''N,3°9'25''E,30,181533,270.0,"27,8"
0592290194,05/08/2024,06/09/2024,Blanc Seau,63 r de mouvaux,,,59512,ROUBAIX,804802,oui,,Immeuble,34,50°41'38''N,3°9'25''E,30,181531,30.0,"32,3"
0592290194,05/08/2024,06/09/2024,Blanc Seau,63 r de mouvaux,,,59512,ROUBAIX,804802,oui,,Immeuble,34,50°41'38''N,3°9'25''E,30,181532,150.0,"32,3"
0592290194,05/08/2024,06/09/2024,Blanc Seau,63 r de mouvaux,,,59512,ROUBAIX,804802,oui,,Immeuble,34,50°41'38''N,3°9'25''E,30,7101668,150.0,"33,8"
0592290194,05/08/2024,06/09/2024,Blanc Seau,63 r de mouvaux,,,59512,ROUBAIX,804802,oui,,Immeuble,34,50°41'38''N,3°9'25''E,30,7101670,270.0,"33,8"
0592290194,05/08/2024,06/09/2024,Blanc Seau,63 r de mouvaux,,,59512,ROUBAIX,804802,oui,,Immeuble,34,50°41'38''N,3°9'25''E,30,2508478,30.0,"33,8"
0592290193,05/08/2024,06/09/2024,,109 r de l'yser,,,59599,TOURCOING,703335,non,,Immeuble,33,50°44'35''N,3°10'13''E,43,181528,30.0,"29,1"
0592290193,05/08/2024,06/09/2024,,109 r de l'yser,,,59599,TOURCOING,703335,non,,Immeuble,33,50°44'35''N,3°10'13''E,43,2508069,150.0,"30,2"
0592290193,05/08/2024,06/09/2024,,109 r de l'yser,,,59599,TOURCOING,703335,non,,Immeuble,33,50°44'35''N,3°10'13''E,43,2508067,30.0,"30,2"
0592290193,05/08/2024,06/09/2024,,109 r de l'yser,,,59599,TOURCOING,703335,non,,Immeuble,33,50°44'35''N,3°10'13''E,43,181529,150.0,"29,1"
0592290193,05/08/2024,06/09/2024,,109 r de l'yser,,,59599,TOURCOING,703335,non,,Immeuble,33,50°44'35''N,3°10'13''E,43,181530,270.0,"29,1"
0592290193,05/08/2024,06/09/2024,,109 r de l'yser,,,59599,TOURCOING,703335,non,,Immeuble,33,50°44'35''N,3°10'13''E,43,2508071,270.0,"30,2"
0592290179,05/08/2024,06/09/2024,,r salvador allende,Résidence Médicale Le Molinel,,59646,WASQUEHAL,804792,oui,,Immeuble,26,50°41'16''N,3°7'2''E,30,181500,50.0,"22,8"
0592290179,05/08/2024,06/09/2024,,r salvador allende,Résidence Médicale Le Molinel,,59646,WASQUEHAL,804792,oui,,Immeuble,26,50°41'16''N,3°7'2''E,30,181502,270.0,"22,8"
0592290179,05/08/2024,06/09/2024,,r salvador allende,Résidence Médicale Le Molinel,,59646,WASQUEHAL,804792,oui,,Immeuble,26,50°41'16''N,3°7'2''E,30,5878935,150.0,"23,8"
0592290179,05/08/2024,06/09/2024,,r salvador allende,Résidence Médicale Le Molinel,,59646,WASQUEHAL,804792,oui,,Immeuble,26,50°41'16''N,3°7'2''E,30,181501,150.0,"22,8"
0592290179,05/08/2024,06/09/2024,,r salvador allende,Résidence Médicale Le Molinel,,59646,WASQUEHAL,804792,oui,,Immeuble,26,50°41'16''N,3°7'2''E,30,5878933,50.0,"23,8"
0592290179,05/08/2024,06/09/2024,,r salvador allende,Résidence Médicale Le Molinel,,59646,WASQUEHAL,804792,oui,,Immeuble,26,50°41'16''N,3°7'2''E,30,5878937,270.0,"23,8"
0592290173,21/02/2025,28/03/2025,,6 QUAI DE MARSEILLE,imm sriem,,59512,ROUBAIX,767301,oui,,Immeuble,"56,3",50°42'22''N,3°10'54''E,30,181481,270.0,"47,6"
0592290173,21/02/2025,28/03/2025,,6 QUAI DE MARSEILLE,imm sriem,,59512,ROUBAIX,767301,oui,,Immeuble,"56,3",50°42'22''N,3°10'54''E,30,181479,30.0,"47,6"
0592290173,21/02/2025,28/03/2025,,6 QUAI DE MARSEILLE,imm sriem,,59512,ROUBAIX,767301,oui,,Immeuble,"56,3",50°42'22''N,3°10'54''E,30,181480,150.0,"47,6"
0592290167,30/07/2024,30/08/2024,,11 BD LACORDAIRE,Hôpital Victor Provo,,59512,ROUBAIX,473742,oui,,Immeuble,52,50°40'45.212''N,3°10'24.796''E,45,2507426,150.0,"29,3"
0592290167,30/07/2024,30/08/2024,,11 BD LACORDAIRE,Hôpital Victor Provo,,59512,ROUBAIX,473742,oui,,Immeuble,52,50°40'45.212''N,3°10'24.796''E,45,2507424,30.0,"29,3"
0592290167,30/07/2024,30/08/2024,,11 BD LACORDAIRE,Hôpital Victor Provo,,59512,ROUBAIX,473742,oui,,Immeuble,52,50°40'45.212''N,3°10'24.796''E,45,181460,30.0,"29,3"
0592290167,30/07/2024,30/08/2024,,11 BD LACORDAIRE,Hôpital Victor Provo,,59512,ROUBAIX,473742,oui,,Immeuble,52,50°40'45.212''N,3°10'24.796''E,45,181461,150.0,"29,3"
0592290167,30/07/2024,30/08/2024,,11 BD LACORDAIRE,Hôpital Victor Provo,,59512,ROUBAIX,473742,oui,,Immeuble,52,50°40'45.212''N,3°10'24.796''E,45,181462,270.0,"29,3"
0592290167,30/07/2024,30/08/2024,,11 BD LACORDAIRE,Hôpital Victor Provo,,59512,ROUBAIX,473742,oui,,Immeuble,52,50°40'45.212''N,3°10'24.796''E,45,6838326,270.0,"29,3"
0592290165,23/05/2025,27/06/2025,,1 r st-michel,usine de teillage Van Robaeys,,59326,KILLEM,683904,non,,Bâtiment,40,50°57'36''N,2°34'8''E,9,181458,270.0,"31,3"
0592290165,23/05/2025,27/06/2025,,1 r st-michel,usine de teillage Van Robaeys,,59326,KILLEM,683904,non,,Bâtiment,40,50°57'36''N,2°34'8''E,9,181457,150.0,"31,3"
0592290165,23/05/2025,27/06/2025,,1 r st-michel,usine de teillage Van Robaeys,,59326,KILLEM,683904,non,,Bâtiment,40,50°57'36''N,2°34'8''E,9,181456,30.0,"31,3"
0592290163,06/05/2025,06/06/2025,,ZAC LES EPIS,RES ALEXIA,,59569,SIN-LE-NOBLE,716435,oui,,Immeuble,75,50°20'38''N,3°6'5''E,43,338363,270.0,"59,4"
0592290163,06/05/2025,06/06/2025,,ZAC LES EPIS,RES ALEXIA,,59569,SIN-LE-NOBLE,716435,oui,,Immeuble,75,50°20'38''N,3°6'5''E,43,338362,150.0,"59,4"
0592290163,06/05/2025,06/06/2025,,ZAC LES EPIS,RES ALEXIA,,59569,SIN-LE-NOBLE,716435,oui,,Immeuble,75,50°20'38''N,3°6'5''E,43,338361,30.0,"59,4"
0592290163,06/05/2025,06/06/2025,,ZAC LES EPIS,RES ALEXIA,,59569,SIN-LE-NOBLE,716435,oui,,Immeuble,75,50°20'38''N,3°6'5''E,43,7126378,150.0,"59,5"
0592290163,06/05/2025,06/06/2025,,ZAC LES EPIS,RES ALEXIA,,59569,SIN-LE-NOBLE,716435,oui,,Immeuble,75,50°20'38''N,3°6'5''E,43,7126376,30.0,"59,5"
0592290163,06/05/2025,06/06/2025,,ZAC LES EPIS,RES ALEXIA,,59569,SIN-LE-NOBLE,716435,oui,,Immeuble,75,50°20'38''N,3°6'5''E,43,7126380,270.0,"59,5"
0592290157,18/07/2024,19/08/2024,Tranchée d'Arenberg,Site Minier - Chevalet n°3,,,59632,WALLERS,804681,non,,Bâtiment,65,50°23'2''N,3°25'31''E,38,181434,150.0,"56,8"
0592290157,18/07/2024,19/08/2024,Tranchée d'Arenberg,Site Minier - Chevalet n°3,,,59632,WALLERS,804681,non,,Bâtiment,65,50°23'2''N,3°25'31''E,38,667210,30.0,"58,5"
0592290157,18/07/2024,19/08/2024,Tranchée d'Arenberg,Site Minier - Chevalet n°3,,,59632,WALLERS,804681,non,,Bâtiment,65,50°23'2''N,3°25'31''E,38,181433,30.0,"55,6"
0592290157,18/07/2024,19/08/2024,Tranchée d'Arenberg,Site Minier - Chevalet n°3,,,59632,WALLERS,804681,non,,Bâtiment,65,50°23'2''N,3°25'31''E,38,346801,270.0,"55,6"
0592290157,18/07/2024,19/08/2024,Tranchée d'Arenberg,Site Minier - Chevalet n°3,,,59632,WALLERS,804681,non,,Bâtiment,65,50°23'2''N,3°25'31''E,38,667214,270.0,"58,5"
0592290157,18/07/2024,19/08/2024,Tranchée d'Arenberg,Site Minier - Chevalet n°3,,,59632,WALLERS,804681,non,,Bâtiment,65,50°23'2''N,3°25'31''E,38,667212,150.0,"59,6"
0592290151,02/09/2025,03/10/2025,,r lain,Adm. : Verrerie de Masnières,,59389,MASNIERES,552502,non,,Bâtiment,50,50°6'52''N,3°12'33''E,66,533956,10.0,"39,4"
0592290151,02/09/2025,03/10/2025,,r lain,Adm. : Verrerie de Masnières,,59389,MASNIERES,552502,non,,Bâtiment,50,50°6'52''N,3°12'33''E,66,533958,180.0,"39,4"
0592290151,02/09/2025,03/10/2025,,r lain,Adm. : Verrerie de Masnières,,59389,MASNIERES,552502,non,,Bâtiment,50,50°6'52''N,3°12'33''E,66,533960,270.0,"39,4"
0592290149,19/09/2025,07/11/2025,,r lenoir/r pr. lamaze,OPHLM Bât.3,,59350,LILLE,671351,oui,,Immeuble,55,50°37'11''N,3°2'5''E,23,274440,150.0,"52,2"
0592290149,19/09/2025,07/11/2025,,r lenoir/r pr. lamaze,OPHLM Bât.3,,59350,LILLE,671351,oui,,Immeuble,55,50°37'11''N,3°2'5''E,23,274438,30.0,"52,2"
0592290149,19/09/2025,07/11/2025,,r lenoir/r pr. lamaze,OPHLM Bât.3,,59350,LILLE,671351,oui,,Immeuble,55,50°37'11''N,3°2'5''E,23,2158310,150.0,"53,4"
0592290149,19/09/2025,07/11/2025,,r lenoir/r pr. lamaze,OPHLM Bât.3,,59350,LILLE,671351,oui,,Immeuble,55,50°37'11''N,3°2'5''E,23,2158312,270.0,"53,4"
0592290149,19/09/2025,07/11/2025,,r lenoir/r pr. lamaze,OPHLM Bât.3,,59350,LILLE,671351,oui,,Immeuble,55,50°37'11''N,3°2'5''E,23,274442,270.0,"52,2"
0592290149,19/09/2025,07/11/2025,,r lenoir/r pr. lamaze,OPHLM Bât.3,,59350,LILLE,671351,oui,,Immeuble,55,50°37'11''N,3°2'5''E,23,2158308,30.0,"53,4"
0592290148,14/12/2024,17/01/2025,,54 Av. du Maréchal de Lattre de Tassigny,Résidence La Croix d'Azur,,59378,MARCQ-EN-BAROEUL,804675,oui,,Immeuble,34,50°40'21''N,3°5'28''E,18,359249,50.0,"22,8"
0592290148,14/12/2024,17/01/2025,,54 Av. du Maréchal de Lattre de Tassigny,Résidence La Croix d'Azur,,59378,MARCQ-EN-BAROEUL,804675,oui,,Immeuble,34,50°40'21''N,3°5'28''E,18,359253,270.0,"22,8"
0592290148,14/12/2024,17/01/2025,,54 Av. du Maréchal de Lattre de Tassigny,Résidence La Croix d'Azur,,59378,MARCQ-EN-BAROEUL,804675,oui,,Immeuble,34,50°40'21''N,3°5'28''E,18,359251,150.0,"22,8"
0592290148,14/12/2024,17/01/2025,,54 Av. du Maréchal de Lattre de Tassigny,Résidence La Croix d'Azur,,59378,MARCQ-EN-BAROEUL,804675,oui,,Immeuble,34,50°40'21''N,3°5'28''E,18,5882631,150.0,"23,8"
0592290148,14/12/2024,17/01/2025,,54 Av. du Maréchal de Lattre de Tassigny,Résidence La Croix d'Azur,,59378,MARCQ-EN-BAROEUL,804675,oui,,Immeuble,34,50°40'21''N,3°5'28''E,18,5882629,50.0,"23,8"
0592290148,14/12/2024,17/01/2025,,54 Av. du Maréchal de Lattre de Tassigny,Résidence La Croix d'Azur,,59378,MARCQ-EN-BAROEUL,804675,oui,,Immeuble,34,50°40'21''N,3°5'28''E,18,5882633,270.0,"23,8"
0592290146,16/07/2024,19/08/2024,,10 Av. Victor Hugo,Résidence Les Peupliers,,59368,LA MADELEINE,804655,oui,,Immeuble,45,50°39'15''N,3°4'14''E,28,2155023,270.0,"43,3"
0592290146,16/07/2024,19/08/2024,,10 Av. Victor Hugo,Résidence Les Peupliers,,59368,LA MADELEINE,804655,oui,,Immeuble,45,50°39'15''N,3°4'14''E,28,2155021,150.0,"43,3"
0592290146,16/07/2024,19/08/2024,,10 Av. Victor Hugo,Résidence Les Peupliers,,59368,LA MADELEINE,804655,oui,,Immeuble,45,50°39'15''N,3°4'14''E,28,2155019,45.0,"43,3"
0592290146,16/07/2024,19/08/2024,,10 Av. Victor Hugo,Résidence Les Peupliers,,59368,LA MADELEINE,804655,oui,,Immeuble,45,50°39'15''N,3°4'14''E,28,668732,150.0,"44,4"
0592290146,16/07/2024,19/08/2024,,10 Av. Victor Hugo,Résidence Les Peupliers,,59368,LA MADELEINE,804655,oui,,Immeuble,45,50°39'15''N,3°4'14''E,28,668734,270.0,"44,4"
0592290146,16/07/2024,19/08/2024,,10 Av. Victor Hugo,Résidence Les Peupliers,,59368,LA MADELEINE,804655,oui,,Immeuble,45,50°39'15''N,3°4'14''E,28,668730,45.0,"44,4"
0592290142,16/07/2024,19/08/2024,,1 r de Mulhouse,Ancienne Filature Usine,,59350,LILLE,628483,oui,,Bâtiment,"41,5",50°37'8''N,3°4'15''E,28,295019,270.0,"35,8"
0592290142,16/07/2024,19/08/2024,,1 r de Mulhouse,Ancienne Filature Usine,,59350,LILLE,628483,oui,,Bâtiment,"41,5",50°37'8''N,3°4'15''E,28,295017,150.0,"35,8"
0592290142,16/07/2024,19/08/2024,,1 r de Mulhouse,Ancienne Filature Usine,,59350,LILLE,628483,oui,,Bâtiment,"41,5",50°37'8''N,3°4'15''E,28,295015,30.0,"35,8"
0592290142,16/07/2024,19/08/2024,,1 r de Mulhouse,Ancienne Filature Usine,,59350,LILLE,628483,oui,,Bâtiment,"41,5",50°37'8''N,3°4'15''E,28,2155012,150.0,36
0592290142,16/07/2024,19/08/2024,,1 r de Mulhouse,Ancienne Filature Usine,,59350,LILLE,628483,oui,,Bâtiment,"41,5",50°37'8''N,3°4'15''E,28,2155014,270.0,36
0592290142,16/07/2024,19/08/2024,,1 r de Mulhouse,Ancienne Filature Usine,,59350,LILLE,628483,oui,,Bâtiment,"41,5",50°37'8''N,3°4'15''E,28,2155010,30.0,36
0592290138,13/07/2024,19/08/2024,,44 r des postes,,,59350,LILLE,628478,oui,,Immeuble,34,50°37'37''N,3°3'24''E,21,359233,150.0,29
0592290138,13/07/2024,19/08/2024,,44 r des postes,,,59350,LILLE,628478,oui,,Immeuble,34,50°37'37''N,3°3'24''E,21,5837958,150.0,"29,7"
0592290138,13/07/2024,19/08/2024,,44 r des postes,,,59350,LILLE,628478,oui,,Immeuble,34,50°37'37''N,3°3'24''E,21,359235,270.0,29
0592290138,13/07/2024,19/08/2024,,44 r des postes,,,59350,LILLE,628478,oui,,Immeuble,34,50°37'37''N,3°3'24''E,21,359231,30.0,29
0592290138,13/07/2024,19/08/2024,,44 r des postes,,,59350,LILLE,628478,oui,,Immeuble,34,50°37'37''N,3°3'24''E,21,5837960,270.0,"29,7"
0592290138,13/07/2024,19/08/2024,,44 r des postes,,,59350,LILLE,628478,oui,,Immeuble,34,50°37'37''N,3°3'24''E,21,5837956,30.0,"29,7"
0592290131,23/06/2025,25/07/2025,,1 r st michel,CPE Valenciennes,Bâtiment Pasteur,59606,VALENCIENNES,3108075,oui,,Immeuble,25,50°21'50''N,3°31'53''E,32,294252,220.0,"23,5"
0592290131,23/06/2025,25/07/2025,,1 r st michel,CPE Valenciennes,Bâtiment Pasteur,59606,VALENCIENNES,3108075,oui,,Immeuble,25,50°21'50''N,3°31'53''E,32,294256,340.0,"23,5"
0592290131,23/06/2025,25/07/2025,,1 r st michel,CPE Valenciennes,Bâtiment Pasteur,59606,VALENCIENNES,3108075,oui,,Immeuble,25,50°21'50''N,3°31'53''E,32,2508328,340.0,"24,3"
0592290131,23/06/2025,25/07/2025,,1 r st michel,CPE Valenciennes,Bâtiment Pasteur,59606,VALENCIENNES,3108075,oui,,Immeuble,25,50°21'50''N,3°31'53''E,32,2508324,80.0,"24,3"
0592290131,23/06/2025,25/07/2025,,1 r st michel,CPE Valenciennes,Bâtiment Pasteur,59606,VALENCIENNES,3108075,oui,,Immeuble,25,50°21'50''N,3°31'53''E,32,294250,80.0,"23,5"
0592290131,23/06/2025,25/07/2025,,1 r st michel,CPE Valenciennes,Bâtiment Pasteur,59606,VALENCIENNES,3108075,oui,,Immeuble,25,50°21'50''N,3°31'53''E,32,2508326,220.0,"24,3"
0592290123,16/07/2024,19/08/2024,,30 r des Meuniers,Résidence 3F,,59350,LILLE,628474,non,,Immeuble,27,50°37'12''N,3°3'35''E,27,296456,150.0,"20,6"
0592290123,16/07/2024,19/08/2024,,30 r des Meuniers,Résidence 3F,,59350,LILLE,628474,non,,Immeuble,27,50°37'12''N,3°3'35''E,27,296458,270.0,"20,6"
0592290123,16/07/2024,19/08/2024,,30 r des Meuniers,Résidence 3F,,59350,LILLE,628474,non,,Immeuble,27,50°37'12''N,3°3'35''E,27,2131050,270.0,"22,7"
0592290123,16/07/2024,19/08/2024,,30 r des Meuniers,Résidence 3F,,59350,LILLE,628474,non,,Immeuble,27,50°37'12''N,3°3'35''E,27,296454,40.0,"20,6"
0592290123,16/07/2024,19/08/2024,,30 r des Meuniers,Résidence 3F,,59350,LILLE,628474,non,,Immeuble,27,50°37'12''N,3°3'35''E,27,2131048,150.0,"22,7"
0592290123,16/07/2024,19/08/2024,,30 r des Meuniers,Résidence 3F,,59350,LILLE,628474,non,,Immeuble,27,50°37'12''N,3°3'35''E,27,2131046,40.0,"22,7"
0592290077,27/06/2024,26/07/2024,,pl eugene thomas,,,59122,CAMBRAI,99686,non,,Immeuble,38,50°10'24''N,3°13'35''E,50,181300,140.0,"35,6"
0592290077,27/06/2024,26/07/2024,,pl eugene thomas,,,59122,CAMBRAI,99686,non,,Immeuble,38,50°10'24''N,3°13'35''E,50,181301,270.0,"35,6"
0592290077,27/06/2024,26/07/2024,,pl eugene thomas,,,59122,CAMBRAI,99686,non,,Immeuble,38,50°10'24''N,3°13'35''E,50,181299,40.0,"35,6"
0592290077,27/06/2024,26/07/2024,,pl eugene thomas,,,59122,CAMBRAI,99686,non,,Immeuble,38,50°10'24''N,3°13'35''E,50,7819195,140.0,"33,3"
0592290077,27/06/2024,26/07/2024,,pl eugene thomas,,,59122,CAMBRAI,99686,non,,Immeuble,38,50°10'24''N,3°13'35''E,50,7819197,270.0,"33,3"
0592290077,27/06/2024,26/07/2024,,pl eugene thomas,,,59122,CAMBRAI,99686,non,,Immeuble,38,50°10'24''N,3°13'35''E,50,7819193,40.0,"33,3"
0592290060,12/12/2024,10/01/2025,,R A. Delbauve,Rés. Froissart,,59153,CONDE-SUR-L'ESCAUT,804748,non,,Immeuble,40,50°27'31''N,3°35'20''E,22,181261,150.0,"37,7"
0592290060,12/12/2024,10/01/2025,,R A. Delbauve,Rés. Froissart,,59153,CONDE-SUR-L'ESCAUT,804748,non,,Immeuble,40,50°27'31''N,3°35'20''E,22,181260,30.0,"37,7"
0592290060,12/12/2024,10/01/2025,,R A. Delbauve,Rés. Froissart,,59153,CONDE-SUR-L'ESCAUT,804748,non,,Immeuble,40,50°27'31''N,3°35'20''E,22,181262,270.0,"37,7"
0592290060,12/12/2024,10/01/2025,,R A. Delbauve,Rés. Froissart,,59153,CONDE-SUR-L'ESCAUT,804748,non,,Immeuble,40,50°27'31''N,3°35'20''E,22,8798295,150.0,"35,6"
0592290060,12/12/2024,10/01/2025,,R A. Delbauve,Rés. Froissart,,59153,CONDE-SUR-L'ESCAUT,804748,non,,Immeuble,40,50°27'31''N,3°35'20''E,22,8798293,30.0,"35,6"
0592290060,12/12/2024,10/01/2025,,R A. Delbauve,Rés. Froissart,,59153,CONDE-SUR-L'ESCAUT,804748,non,,Immeuble,40,50°27'31''N,3°35'20''E,22,8798297,270.0,"35,6"
0592290054,12/12/2024,10/01/2025,,r l. desmazieres,Central Telephonique,,59560,SECLIN,804657,non,,Bâtiment,28,50°32'56''N,3°1'38''E,26,181244,50.0,"25,9"
0592290054,12/12/2024,10/01/2025,,r l. desmazieres,Central Telephonique,,59560,SECLIN,804657,non,,Bâtiment,28,50°32'56''N,3°1'38''E,26,181245,180.0,"25,9"
0592290054,12/12/2024,10/01/2025,,r l. desmazieres,Central Telephonique,,59560,SECLIN,804657,non,,Bâtiment,28,50°32'56''N,3°1'38''E,26,2508372,300.0,"25,9"
0592290054,12/12/2024,10/01/2025,,r l. desmazieres,Central Telephonique,,59560,SECLIN,804657,non,,Bâtiment,28,50°32'56''N,3°1'38''E,26,7269714,50.0,"27,3"
0592290054,12/12/2024,10/01/2025,,r l. desmazieres,Central Telephonique,,59560,SECLIN,804657,non,,Bâtiment,28,50°32'56''N,3°1'38''E,26,7269718,300.0,"27,3"
0592290054,12/12/2024,10/01/2025,,r l. desmazieres,Central Telephonique,,59560,SECLIN,804657,non,,Bâtiment,28,50°32'56''N,3°1'38''E,26,7269716,180.0,"27,3"
0592290049,13/12/2024,10/01/2025,,101 bd de l'Abbé Lemire,,,59295,HAZEBROUCK,494203,oui,,Bâtiment,33,50°43'36''N,2°32'28''E,32,96373,270.0,"30,1"
0592290049,13/12/2024,10/01/2025,,101 bd de l'Abbé Lemire,,,59295,HAZEBROUCK,494203,oui,,Bâtiment,33,50°43'36''N,2°32'28''E,32,96371,150.0,"30,1"
0592290049,13/12/2024,10/01/2025,,101 bd de l'Abbé Lemire,,,59295,HAZEBROUCK,494203,oui,,Bâtiment,33,50°43'36''N,2°32'28''E,32,96367,30.0,"30,1"
0592290049,13/12/2024,10/01/2025,,101 bd de l'Abbé Lemire,,,59295,HAZEBROUCK,494203,oui,,Bâtiment,33,50°43'36''N,2°32'28''E,32,8212834,270.0,"32,3"
0592290049,13/12/2024,10/01/2025,,101 bd de l'Abbé Lemire,,,59295,HAZEBROUCK,494203,oui,,Bâtiment,33,50°43'36''N,2°32'28''E,32,8212830,30.0,"32,3"
0592290049,13/12/2024,10/01/2025,,101 bd de l'Abbé Lemire,,,59295,HAZEBROUCK,494203,oui,,Bâtiment,33,50°43'36''N,2°32'28''E,32,8212832,150.0,"32,3"
0592290039,02/07/2024,02/08/2024,,Av. du Général Leclercq,r des Vertes Feuilles,,59527,SAINT-ANDRE-LEZ-LILLE,804637,non,,Immeuble,31,50°40'5''N,3°3'14''E,19,2508337,30.0,"22,2"
0592290039,02/07/2024,02/08/2024,,Av. du Général Leclercq,r des Vertes Feuilles,,59527,SAINT-ANDRE-LEZ-LILLE,804637,non,,Immeuble,31,50°40'5''N,3°3'14''E,19,2508339,150.0,"23,8"
0592290039,02/07/2024,02/08/2024,,Av. du Général Leclercq,r des Vertes Feuilles,,59527,SAINT-ANDRE-LEZ-LILLE,804637,non,,Immeuble,31,50°40'5''N,3°3'14''E,19,2508341,270.0,"23,8"
0592290039,02/07/2024,02/08/2024,,Av. du Général Leclercq,r des Vertes Feuilles,,59527,SAINT-ANDRE-LEZ-LILLE,804637,non,,Immeuble,31,50°40'5''N,3°3'14''E,19,294231,270.0,"28,4"
0592290039,02/07/2024,02/08/2024,,Av. du Général Leclercq,r des Vertes Feuilles,,59527,SAINT-ANDRE-LEZ-LILLE,804637,non,,Immeuble,31,50°40'5''N,3°3'14''E,19,294229,150.0,"28,4"
0592290039,02/07/2024,02/08/2024,,Av. du Général Leclercq,r des Vertes Feuilles,,59527,SAINT-ANDRE-LEZ-LILLE,804637,non,,Immeuble,31,50°40'5''N,3°3'14''E,19,294227,30.0,23
0592290032,09/11/2024,13/12/2024,,"51, r jean bart",Central téléphonique,,59350,LILLE,628471,non,,Bâtiment,31,50°37'39''N,3°6'2''E,26,5890381,150.0,"29,7"
0592290032,09/11/2024,13/12/2024,,"51, r jean bart",Central téléphonique,,59350,LILLE,628471,non,,Bâtiment,31,50°37'39''N,3°6'2''E,26,361673,270.0,"27,5"
0592290032,09/11/2024,13/12/2024,,"51, r jean bart",Central téléphonique,,59350,LILLE,628471,non,,Bâtiment,31,50°37'39''N,3°6'2''E,26,361669,30.0,"27,5"
0592290032,09/11/2024,13/12/2024,,"51, r jean bart",Central téléphonique,,59350,LILLE,628471,non,,Bâtiment,31,50°37'39''N,3°6'2''E,26,361671,150.0,"27,5"
0592290032,09/11/2024,13/12/2024,,"51, r jean bart",Central téléphonique,,59350,LILLE,628471,non,,Bâtiment,31,50°37'39''N,3°6'2''E,26,5890379,30.0,"29,7"
0592290032,09/11/2024,13/12/2024,,"51, r jean bart",Central téléphonique,,59350,LILLE,628471,non,,Bâtiment,31,50°37'39''N,3°6'2''E,26,5890383,270.0,"29,7"
0592290031,18/06/2024,19/07/2024,,19 r Jean sans Peur,,,59350,LILLE,628444,oui,,Bâtiment,32,50°37'59''N,3°3'35''E,19,2143234,140.0,"30,8"
0592290031,18/06/2024,19/07/2024,,19 r Jean sans Peur,,,59350,LILLE,628444,oui,,Bâtiment,32,50°37'59''N,3°3'35''E,19,2143232,30.0,"29,5"
0592290031,18/06/2024,19/07/2024,,19 r Jean sans Peur,,,59350,LILLE,628444,oui,,Bâtiment,32,50°37'59''N,3°3'35''E,19,2143236,270.0,"29,4"
0592290031,18/06/2024,19/07/2024,,19 r Jean sans Peur,,,59350,LILLE,628444,oui,,Bâtiment,32,50°37'59''N,3°3'35''E,19,649082,30.0,"30,2"
0592290031,18/06/2024,19/07/2024,,19 r Jean sans Peur,,,59350,LILLE,628444,oui,,Bâtiment,32,50°37'59''N,3°3'35''E,19,649084,140.0,"30,3"
0592290031,18/06/2024,19/07/2024,,19 r Jean sans Peur,,,59350,LILLE,628444,oui,,Bâtiment,32,50°37'59''N,3°3'35''E,19,649086,270.0,"31,4"
0592290020,04/07/2024,02/08/2024,,"140, r d'haubourdin",,,59220,FACHES-THUMESNIL,804635,non,,Bâtiment,35,50°35'59''N,3°3'24''E,43,2458065,270.0,"32,9"
0592290020,04/07/2024,02/08/2024,,"140, r d'haubourdin",,,59220,FACHES-THUMESNIL,804635,non,,Bâtiment,35,50°35'59''N,3°3'24''E,43,365847,30.0,"32,9"
0592290020,04/07/2024,02/08/2024,,"140, r d'haubourdin",,,59220,FACHES-THUMESNIL,804635,non,,Bâtiment,35,50°35'59''N,3°3'24''E,43,365849,150.0,"32,9"
0592290020,04/07/2024,02/08/2024,,"140, r d'haubourdin",,,59220,FACHES-THUMESNIL,804635,non,,Bâtiment,35,50°35'59''N,3°3'24''E,43,2655069,270.0,35
0592290020,04/07/2024,02/08/2024,,"140, r d'haubourdin",,,59220,FACHES-THUMESNIL,804635,non,,Bâtiment,35,50°35'59''N,3°3'24''E,43,2655065,30.0,35
0592290020,04/07/2024,02/08/2024,,"140, r d'haubourdin",,,59220,FACHES-THUMESNIL,804635,non,,Bâtiment,35,50°35'59''N,3°3'24''E,43,2655067,150.0,35
0590990998,03/09/2025,07/11/2025,,2 Avenue des Coulombiers,Usine textile,,59044,BAISIEUX,3114252,oui,,Bâtiment,"26,7",50°36'30''N,3°15'23''E,34,9892714,0.0,20
0590990998,03/09/2025,07/11/2025,,2 Avenue des Coulombiers,Usine textile,,59044,BAISIEUX,3114252,oui,,Bâtiment,"26,7",50°36'30''N,3°15'23''E,34,9892716,270.0,20
0590990991,17/09/2025,17/10/2025,,299 Boulevard de Leeds,,,59350,LILLE,3098651,non,,Bâtiment,2,50°38'24''N,3°4'29''E,"24,4",9759698,354.0,2
0590990917,15/09/2025,17/10/2025,,"134, boulevard de la Liberté",,,59350,LILLE,3010200,non,,Immeuble,"30,5",50°37'42''N,3°4'2''E,23,9366560,60.0,"27,1"
0590990917,15/09/2025,17/10/2025,,"134, boulevard de la Liberté",,,59350,LILLE,3010200,non,,Immeuble,"30,5",50°37'42''N,3°4'2''E,23,9366562,150.0,"27,1"
0590990899,24/09/2025,24/10/2025,Stade Pierre Mauroy,261 Boulevard de Tournai,Tribune Nord,,59009,VILLENEUVE-D'ASCQ,1918986,oui,,Bâtiment,42,50°36'45''N,3°7'50''E,38,8835244,345.0,"26,8"
0590990899,24/09/2025,24/10/2025,Stade Pierre Mauroy,261 Boulevard de Tournai,Tribune Nord,,59009,VILLENEUVE-D'ASCQ,1918986,oui,,Bâtiment,42,50°36'45''N,3°7'50''E,38,8835246,345.0,"26,2"
0590990899,24/09/2025,24/10/2025,Stade Pierre Mauroy,261 Boulevard de Tournai,Tribune Nord,,59009,VILLENEUVE-D'ASCQ,1918986,oui,,Bâtiment,42,50°36'45''N,3°7'50''E,38,8835254,165.0,"26,2"
0590990899,24/09/2025,24/10/2025,Stade Pierre Mauroy,261 Boulevard de Tournai,Tribune Nord,,59009,VILLENEUVE-D'ASCQ,1918986,oui,,Bâtiment,42,50°36'45''N,3°7'50''E,38,8835248,345.0,"26,8"
0590990899,24/09/2025,24/10/2025,Stade Pierre Mauroy,261 Boulevard de Tournai,Tribune Nord,,59009,VILLENEUVE-D'ASCQ,1918986,oui,,Bâtiment,42,50°36'45''N,3°7'50''E,38,8835250,345.0,"26,2"
0590990899,24/09/2025,24/10/2025,Stade Pierre Mauroy,261 Boulevard de Tournai,Tribune Nord,,59009,VILLENEUVE-D'ASCQ,1918986,oui,,Bâtiment,42,50°36'45''N,3°7'50''E,38,8835252,165.0,"26,2"
0590990898,24/09/2025,24/10/2025,Stade Pierre Mauroy,261 Boulevard de Tournai,Tribune Sud,,59009,VILLENEUVE-D'ASCQ,1918981,oui,,Bâtiment,42,50°36'40''N,3°7'51''E,38,8835262,165.0,"26,2"
0590990898,24/09/2025,24/10/2025,Stade Pierre Mauroy,261 Boulevard de Tournai,Tribune Sud,,59009,VILLENEUVE-D'ASCQ,1918981,oui,,Bâtiment,42,50°36'40''N,3°7'51''E,38,8835256,165.0,"26,8"
0590990898,24/09/2025,24/10/2025,Stade Pierre Mauroy,261 Boulevard de Tournai,Tribune Sud,,59009,VILLENEUVE-D'ASCQ,1918981,oui,,Bâtiment,42,50°36'40''N,3°7'51''E,38,8835264,345.0,"26,2"
0590990898,24/09/2025,24/10/2025,Stade Pierre Mauroy,261 Boulevard de Tournai,Tribune Sud,,59009,VILLENEUVE-D'ASCQ,1918981,oui,,Bâtiment,42,50°36'40''N,3°7'51''E,38,8835266,345.0,"26,2"
0590990898,24/09/2025,24/10/2025,Stade Pierre Mauroy,261 Boulevard de Tournai,Tribune Sud,,59009,VILLENEUVE-D'ASCQ,1918981,oui,,Bâtiment,42,50°36'40''N,3°7'51''E,38,8835258,165.0,"26,2"
0590990898,24/09/2025,24/10/2025,Stade Pierre Mauroy,261 Boulevard de Tournai,Tribune Sud,,59009,VILLENEUVE-D'ASCQ,1918981,oui,,Bâtiment,42,50°36'40''N,3°7'51''E,38,8835260,165.0,"26,8"
0590990897,19/09/2025,24/10/2025,Stade Pierre Mauroy,261 Boulevard de Tournai,Tribune Ouest,,59009,VILLENEUVE-D'ASCQ,1918976,oui,,Bâtiment,42,50°36'43''N,3°7'47''E,38,8835300,255.0,"25,9"
0590990897,19/09/2025,24/10/2025,Stade Pierre Mauroy,261 Boulevard de Tournai,Tribune Ouest,,59009,VILLENEUVE-D'ASCQ,1918976,oui,,Bâtiment,42,50°36'43''N,3°7'47''E,38,8835294,255.0,"26,4"
0590990897,19/09/2025,24/10/2025,Stade Pierre Mauroy,261 Boulevard de Tournai,Tribune Ouest,,59009,VILLENEUVE-D'ASCQ,1918976,oui,,Bâtiment,42,50°36'43''N,3°7'47''E,38,8835310,75.0,"25,9"
0590990897,19/09/2025,24/10/2025,Stade Pierre Mauroy,261 Boulevard de Tournai,Tribune Ouest,,59009,VILLENEUVE-D'ASCQ,1918976,oui,,Bâtiment,42,50°36'43''N,3°7'47''E,38,8835292,221.0,"27,1"
0590990897,19/09/2025,24/10/2025,Stade Pierre Mauroy,261 Boulevard de Tournai,Tribune Ouest,,59009,VILLENEUVE-D'ASCQ,1918976,oui,,Bâtiment,42,50°36'43''N,3°7'47''E,38,8835306,289.0,"28,3"
0590990897,19/09/2025,24/10/2025,Stade Pierre Mauroy,261 Boulevard de Tournai,Tribune Ouest,,59009,VILLENEUVE-D'ASCQ,1918976,oui,,Bâtiment,42,50°36'43''N,3°7'47''E,38,8835290,221.0,"28,3"
0590990897,19/09/2025,24/10/2025,Stade Pierre Mauroy,261 Boulevard de Tournai,Tribune Ouest,,59009,VILLENEUVE-D'ASCQ,1918976,oui,,Bâtiment,42,50°36'43''N,3°7'47''E,38,8835302,255.0,"26,4"
0590990897,19/09/2025,24/10/2025,Stade Pierre Mauroy,261 Boulevard de Tournai,Tribune Ouest,,59009,VILLENEUVE-D'ASCQ,1918976,oui,,Bâtiment,42,50°36'43''N,3°7'47''E,38,8835308,289.0,"27,1"
0590990897,19/09/2025,24/10/2025,Stade Pierre Mauroy,261 Boulevard de Tournai,Tribune Ouest,,59009,VILLENEUVE-D'ASCQ,1918976,oui,,Bâtiment,42,50°36'43''N,3°7'47''E,38,8835304,255.0,"25,9"
0590990897,19/09/2025,24/10/2025,Stade Pierre Mauroy,261 Boulevard de Tournai,Tribune Ouest,,59009,VILLENEUVE-D'ASCQ,1918976,oui,,Bâtiment,42,50°36'43''N,3°7'47''E,38,8835296,255.0,"25,9"
0590990897,19/09/2025,24/10/2025,Stade Pierre Mauroy,261 Boulevard de Tournai,Tribune Ouest,,59009,VILLENEUVE-D'ASCQ,1918976,oui,,Bâtiment,42,50°36'43''N,3°7'47''E,38,8835298,255.0,"26,4"
0590990896,17/09/2025,17/10/2025,Stade Pierre Mauroy,261 Boulevard de Tournai,Tribune Est,,59009,VILLENEUVE-D'ASCQ,2879685,oui,,Bâtiment,42,50°36'43''N,3°7'53''E,38,8835286,109.0,"27,1"
0590990896,17/09/2025,17/10/2025,Stade Pierre Mauroy,261 Boulevard de Tournai,Tribune Est,,59009,VILLENEUVE-D'ASCQ,2879685,oui,,Bâtiment,42,50°36'43''N,3°7'53''E,38,8835276,75.0,"26,4"
0590990896,17/09/2025,17/10/2025,Stade Pierre Mauroy,261 Boulevard de Tournai,Tribune Est,,59009,VILLENEUVE-D'ASCQ,2879685,oui,,Bâtiment,42,50°36'43''N,3°7'53''E,38,8835272,75.0,"26,4"
0590990896,17/09/2025,17/10/2025,Stade Pierre Mauroy,261 Boulevard de Tournai,Tribune Est,,59009,VILLENEUVE-D'ASCQ,2879685,oui,,Bâtiment,42,50°36'43''N,3°7'53''E,38,8835268,41.0,"28,3"
0590990896,17/09/2025,17/10/2025,Stade Pierre Mauroy,261 Boulevard de Tournai,Tribune Est,,59009,VILLENEUVE-D'ASCQ,2879685,oui,,Bâtiment,42,50°36'43''N,3°7'53''E,38,8835282,75.0,"25,9"
0590990896,17/09/2025,17/10/2025,Stade Pierre Mauroy,261 Boulevard de Tournai,Tribune Est,,59009,VILLENEUVE-D'ASCQ,2879685,oui,,Bâtiment,42,50°36'43''N,3°7'53''E,38,8835280,75.0,"26,4"
0590990896,17/09/2025,17/10/2025,Stade Pierre Mauroy,261 Boulevard de Tournai,Tribune Est,,59009,VILLENEUVE-D'ASCQ,2879685,oui,,Bâtiment,42,50°36'43''N,3°7'53''E,38,8835284,109.0,"28,3"
0590990896,17/09/2025,17/10/2025,Stade Pierre Mauroy,261 Boulevard de Tournai,Tribune Est,,59009,VILLENEUVE-D'ASCQ,2879685,oui,,Bâtiment,42,50°36'43''N,3°7'53''E,38,8835274,75.0,"25,9"
0590990896,17/09/2025,17/10/2025,Stade Pierre Mauroy,261 Boulevard de Tournai,Tribune Est,,59009,VILLENEUVE-D'ASCQ,2879685,oui,,Bâtiment,42,50°36'43''N,3°7'53''E,38,8835278,75.0,"25,9"
0590990896,17/09/2025,17/10/2025,Stade Pierre Mauroy,261 Boulevard de Tournai,Tribune Est,,59009,VILLENEUVE-D'ASCQ,2879685,oui,,Bâtiment,42,50°36'43''N,3°7'53''E,38,8835270,41.0,"27,1"
0590990896,17/09/2025,17/10/2025,Stade Pierre Mauroy,261 Boulevard de Tournai,Tribune Est,,59009,VILLENEUVE-D'ASCQ,2879685,oui,,Bâtiment,42,50°36'43''N,3°7'53''E,38,8835288,255.0,"25,9"
0590990871,30/06/2025,04/08/2025,,319 RUE HENRI BOCQUET,,,59092,BOUCHAIN,2952664,non,,Bâtiment,"14,8",50°16'48.612''N,3°19'19.056''E,"34,7",9121886,120.0,"12,8"
0590990871,30/06/2025,04/08/2025,,319 RUE HENRI BOCQUET,,,59092,BOUCHAIN,2952664,non,,Bâtiment,"14,8",50°16'48.612''N,3°19'19.056''E,"34,7",9121884,0.0,"12,8"
0590990871,30/06/2025,04/08/2025,,319 RUE HENRI BOCQUET,,,59092,BOUCHAIN,2952664,non,,Bâtiment,"14,8",50°16'48.612''N,3°19'19.056''E,"34,7",9121888,225.0,"12,8"
0590990862,30/06/2025,04/08/2025,,21 rue Marcel Cachin,,,59253,FRESNES-SUR-ESCAUT,2943285,oui,,Bâtiment,28,50°26'3''N,3°33'39''E,19,9083208,100.0,"19,4"
0590990862,30/06/2025,04/08/2025,,21 rue Marcel Cachin,,,59253,FRESNES-SUR-ESCAUT,2943285,oui,,Bâtiment,28,50°26'3''N,3°33'39''E,19,9083212,340.0,"19,1"
0590990862,30/06/2025,04/08/2025,,21 rue Marcel Cachin,,,59253,FRESNES-SUR-ESCAUT,2943285,oui,,Bâtiment,28,50°26'3''N,3°33'39''E,19,9083210,200.0,"19,4"
0590990860,15/09/2025,17/10/2025,,Rue de l'Yser,,,59599,TOURCOING,2940673,non,,Bâtiment,"27,4",50°44'34''N,3°10'11''E,45,9072950,240.0,"25,4"
0590990860,15/09/2025,17/10/2025,,Rue de l'Yser,,,59599,TOURCOING,2940673,non,,Bâtiment,"27,4",50°44'34''N,3°10'11''E,45,9148991,240.0,"26,5"
0590990860,15/09/2025,17/10/2025,,Rue de l'Yser,,,59599,TOURCOING,2940673,non,,Bâtiment,"27,4",50°44'34''N,3°10'11''E,45,9072948,120.0,"25,4"
0590990860,15/09/2025,17/10/2025,,Rue de l'Yser,,,59599,TOURCOING,2940673,non,,Bâtiment,"27,4",50°44'34''N,3°10'11''E,45,9072946,0.0,"25,4"
0590990860,15/09/2025,17/10/2025,,Rue de l'Yser,,,59599,TOURCOING,2940673,non,,Bâtiment,"27,4",50°44'34''N,3°10'11''E,45,9148989,120.0,"26,5"
0590990860,15/09/2025,17/10/2025,,Rue de l'Yser,,,59599,TOURCOING,2940673,non,,Bâtiment,"27,4",50°44'34''N,3°10'11''E,45,9148987,0.0,"26,5"
0590990855,03/01/2024,09/02/2024,,3 Rue Emile Verharen,,,59410,MONS-EN-BAROEUL,2934194,non,,Bâtiment,"20,4",50°38'26''N,3°7'3''E,"38,6",9047027,190.0,"18,4"
0590990855,03/01/2024,09/02/2024,,3 Rue Emile Verharen,,,59410,MONS-EN-BAROEUL,2934194,non,,Bâtiment,"20,4",50°38'26''N,3°7'3''E,"38,6",9047029,290.0,"18,4"
0590990855,03/01/2024,09/02/2024,,3 Rue Emile Verharen,,,59410,MONS-EN-BAROEUL,2934194,non,,Bâtiment,"20,4",50°38'26''N,3°7'3''E,"38,6",9047025,100.0,"18,4"
0590990854,23/06/2025,25/07/2025,,7b Rue Nationale,,,59350,LILLE,2936176,oui,,Bâtiment,34,50°38'12''N,3°3'46''E,16,9053723,150.0,"29,9"
0590990854,23/06/2025,25/07/2025,,7b Rue Nationale,,,59350,LILLE,2936176,oui,,Bâtiment,34,50°38'12''N,3°3'46''E,16,9053725,330.0,"29,9"
0590990847,23/06/2025,25/07/2025,,1 R CONSTANTINE,Résidence Pré Catelan,,59368,LA MADELEINE,2052512,oui,,Immeuble,22,50°39'15''N,3°3'33''E,21,9009885,110.0,"20,1"
0590990847,23/06/2025,25/07/2025,,1 R CONSTANTINE,Résidence Pré Catelan,,59368,LA MADELEINE,2052512,oui,,Immeuble,22,50°39'15''N,3°3'33''E,21,9009887,240.0,"20,1"
0590990847,23/06/2025,25/07/2025,,1 R CONSTANTINE,Résidence Pré Catelan,,59368,LA MADELEINE,2052512,oui,,Immeuble,22,50°39'15''N,3°3'33''E,21,9009883,0.0,"20,1"
0590990845,14/12/2023,12/01/2024,,1 Rue de l'ABBE Six,,,59350,LILLE,2924529,non,,Bâtiment,"15,5",50°37'45''N,3°6'37''E,30,9009871,60.0,"13,5"
0590990845,14/12/2023,12/01/2024,,1 Rue de l'ABBE Six,,,59350,LILLE,2924529,non,,Bâtiment,"15,5",50°37'45''N,3°6'37''E,30,9009875,320.0,"13,5"
0590990845,14/12/2023,12/01/2024,,1 Rue de l'ABBE Six,,,59350,LILLE,2924529,non,,Bâtiment,"15,5",50°37'45''N,3°6'37''E,30,9009873,170.0,"13,5"
0590990843,23/06/2025,25/07/2025,,1-5 rue Édouard Lalo,,,59286,HAUBOURDIN,3171647,oui,,Immeuble,"21,5",50°36'44''N,2°59'54''E,25,9009861,20.0,"19,5"
0590990843,23/06/2025,25/07/2025,,1-5 rue Édouard Lalo,,,59286,HAUBOURDIN,3171647,oui,,Immeuble,"21,5",50°36'44''N,2°59'54''E,25,9009863,140.0,"19,5"
0590990843,23/06/2025,25/07/2025,,1-5 rue Édouard Lalo,,,59286,HAUBOURDIN,3171647,oui,,Immeuble,"21,5",50°36'44''N,2°59'54''E,25,9063098,140.0,"20,4"
0590990843,23/06/2025,25/07/2025,,1-5 rue Édouard Lalo,,,59286,HAUBOURDIN,3171647,oui,,Immeuble,"21,5",50°36'44''N,2°59'54''E,25,9009859,260.0,"19,5"
0590990843,23/06/2025,25/07/2025,,1-5 rue Édouard Lalo,,,59286,HAUBOURDIN,3171647,oui,,Immeuble,"21,5",50°36'44''N,2°59'54''E,25,9065780,260.0,"20,4"
0590990843,23/06/2025,25/07/2025,,1-5 rue Édouard Lalo,,,59286,HAUBOURDIN,3171647,oui,,Immeuble,"21,5",50°36'44''N,2°59'54''E,25,9063096,20.0,"20,4"
0590990842,24/02/2025,28/03/2025,,451 Boulevard du 08 Mai 1945,,,59172,DENAIN,2924523,non,,Bâtiment,"20,6",50°19'16.608''N,3°23'44.196''E,31,9009857,320.0,"18,6"
0590990842,24/02/2025,28/03/2025,,451 Boulevard du 08 Mai 1945,,,59172,DENAIN,2924523,non,,Bâtiment,"20,6",50°19'16.608''N,3°23'44.196''E,31,9009855,200.0,"18,6"
0590990842,24/02/2025,28/03/2025,,451 Boulevard du 08 Mai 1945,,,59172,DENAIN,2924523,non,,Bâtiment,"20,6",50°19'16.608''N,3°23'44.196''E,31,9206616,100.0,"19,7"
0590990842,24/02/2025,28/03/2025,,451 Boulevard du 08 Mai 1945,,,59172,DENAIN,2924523,non,,Bâtiment,"20,6",50°19'16.608''N,3°23'44.196''E,31,9009853,100.0,"18,6"
0590990842,24/02/2025,28/03/2025,,451 Boulevard du 08 Mai 1945,,,59172,DENAIN,2924523,non,,Bâtiment,"20,6",50°19'16.608''N,3°23'44.196''E,31,9206618,200.0,"19,7"
0590990842,24/02/2025,28/03/2025,,451 Boulevard du 08 Mai 1945,,,59172,DENAIN,2924523,non,,Bâtiment,"20,6",50°19'16.608''N,3°23'44.196''E,31,9206620,320.0,"19,7"
0590990841,23/06/2025,25/07/2025,,270 r pierre de roubaix,,,59512,ROUBAIX,2195759,oui,,Immeuble,"30,5",50°41'8''N,3°11'28''E,26,8996513,130.0,"24,7"
0590990841,23/06/2025,25/07/2025,,270 r pierre de roubaix,,,59512,ROUBAIX,2195759,oui,,Immeuble,"30,5",50°41'8''N,3°11'28''E,26,8996515,240.0,"24,7"
0590990841,23/06/2025,25/07/2025,,270 r pierre de roubaix,,,59512,ROUBAIX,2195759,oui,,Immeuble,"30,5",50°41'8''N,3°11'28''E,26,8996511,40.0,"24,7"
0590990832,25/06/2025,25/07/2025,ENNEQUIN,256 Rue Eugene Avinee,,,59360,LOOS,2912386,non,,Immeuble,15,50°36'21''N,3°1'40''E,"30,6",8964713,210.0,13
0590990832,25/06/2025,25/07/2025,ENNEQUIN,256 Rue Eugene Avinee,,,59360,LOOS,2912386,non,,Immeuble,15,50°36'21''N,3°1'40''E,"30,6",8964715,350.0,13
0590990832,25/06/2025,25/07/2025,ENNEQUIN,256 Rue Eugene Avinee,,,59360,LOOS,2912386,non,,Immeuble,15,50°36'21''N,3°1'40''E,"30,6",8964711,110.0,13
0590990829,23/06/2025,25/07/2025,,211 bd de Tournai,Hotel Park Inn,,59009,VILLENEUVE-D'ASCQ,2905562,oui,,Bâtiment,33,50°36'47''N,3°8'0''E,42,8937012,90.0,"31,4"
0590990829,23/06/2025,25/07/2025,,211 bd de Tournai,Hotel Park Inn,,59009,VILLENEUVE-D'ASCQ,2905562,oui,,Bâtiment,33,50°36'47''N,3°8'0''E,42,8937010,0.0,"31,4"
0590990829,23/06/2025,25/07/2025,,211 bd de Tournai,Hotel Park Inn,,59009,VILLENEUVE-D'ASCQ,2905562,oui,,Bâtiment,33,50°36'47''N,3°8'0''E,42,8937014,180.0,"31,4"
0590990828,26/06/2025,25/07/2025,,215 RUE DE DUNKERQUE,,,59599,TOURCOING,2904504,non,,Immeuble,"14,5",50°43'3.936''N,3°8'31.344''E,42,8934932,180.0,"12,5"
0590990828,26/06/2025,25/07/2025,,215 RUE DE DUNKERQUE,,,59599,TOURCOING,2904504,non,,Immeuble,"14,5",50°43'3.936''N,3°8'31.344''E,42,8934934,280.0,"12,5"
0590990828,26/06/2025,25/07/2025,,215 RUE DE DUNKERQUE,,,59599,TOURCOING,2904504,non,,Immeuble,"14,5",50°43'3.936''N,3°8'31.344''E,42,8934930,80.0,"12,5"
0590990823,26/06/2025,25/07/2025,,9 rue Henri Dunant,résidence Dunant sise 3,,59527,SAINT-ANDRE-LEZ-LILLE,2900697,non,,Immeuble,"19,9",50°39'54''N,3°3'10''E,23,8920064,160.0,"17,9"
0590990823,26/06/2025,25/07/2025,,9 rue Henri Dunant,résidence Dunant sise 3,,59527,SAINT-ANDRE-LEZ-LILLE,2900697,non,,Immeuble,"19,9",50°39'54''N,3°3'10''E,23,8920062,70.0,"17,9"
0590990823,26/06/2025,25/07/2025,,9 rue Henri Dunant,résidence Dunant sise 3,,59527,SAINT-ANDRE-LEZ-LILLE,2900697,non,,Immeuble,"19,9",50°39'54''N,3°3'10''E,23,9020684,70.0,"18,6"
0590990823,26/06/2025,25/07/2025,,9 rue Henri Dunant,résidence Dunant sise 3,,59527,SAINT-ANDRE-LEZ-LILLE,2900697,non,,Immeuble,"19,9",50°39'54''N,3°3'10''E,23,8920066,270.0,"17,9"
0590990823,26/06/2025,25/07/2025,,9 rue Henri Dunant,résidence Dunant sise 3,,59527,SAINT-ANDRE-LEZ-LILLE,2900697,non,,Immeuble,"19,9",50°39'54''N,3°3'10''E,23,9020688,270.0,"18,6"
0590990823,26/06/2025,25/07/2025,,9 rue Henri Dunant,résidence Dunant sise 3,,59527,SAINT-ANDRE-LEZ-LILLE,2900697,non,,Immeuble,"19,9",50°39'54''N,3°3'10''E,23,9020686,160.0,"18,6"
0590990821,25/06/2025,25/07/2025,LE HAUT VINAGE,37 Rue Leon Jouhaux,,,59646,WASQUEHAL,2898055,oui,,Immeuble,62,50°39'41''N,3°7'44''E,25,8907563,20.0,"44,8"
0590990821,25/06/2025,25/07/2025,LE HAUT VINAGE,37 Rue Leon Jouhaux,,,59646,WASQUEHAL,2898055,oui,,Immeuble,62,50°39'41''N,3°7'44''E,25,8907565,150.0,"44,8"
0590990821,25/06/2025,25/07/2025,LE HAUT VINAGE,37 Rue Leon Jouhaux,,,59646,WASQUEHAL,2898055,oui,,Immeuble,62,50°39'41''N,3°7'44''E,25,9002934,150.0,"48,1"
0590990821,25/06/2025,25/07/2025,LE HAUT VINAGE,37 Rue Leon Jouhaux,,,59646,WASQUEHAL,2898055,oui,,Immeuble,62,50°39'41''N,3°7'44''E,25,8907567,270.0,"44,8"
0590990821,25/06/2025,25/07/2025,LE HAUT VINAGE,37 Rue Leon Jouhaux,,,59646,WASQUEHAL,2898055,oui,,Immeuble,62,50°39'41''N,3°7'44''E,25,9002932,20.0,"48,1"
0590990821,25/06/2025,25/07/2025,LE HAUT VINAGE,37 Rue Leon Jouhaux,,,59646,WASQUEHAL,2898055,oui,,Immeuble,62,50°39'41''N,3°7'44''E,25,9002936,270.0,"48,1"
0590990812,26/06/2025,25/07/2025,,Rue de Liège,Résidence Le Centaure,,59512,ROUBAIX,2882018,non,,Immeuble,"35,7",50°41'11''N,3°12'4''E,23,8845459,300.0,"33,2"
0590990812,26/06/2025,25/07/2025,,Rue de Liège,Résidence Le Centaure,,59512,ROUBAIX,2882018,non,,Immeuble,"35,7",50°41'11''N,3°12'4''E,23,8845455,60.0,"33,2"
0590990812,26/06/2025,25/07/2025,,Rue de Liège,Résidence Le Centaure,,59512,ROUBAIX,2882018,non,,Immeuble,"35,7",50°41'11''N,3°12'4''E,23,8845457,180.0,"33,2"
0590990812,26/06/2025,25/07/2025,,Rue de Liège,Résidence Le Centaure,,59512,ROUBAIX,2882018,non,,Immeuble,"35,7",50°41'11''N,3°12'4''E,23,9206600,180.0,"33,8"
0590990812,26/06/2025,25/07/2025,,Rue de Liège,Résidence Le Centaure,,59512,ROUBAIX,2882018,non,,Immeuble,"35,7",50°41'11''N,3°12'4''E,23,9206602,300.0,"33,8"
0590990812,26/06/2025,25/07/2025,,Rue de Liège,Résidence Le Centaure,,59512,ROUBAIX,2882018,non,,Immeuble,"35,7",50°41'11''N,3°12'4''E,23,9206598,60.0,"33,8"
0590990811,25/08/2025,07/11/2025,,37 Rue Saint Exupéry,,,59386,MARQUETTE-LEZ-LILLE,2882016,non,,Bâtiment,"25,9",50°40'7''N,3°4'8''E,23,8845453,330.0,"16,7"
0590990811,25/08/2025,07/11/2025,,37 Rue Saint Exupéry,,,59386,MARQUETTE-LEZ-LILLE,2882016,non,,Bâtiment,"25,9",50°40'7''N,3°4'8''E,23,8845449,60.0,"17,2"
0590990811,25/08/2025,07/11/2025,,37 Rue Saint Exupéry,,,59386,MARQUETTE-LEZ-LILLE,2882016,non,,Bâtiment,"25,9",50°40'7''N,3°4'8''E,23,9306959,60.0,"16,6"
0590990811,25/08/2025,07/11/2025,,37 Rue Saint Exupéry,,,59386,MARQUETTE-LEZ-LILLE,2882016,non,,Bâtiment,"25,9",50°40'7''N,3°4'8''E,23,8845451,160.0,"16,7"
0590990811,25/08/2025,07/11/2025,,37 Rue Saint Exupéry,,,59386,MARQUETTE-LEZ-LILLE,2882016,non,,Bâtiment,"25,9",50°40'7''N,3°4'8''E,23,9306963,330.0,"17,4"
0590990811,25/08/2025,07/11/2025,,37 Rue Saint Exupéry,,,59386,MARQUETTE-LEZ-LILLE,2882016,non,,Bâtiment,"25,9",50°40'7''N,3°4'8''E,23,9306961,160.0,"17,4"
0590990810,25/06/2025,25/07/2025,,4 allée des Crocus,,,59009,VILLENEUVE-D'ASCQ,2882014,non,,Immeuble,"18,8",50°38'37''N,3°8'1''E,35,8845445,150.0,"16,8"
0590990810,25/06/2025,25/07/2025,,4 allée des Crocus,,,59009,VILLENEUVE-D'ASCQ,2882014,non,,Immeuble,"18,8",50°38'37''N,3°8'1''E,35,8845443,30.0,"16,8"
0590990810,25/06/2025,25/07/2025,,4 allée des Crocus,,,59009,VILLENEUVE-D'ASCQ,2882014,non,,Immeuble,"18,8",50°38'37''N,3°8'1''E,35,8845447,260.0,"16,8"
0590990792,23/06/2025,25/07/2025,,rue de Flandre,,,59350,LILLE,2859436,non,,Bâtiment,"21,5",50°37'40''N,3°3'18''E,22,8758959,20.0,"19,5"
0590990792,23/06/2025,25/07/2025,,rue de Flandre,,,59350,LILLE,2859436,non,,Bâtiment,"21,5",50°37'40''N,3°3'18''E,22,8758963,270.0,"19,5"
0590990792,23/06/2025,25/07/2025,,rue de Flandre,,,59350,LILLE,2859436,non,,Bâtiment,"21,5",50°37'40''N,3°3'18''E,22,8758961,130.0,"19,5"
0590990792,23/06/2025,25/07/2025,,rue de Flandre,,,59350,LILLE,2859436,non,,Bâtiment,"21,5",50°37'40''N,3°3'18''E,22,8876617,270.0,"19,8"
0590990792,23/06/2025,25/07/2025,,rue de Flandre,,,59350,LILLE,2859436,non,,Bâtiment,"21,5",50°37'40''N,3°3'18''E,22,8876613,20.0,"19,8"
0590990792,23/06/2025,25/07/2025,,rue de Flandre,,,59350,LILLE,2859436,non,,Bâtiment,"21,5",50°37'40''N,3°3'18''E,22,8876615,130.0,"19,8"
0590990790,26/06/2025,25/07/2025,,1 AVENUE DE FLANDRE,,,59650,WATTRELOS,2420238,oui,,Immeuble,19,50°42'27.432''N,3°13'42.420''E,35,8726764,90.0,"17,8"
0590990790,26/06/2025,25/07/2025,,1 AVENUE DE FLANDRE,,,59650,WATTRELOS,2420238,oui,,Immeuble,19,50°42'27.432''N,3°13'42.420''E,35,8726768,330.0,"17,8"
0590990790,26/06/2025,25/07/2025,,1 AVENUE DE FLANDRE,,,59650,WATTRELOS,2420238,oui,,Immeuble,19,50°42'27.432''N,3°13'42.420''E,35,8909687,90.0,"16,5"
0590990790,26/06/2025,25/07/2025,,1 AVENUE DE FLANDRE,,,59650,WATTRELOS,2420238,oui,,Immeuble,19,50°42'27.432''N,3°13'42.420''E,35,8726766,210.0,"17,8"
0590990790,26/06/2025,25/07/2025,,1 AVENUE DE FLANDRE,,,59650,WATTRELOS,2420238,oui,,Immeuble,19,50°42'27.432''N,3°13'42.420''E,35,8909689,210.0,"16,5"
0590990790,26/06/2025,25/07/2025,,1 AVENUE DE FLANDRE,,,59650,WATTRELOS,2420238,oui,,Immeuble,19,50°42'27.432''N,3°13'42.420''E,35,8909691,330.0,"16,5"
0590990785,25/06/2025,25/07/2025,,3 rue Aristide Briand,,,59286,HAUBOURDIN,2840610,non,,Immeuble,"19,8",50°36'46''N,2°59'25''E,22,8832179,160.0,"18,9"
0590990785,25/06/2025,25/07/2025,,3 rue Aristide Briand,,,59286,HAUBOURDIN,2840610,non,,Immeuble,"19,8",50°36'46''N,2°59'25''E,22,8689697,160.0,"17,8"
0590990785,25/06/2025,25/07/2025,,3 rue Aristide Briand,,,59286,HAUBOURDIN,2840610,non,,Immeuble,"19,8",50°36'46''N,2°59'25''E,22,8832177,40.0,"18,9"
0590990785,25/06/2025,25/07/2025,,3 rue Aristide Briand,,,59286,HAUBOURDIN,2840610,non,,Immeuble,"19,8",50°36'46''N,2°59'25''E,22,8689695,40.0,"17,8"
0590990785,25/06/2025,25/07/2025,,3 rue Aristide Briand,,,59286,HAUBOURDIN,2840610,non,,Immeuble,"19,8",50°36'46''N,2°59'25''E,22,8689699,280.0,"17,8"
0590990785,25/06/2025,25/07/2025,,3 rue Aristide Briand,,,59286,HAUBOURDIN,2840610,non,,Immeuble,"19,8",50°36'46''N,2°59'25''E,22,8832181,280.0,"18,9"
0590990783,25/06/2025,25/07/2025,VIEUX LILLE,27 RUE DES TOURS,,,59350,LILLE,2836325,oui,,Bâtiment,24,50°38'30''N,3°4'0''E,22,8672242,40.0,"22,5"
0590990783,25/06/2025,25/07/2025,VIEUX LILLE,27 RUE DES TOURS,,,59350,LILLE,2836325,oui,,Bâtiment,24,50°38'30''N,3°4'0''E,22,8672244,260.0,"22,5"
0590990780,25/06/2025,25/07/2025,,172 BOULEVARD VICTOR HUGO,,,59350,LILLE,2291444,oui,,Immeuble,22,50°37'15.564''N,3°3'25.884''E,25,8654772,250.0,"20,4"
0590990780,25/06/2025,25/07/2025,,172 BOULEVARD VICTOR HUGO,,,59350,LILLE,2291444,oui,,Immeuble,22,50°37'15.564''N,3°3'25.884''E,25,8654770,140.0,"20,4"
0590990780,25/06/2025,25/07/2025,,172 BOULEVARD VICTOR HUGO,,,59350,LILLE,2291444,oui,,Immeuble,22,50°37'15.564''N,3°3'25.884''E,25,8654768,40.0,"20,4"
0590990779,26/06/2025,25/07/2025,LES ROSIERS,Rue Du Vertuquet,,,59426,NEUVILLE-EN-FERRAIN,2828475,non,,Immeuble,"18,1",50°45'21''N,3°9'47''E,32,8644968,300.0,"16,1"
0590990779,26/06/2025,25/07/2025,LES ROSIERS,Rue Du Vertuquet,,,59426,NEUVILLE-EN-FERRAIN,2828475,non,,Immeuble,"18,1",50°45'21''N,3°9'47''E,32,8644966,180.0,"16,1"
0590990779,26/06/2025,25/07/2025,LES ROSIERS,Rue Du Vertuquet,,,59426,NEUVILLE-EN-FERRAIN,2828475,non,,Immeuble,"18,1",50°45'21''N,3°9'47''E,32,8718935,300.0,"17,2"
0590990779,26/06/2025,25/07/2025,LES ROSIERS,Rue Du Vertuquet,,,59426,NEUVILLE-EN-FERRAIN,2828475,non,,Immeuble,"18,1",50°45'21''N,3°9'47''E,32,8718933,180.0,"17,2"
0590990777,25/06/2025,25/07/2025,,PLACE DE LA SOLIDARITE,RESIDENCE MARGUERITE YOURCENAR,,59350,LILLE,2827055,non,,Immeuble,"21,4",50°37'24''N,3°3'12''E,25,8639911,90.0,"19,4"
0590990777,25/06/2025,25/07/2025,,PLACE DE LA SOLIDARITE,RESIDENCE MARGUERITE YOURCENAR,,59350,LILLE,2827055,non,,Immeuble,"21,4",50°37'24''N,3°3'12''E,25,8639915,350.0,"19,4"
0590990777,25/06/2025,25/07/2025,,PLACE DE LA SOLIDARITE,RESIDENCE MARGUERITE YOURCENAR,,59350,LILLE,2827055,non,,Immeuble,"21,4",50°37'24''N,3°3'12''E,25,8639913,230.0,"19,4"
0590990776,16/06/2025,18/07/2025,,Rue François VILLON,Résidence A. FLEMING,,59139,CAUDRY,2827457,oui,,Immeuble,23,50°7'58''N,3°24'16''E,119,8639905,70.0,"21,1"
0590990776,16/06/2025,18/07/2025,,Rue François VILLON,Résidence A. FLEMING,,59139,CAUDRY,2827457,oui,,Immeuble,23,50°7'58''N,3°24'16''E,119,8639909,340.0,"21,1"
0590990776,16/06/2025,18/07/2025,,Rue François VILLON,Résidence A. FLEMING,,59139,CAUDRY,2827457,oui,,Immeuble,23,50°7'58''N,3°24'16''E,119,8639907,240.0,"21,1"
0590990775,23/06/2025,07/11/2025,RESIDENCE CHARDIN,4 ALLEE BRULE MAISON,RESIDENCE CHARDIN,,59163,CROIX,3204591,oui,,Immeuble,"18,4",50°40'45''N,3°9'20''E,45,8632882,240.0,"16,4"
0590990775,23/06/2025,07/11/2025,RESIDENCE CHARDIN,4 ALLEE BRULE MAISON,RESIDENCE CHARDIN,,59163,CROIX,3204591,oui,,Immeuble,"18,4",50°40'45''N,3°9'20''E,45,8632878,30.0,"16,4"
0590990775,23/06/2025,07/11/2025,RESIDENCE CHARDIN,4 ALLEE BRULE MAISON,RESIDENCE CHARDIN,,59163,CROIX,3204591,oui,,Immeuble,"18,4",50°40'45''N,3°9'20''E,45,8632880,150.0,"16,4"
0590990774,25/06/2025,25/07/2025,,263 AV LELIEVRE,,,59360,LOOS,2823897,oui,,Immeuble,16,50°37'3''N,3°1'1''E,17,8626467,270.0,"14,6"
0590990774,25/06/2025,25/07/2025,,263 AV LELIEVRE,,,59360,LOOS,2823897,oui,,Immeuble,16,50°37'3''N,3°1'1''E,17,8626463,70.0,"14,6"
0590990774,25/06/2025,25/07/2025,,263 AV LELIEVRE,,,59360,LOOS,2823897,oui,,Immeuble,16,50°37'3''N,3°1'1''E,17,8843896,270.0,"15,7"
0590990774,25/06/2025,25/07/2025,,263 AV LELIEVRE,,,59360,LOOS,2823897,oui,,Immeuble,16,50°37'3''N,3°1'1''E,17,8626465,160.0,"14,6"
0590990774,25/06/2025,25/07/2025,,263 AV LELIEVRE,,,59360,LOOS,2823897,oui,,Immeuble,16,50°37'3''N,3°1'1''E,17,8843894,160.0,"15,7"
0590990774,25/06/2025,25/07/2025,,263 AV LELIEVRE,,,59360,LOOS,2823897,oui,,Immeuble,16,50°37'3''N,3°1'1''E,17,8843892,70.0,"15,7"
0590990759,23/06/2025,25/07/2025,,13 Rue des Ogiers,,,59512,ROUBAIX,2775082,oui,,Immeuble,26,50°41'16''N,3°9'25''E,23,8405188,280.0,24
0590990759,23/06/2025,25/07/2025,,13 Rue des Ogiers,,,59512,ROUBAIX,2775082,oui,,Immeuble,26,50°41'16''N,3°9'25''E,23,8832160,190.0,"25,1"
0590990759,23/06/2025,25/07/2025,,13 Rue des Ogiers,,,59512,ROUBAIX,2775082,oui,,Immeuble,26,50°41'16''N,3°9'25''E,23,8405184,90.0,24
0590990759,23/06/2025,25/07/2025,,13 Rue des Ogiers,,,59512,ROUBAIX,2775082,oui,,Immeuble,26,50°41'16''N,3°9'25''E,23,8405186,190.0,24
0590990759,23/06/2025,25/07/2025,,13 Rue des Ogiers,,,59512,ROUBAIX,2775082,oui,,Immeuble,26,50°41'16''N,3°9'25''E,23,8832162,280.0,"25,1"
0590990759,23/06/2025,25/07/2025,,13 Rue des Ogiers,,,59512,ROUBAIX,2775082,oui,,Immeuble,26,50°41'16''N,3°9'25''E,23,8832158,90.0,"25,1"
0590990757,25/06/2025,25/07/2025,,4 rue d'isly,,,59350,LILLE,2775185,oui,,Immeuble,27,50°37'32''N,3°2'21''E,20,8391997,240.0,"21,2"
0590990757,25/06/2025,25/07/2025,,4 rue d'isly,,,59350,LILLE,2775185,oui,,Immeuble,27,50°37'32''N,3°2'21''E,20,8391995,120.0,"21,2"
0590990757,25/06/2025,25/07/2025,,4 rue d'isly,,,59350,LILLE,2775185,oui,,Immeuble,27,50°37'32''N,3°2'21''E,20,8391999,340.0,"21,2"
0590990757,25/06/2025,25/07/2025,,4 rue d'isly,,,59350,LILLE,2775185,oui,,Immeuble,27,50°37'32''N,3°2'21''E,20,8598710,240.0,"22,5"
0590990757,25/06/2025,25/07/2025,,4 rue d'isly,,,59350,LILLE,2775185,oui,,Immeuble,27,50°37'32''N,3°2'21''E,20,8598708,120.0,"22,5"
0590990757,25/06/2025,25/07/2025,,4 rue d'isly,,,59350,LILLE,2775185,oui,,Immeuble,27,50°37'32''N,3°2'21''E,20,8598712,340.0,"22,5"
0590990756,30/06/2025,04/08/2025,,42-44 RUE PIERRE CURIE,,,59350,LILLE,3000953,oui,,Immeuble,20,50°38'1''N,3°6'34''E,26,8391875,50.0,"18,5"
0590990756,30/06/2025,04/08/2025,,42-44 RUE PIERRE CURIE,,,59350,LILLE,3000953,oui,,Immeuble,20,50°38'1''N,3°6'34''E,26,8391879,270.0,"18,5"
0590990756,30/06/2025,04/08/2025,,42-44 RUE PIERRE CURIE,,,59350,LILLE,3000953,oui,,Immeuble,20,50°38'1''N,3°6'34''E,26,8391877,170.0,"18,5"
0590990756,30/06/2025,04/08/2025,,42-44 RUE PIERRE CURIE,,,59350,LILLE,3000953,oui,,Immeuble,20,50°38'1''N,3°6'34''E,26,8624193,170.0,"18,7"
0590990756,30/06/2025,04/08/2025,,42-44 RUE PIERRE CURIE,,,59350,LILLE,3000953,oui,,Immeuble,20,50°38'1''N,3°6'34''E,26,8624191,50.0,"18,7"
0590990756,30/06/2025,04/08/2025,,42-44 RUE PIERRE CURIE,,,59350,LILLE,3000953,oui,,Immeuble,20,50°38'1''N,3°6'34''E,26,8624195,270.0,"18,7"
0590990755,22/02/2025,28/03/2025,,4 rue du Pont Hennuyer,,,59172,DENAIN,2770529,non,,Immeuble,"13,8",50°19'16''N,3°24'23''E,30,8391869,0.0,"13,1"
0590990755,22/02/2025,28/03/2025,,4 rue du Pont Hennuyer,,,59172,DENAIN,2770529,non,,Immeuble,"13,8",50°19'16''N,3°24'23''E,30,8391871,120.0,"13,1"
0590990755,22/02/2025,28/03/2025,,4 rue du Pont Hennuyer,,,59172,DENAIN,2770529,non,,Immeuble,"13,8",50°19'16''N,3°24'23''E,30,8391873,240.0,"13,1"
0590990755,22/02/2025,28/03/2025,,4 rue du Pont Hennuyer,,,59172,DENAIN,2770529,non,,Immeuble,"13,8",50°19'16''N,3°24'23''E,30,8718919,240.0,"13,5"
0590990755,22/02/2025,28/03/2025,,4 rue du Pont Hennuyer,,,59172,DENAIN,2770529,non,,Immeuble,"13,8",50°19'16''N,3°24'23''E,30,8718917,120.0,"13,5"
0590990755,22/02/2025,28/03/2025,,4 rue du Pont Hennuyer,,,59172,DENAIN,2770529,non,,Immeuble,"13,8",50°19'16''N,3°24'23''E,30,8718915,0.0,"13,5"
0590990742,23/06/2025,25/07/2025,,86 rue Achille Testelin,,,59599,TOURCOING,2734917,non,,Bâtiment,"18,9",50°44'1''N,3°11'1''E,36,8227227,260.0,"16,9"
0590990742,23/06/2025,25/07/2025,,86 rue Achille Testelin,,,59599,TOURCOING,2734917,non,,Bâtiment,"18,9",50°44'1''N,3°11'1''E,36,8227223,30.0,"16,9"
0590990742,23/06/2025,25/07/2025,,86 rue Achille Testelin,,,59599,TOURCOING,2734917,non,,Bâtiment,"18,9",50°44'1''N,3°11'1''E,36,8227225,160.0,"16,9"
0590990741,25/06/2025,25/07/2025,,92 R D'HAUBOURDIN,,,59220,FACHES-THUMESNIL,2139580,oui,,Bâtiment,15,50°36'0''N,3°4'5''E,40,8227221,300.0,"13,4"
0590990741,25/06/2025,25/07/2025,,92 R D'HAUBOURDIN,,,59220,FACHES-THUMESNIL,2139580,oui,,Bâtiment,15,50°36'0''N,3°4'5''E,40,8227219,180.0,"13,4"
0590990741,25/06/2025,25/07/2025,,92 R D'HAUBOURDIN,,,59220,FACHES-THUMESNIL,2139580,oui,,Bâtiment,15,50°36'0''N,3°4'5''E,40,8227217,90.0,"13,4"
0590990741,25/06/2025,25/07/2025,,92 R D'HAUBOURDIN,,,59220,FACHES-THUMESNIL,2139580,oui,,Bâtiment,15,50°36'0''N,3°4'5''E,40,8580553,90.0,14
0590990741,25/06/2025,25/07/2025,,92 R D'HAUBOURDIN,,,59220,FACHES-THUMESNIL,2139580,oui,,Bâtiment,15,50°36'0''N,3°4'5''E,40,8580555,180.0,14
0590990741,25/06/2025,25/07/2025,,92 R D'HAUBOURDIN,,,59220,FACHES-THUMESNIL,2139580,oui,,Bâtiment,15,50°36'0''N,3°4'5''E,40,8580557,300.0,14
0590990740,25/06/2025,25/07/2025,,"31, rue des Poilus",Residence PARTENORD,,59606,VALENCIENNES,2734585,non,,Immeuble,"17,9",50°21'4.824''N,3°31'3.216''E,24,8225806,200.0,"17,8"
0590990740,25/06/2025,25/07/2025,,"31, rue des Poilus",Residence PARTENORD,,59606,VALENCIENNES,2734585,non,,Immeuble,"17,9",50°21'4.824''N,3°31'3.216''E,24,8225808,320.0,"17,8"
0590990740,25/06/2025,25/07/2025,,"31, rue des Poilus",Residence PARTENORD,,59606,VALENCIENNES,2734585,non,,Immeuble,"17,9",50°21'4.824''N,3°31'3.216''E,24,8225804,100.0,"17,8"
0590990740,25/06/2025,25/07/2025,,"31, rue des Poilus",Residence PARTENORD,,59606,VALENCIENNES,2734585,non,,Immeuble,"17,9",50°21'4.824''N,3°31'3.216''E,24,8493418,100.0,"17,8"
0590990740,25/06/2025,25/07/2025,,"31, rue des Poilus",Residence PARTENORD,,59606,VALENCIENNES,2734585,non,,Immeuble,"17,9",50°21'4.824''N,3°31'3.216''E,24,8493422,320.0,"17,8"
0590990740,25/06/2025,25/07/2025,,"31, rue des Poilus",Residence PARTENORD,,59606,VALENCIENNES,2734585,non,,Immeuble,"17,9",50°21'4.824''N,3°31'3.216''E,24,8493420,200.0,"17,8"
0590990729,31/07/2025,29/08/2025,,14-22 R de Tourcoing,Rés de la Fosse aux Chênes,,59512,ROUBAIX,805772,oui,,Bâtiment,23,50°41'59''N,3°10'29''E,37,8125091,220.0,"19,1"
0590990729,31/07/2025,29/08/2025,,14-22 R de Tourcoing,Rés de la Fosse aux Chênes,,59512,ROUBAIX,805772,oui,,Bâtiment,23,50°41'59''N,3°10'29''E,37,8125089,110.0,"19,1"
0590990729,31/07/2025,29/08/2025,,14-22 R de Tourcoing,Rés de la Fosse aux Chênes,,59512,ROUBAIX,805772,oui,,Bâtiment,23,50°41'59''N,3°10'29''E,37,8125087,10.0,"19,1"
0590990723,26/06/2025,25/07/2025,,278 CHAUSSE FERNAND FOREST,,,59599,TOURCOING,703369,oui,,Immeuble,38,50°44'14''N,3°9'5''E,28,8050944,180.0,24
0590990723,26/06/2025,25/07/2025,,278 CHAUSSE FERNAND FOREST,,,59599,TOURCOING,703369,oui,,Immeuble,38,50°44'14''N,3°9'5''E,28,8050942,60.0,24
0590990723,26/06/2025,25/07/2025,,278 CHAUSSE FERNAND FOREST,,,59599,TOURCOING,703369,oui,,Immeuble,38,50°44'14''N,3°9'5''E,28,8050946,280.0,24
0590990721,26/06/2025,25/07/2025,,26 Rue de Lille,,,59512,ROUBAIX,2689151,oui,,Immeuble,28,50°41'15''N,3°10'23''E,29,8023003,260.0,"26,7"
0590990721,26/06/2025,25/07/2025,,26 Rue de Lille,,,59512,ROUBAIX,2689151,oui,,Immeuble,28,50°41'15''N,3°10'23''E,29,8022995,140.0,"24,3"
0590990721,26/06/2025,25/07/2025,,26 Rue de Lille,,,59512,ROUBAIX,2689151,oui,,Immeuble,28,50°41'15''N,3°10'23''E,29,8022993,20.0,"24,3"
0590990721,26/06/2025,25/07/2025,,26 Rue de Lille,,,59512,ROUBAIX,2689151,oui,,Immeuble,28,50°41'15''N,3°10'23''E,29,8022997,260.0,"24,3"
0590990721,26/06/2025,25/07/2025,,26 Rue de Lille,,,59512,ROUBAIX,2689151,oui,,Immeuble,28,50°41'15''N,3°10'23''E,29,8023001,140.0,"26,7"
0590990721,26/06/2025,25/07/2025,,26 Rue de Lille,,,59512,ROUBAIX,2689151,oui,,Immeuble,28,50°41'15''N,3°10'23''E,29,8022999,20.0,"26,7"
0590990715,04/07/2025,08/08/2025,,7 RUE SALAVADOR ALLENDE,RESIDENCE GASCOGNE,,59271,GRANDE-SYNTHE,2677670,non,,Bâtiment,"38,3",51°0'54''N,2°18'26''E,4,7977414,150.0,"36,3"
0590990715,04/07/2025,08/08/2025,,7 RUE SALAVADOR ALLENDE,RESIDENCE GASCOGNE,,59271,GRANDE-SYNTHE,2677670,non,,Bâtiment,"38,3",51°0'54''N,2°18'26''E,4,7977416,240.0,"36,3"
0590990715,04/07/2025,08/08/2025,,7 RUE SALAVADOR ALLENDE,RESIDENCE GASCOGNE,,59271,GRANDE-SYNTHE,2677670,non,,Bâtiment,"38,3",51°0'54''N,2°18'26''E,4,7977412,30.0,"36,3"
0590990715,04/07/2025,08/08/2025,,7 RUE SALAVADOR ALLENDE,RESIDENCE GASCOGNE,,59271,GRANDE-SYNTHE,2677670,non,,Bâtiment,"38,3",51°0'54''N,2°18'26''E,4,8046934,150.0,"37,5"
0590990715,04/07/2025,08/08/2025,,7 RUE SALAVADOR ALLENDE,RESIDENCE GASCOGNE,,59271,GRANDE-SYNTHE,2677670,non,,Bâtiment,"38,3",51°0'54''N,2°18'26''E,4,8046936,240.0,"37,5"
0590990715,04/07/2025,08/08/2025,,7 RUE SALAVADOR ALLENDE,RESIDENCE GASCOGNE,,59271,GRANDE-SYNTHE,2677670,non,,Bâtiment,"38,3",51°0'54''N,2°18'26''E,4,8046932,30.0,"37,5"
0590990706,09/07/2025,08/08/2025,,Bd Molière,Rés. Le Vivorde,,59392,MAUBEUGE,560547,oui,,Immeuble,"28,6",50°17'29''N,3°57'50''E,140,7998234,240.0,"25,8"
0590990706,09/07/2025,08/08/2025,,Bd Molière,Rés. Le Vivorde,,59392,MAUBEUGE,560547,oui,,Immeuble,"28,6",50°17'29''N,3°57'50''E,140,7826564,120.0,"24,7"
0590990706,09/07/2025,08/08/2025,,Bd Molière,Rés. Le Vivorde,,59392,MAUBEUGE,560547,oui,,Immeuble,"28,6",50°17'29''N,3°57'50''E,140,7826562,30.0,"24,7"
0590990706,09/07/2025,08/08/2025,,Bd Molière,Rés. Le Vivorde,,59392,MAUBEUGE,560547,oui,,Immeuble,"28,6",50°17'29''N,3°57'50''E,140,7826566,240.0,"27,7"
0590990706,09/07/2025,08/08/2025,,Bd Molière,Rés. Le Vivorde,,59392,MAUBEUGE,560547,oui,,Immeuble,"28,6",50°17'29''N,3°57'50''E,140,7998232,120.0,"25,8"
0590990706,09/07/2025,08/08/2025,,Bd Molière,Rés. Le Vivorde,,59392,MAUBEUGE,560547,oui,,Immeuble,"28,6",50°17'29''N,3°57'50''E,140,7998230,30.0,"25,8"
0590990703,30/06/2025,04/08/2025,,BD VAUBAN,,,59350,LILLE,2642351,oui,,Bâtiment,32,50°37'54''N,3°2'46''E,20,7818593,140.0,"27,8"
0590990703,30/06/2025,04/08/2025,,BD VAUBAN,,,59350,LILLE,2642351,oui,,Bâtiment,32,50°37'54''N,3°2'46''E,20,7818591,20.0,"27,8"
0590990703,30/06/2025,04/08/2025,,BD VAUBAN,,,59350,LILLE,2642351,oui,,Bâtiment,32,50°37'54''N,3°2'46''E,20,7818595,280.0,"27,8"
0590990701,30/06/2025,04/08/2025,,202 r jean jaurès,,,59009,VILLENEUVE-D'ASCQ,485355,oui,,Bâtiment,39,50°40'0''N,3°8'39''E,22,7818581,190.0,"20,4"
0590990701,30/06/2025,04/08/2025,,202 r jean jaurès,,,59009,VILLENEUVE-D'ASCQ,485355,oui,,Bâtiment,39,50°40'0''N,3°8'39''E,22,7818583,280.0,"20,4"
0590990701,30/06/2025,04/08/2025,,202 r jean jaurès,,,59009,VILLENEUVE-D'ASCQ,485355,oui,,Bâtiment,39,50°40'0''N,3°8'39''E,22,7818579,10.0,"20,4"
0590990701,30/06/2025,04/08/2025,,202 r jean jaurès,,,59009,VILLENEUVE-D'ASCQ,485355,oui,,Bâtiment,39,50°40'0''N,3°8'39''E,22,7998225,280.0,"21,8"
0590990701,30/06/2025,04/08/2025,,202 r jean jaurès,,,59009,VILLENEUVE-D'ASCQ,485355,oui,,Bâtiment,39,50°40'0''N,3°8'39''E,22,7998223,190.0,"21,8"
0590990701,30/06/2025,04/08/2025,,202 r jean jaurès,,,59009,VILLENEUVE-D'ASCQ,485355,oui,,Bâtiment,39,50°40'0''N,3°8'39''E,22,7998221,10.0,"21,8"
0590990697,23/06/2025,25/07/2025,LA MOTTE,RUE DE LILLE,M917,,59279,HALLUIN,2637904,oui,,Immeuble,16,50°46'26''N,3°7'21''E,25,7802321,120.0,"14,9"
0590990697,23/06/2025,25/07/2025,LA MOTTE,RUE DE LILLE,M917,,59279,HALLUIN,2637904,oui,,Immeuble,16,50°46'26''N,3°7'21''E,25,7802319,0.0,"14,9"
0590990697,23/06/2025,25/07/2025,LA MOTTE,RUE DE LILLE,M917,,59279,HALLUIN,2637904,oui,,Immeuble,16,50°46'26''N,3°7'21''E,25,7858771,0.0,16
0590990697,23/06/2025,25/07/2025,LA MOTTE,RUE DE LILLE,M917,,59279,HALLUIN,2637904,oui,,Immeuble,16,50°46'26''N,3°7'21''E,25,7802323,240.0,"14,9"
0590990697,23/06/2025,25/07/2025,LA MOTTE,RUE DE LILLE,M917,,59279,HALLUIN,2637904,oui,,Immeuble,16,50°46'26''N,3°7'21''E,25,7858773,120.0,16
0590990697,23/06/2025,25/07/2025,LA MOTTE,RUE DE LILLE,M917,,59279,HALLUIN,2637904,oui,,Immeuble,16,50°46'26''N,3°7'21''E,25,7858775,240.0,16
0590990692,31/07/2025,29/08/2025,QUATIER DUTEMPLE,Usine COCHEZ201 Avenue Desandrouins,A23 D13,,59606,VALENCIENNES,2617658,non,,Bâtiment,30,50°21'41''N,3°29'13''E,50,7717891,120.0,"23,6"
0590990692,31/07/2025,29/08/2025,QUATIER DUTEMPLE,Usine COCHEZ201 Avenue Desandrouins,A23 D13,,59606,VALENCIENNES,2617658,non,,Bâtiment,30,50°21'41''N,3°29'13''E,50,7717893,210.0,"23,6"
0590990692,31/07/2025,29/08/2025,QUATIER DUTEMPLE,Usine COCHEZ201 Avenue Desandrouins,A23 D13,,59606,VALENCIENNES,2617658,non,,Bâtiment,30,50°21'41''N,3°29'13''E,50,7717889,0.0,"23,6"
0590990692,31/07/2025,29/08/2025,QUATIER DUTEMPLE,Usine COCHEZ201 Avenue Desandrouins,A23 D13,,59606,VALENCIENNES,2617658,non,,Bâtiment,30,50°21'41''N,3°29'13''E,50,7858667,210.0,"25,7"
0590990692,31/07/2025,29/08/2025,QUATIER DUTEMPLE,Usine COCHEZ201 Avenue Desandrouins,A23 D13,,59606,VALENCIENNES,2617658,non,,Bâtiment,30,50°21'41''N,3°29'13''E,50,7858665,120.0,"25,7"
0590990692,31/07/2025,29/08/2025,QUATIER DUTEMPLE,Usine COCHEZ201 Avenue Desandrouins,A23 D13,,59606,VALENCIENNES,2617658,non,,Bâtiment,30,50°21'41''N,3°29'13''E,50,7858663,0.0,"25,7"
0590990686,25/06/2025,25/07/2025,,4 AVENUE EMILE ZOLA,Clinique,,59350,LILLE,2603825,oui,,Bâtiment,25,50°38'56''N,3°5'9''E,37,7719857,60.0,"19,7"
0590990686,25/06/2025,25/07/2025,,4 AVENUE EMILE ZOLA,Clinique,,59350,LILLE,2603825,oui,,Bâtiment,25,50°38'56''N,3°5'9''E,37,7654893,200.0,"17,9"
0590990686,25/06/2025,25/07/2025,,4 AVENUE EMILE ZOLA,Clinique,,59350,LILLE,2603825,oui,,Bâtiment,25,50°38'56''N,3°5'9''E,37,7654895,300.0,"17,9"
0590990686,25/06/2025,25/07/2025,,4 AVENUE EMILE ZOLA,Clinique,,59350,LILLE,2603825,oui,,Bâtiment,25,50°38'56''N,3°5'9''E,37,7654891,60.0,"17,9"
0590990686,25/06/2025,25/07/2025,,4 AVENUE EMILE ZOLA,Clinique,,59350,LILLE,2603825,oui,,Bâtiment,25,50°38'56''N,3°5'9''E,37,7719861,300.0,"19,7"
0590990686,25/06/2025,25/07/2025,,4 AVENUE EMILE ZOLA,Clinique,,59350,LILLE,2603825,oui,,Bâtiment,25,50°38'56''N,3°5'9''E,37,7719859,200.0,"19,7"
0590990682,25/06/2025,25/07/2025,,48 rue Nicolas leblanc,,,59350,LILLE,2587297,non,,Immeuble,"23,8",50°37'43''N,3°3'40''E,21,7578734,320.0,"21,8"
0590990682,25/06/2025,25/07/2025,,48 rue Nicolas leblanc,,,59350,LILLE,2587297,non,,Immeuble,"23,8",50°37'43''N,3°3'40''E,21,7578732,200.0,"21,8"
0590990682,25/06/2025,25/07/2025,,48 rue Nicolas leblanc,,,59350,LILLE,2587297,non,,Immeuble,"23,8",50°37'43''N,3°3'40''E,21,7578730,60.0,"21,8"
0590990682,25/06/2025,25/07/2025,,48 rue Nicolas leblanc,,,59350,LILLE,2587297,non,,Immeuble,"23,8",50°37'43''N,3°3'40''E,21,7702366,60.0,22
0590990682,25/06/2025,25/07/2025,,48 rue Nicolas leblanc,,,59350,LILLE,2587297,non,,Immeuble,"23,8",50°37'43''N,3°3'40''E,21,7702368,200.0,22
0590990682,25/06/2025,25/07/2025,,48 rue Nicolas leblanc,,,59350,LILLE,2587297,non,,Immeuble,"23,8",50°37'43''N,3°3'40''E,21,7702370,320.0,22
0590990681,25/06/2025,25/07/2025,,RUE DE BELLEVUE,M651 N356,,59350,LILLE,2582883,oui,,Bâtiment,19,50°37'40''N,3°5'12''E,35,7556346,90.0,"13,7"
0590990681,25/06/2025,25/07/2025,,RUE DE BELLEVUE,M651 N356,,59350,LILLE,2582883,oui,,Bâtiment,19,50°37'40''N,3°5'12''E,35,7556348,220.0,"13,7"
0590990681,25/06/2025,25/07/2025,,RUE DE BELLEVUE,M651 N356,,59350,LILLE,2582883,oui,,Bâtiment,19,50°37'40''N,3°5'12''E,35,7556350,320.0,"17,7"
0590990674,23/06/2025,25/07/2025,MARBRERIE,RUE ANATOLE DE LA FORGE,M941,,59350,LILLE,2548877,non,,Bâtiment,"24,3",50°37'45''N,3°5'51''E,26,7788009,20.0,"23,4"
0590990674,23/06/2025,25/07/2025,MARBRERIE,RUE ANATOLE DE LA FORGE,M941,,59350,LILLE,2548877,non,,Bâtiment,"24,3",50°37'45''N,3°5'51''E,26,7367550,120.0,"22,3"
0590990674,23/06/2025,25/07/2025,MARBRERIE,RUE ANATOLE DE LA FORGE,M941,,59350,LILLE,2548877,non,,Bâtiment,"24,3",50°37'45''N,3°5'51''E,26,7367552,240.0,"22,3"
0590990674,23/06/2025,25/07/2025,MARBRERIE,RUE ANATOLE DE LA FORGE,M941,,59350,LILLE,2548877,non,,Bâtiment,"24,3",50°37'45''N,3°5'51''E,26,7788011,120.0,"23,4"
0590990674,23/06/2025,25/07/2025,MARBRERIE,RUE ANATOLE DE LA FORGE,M941,,59350,LILLE,2548877,non,,Bâtiment,"24,3",50°37'45''N,3°5'51''E,26,7367548,20.0,"22,3"
0590990674,23/06/2025,25/07/2025,MARBRERIE,RUE ANATOLE DE LA FORGE,M941,,59350,LILLE,2548877,non,,Bâtiment,"24,3",50°37'45''N,3°5'51''E,26,7788013,240.0,"23,4"
0590990672,25/06/2025,25/07/2025,,1 r geoges potié,bd  de la république,,59360,LOOS,795968,oui,,Bâtiment,26,50°36'51''N,3°0'31''E,22,7360877,70.0,"18,7"
0590990672,25/06/2025,25/07/2025,,1 r geoges potié,bd  de la république,,59360,LOOS,795968,oui,,Bâtiment,26,50°36'51''N,3°0'31''E,22,7508613,240.0,"19,2"
0590990672,25/06/2025,25/07/2025,,1 r geoges potié,bd  de la république,,59360,LOOS,795968,oui,,Bâtiment,26,50°36'51''N,3°0'31''E,22,7360879,240.0,"18,7"
0590990672,25/06/2025,25/07/2025,,1 r geoges potié,bd  de la république,,59360,LOOS,795968,oui,,Bâtiment,26,50°36'51''N,3°0'31''E,22,7360881,340.0,"18,7"
0590990672,25/06/2025,25/07/2025,,1 r geoges potié,bd  de la république,,59360,LOOS,795968,oui,,Bâtiment,26,50°36'51''N,3°0'31''E,22,7508611,70.0,"19,2"
0590990672,25/06/2025,25/07/2025,,1 r geoges potié,bd  de la république,,59360,LOOS,795968,oui,,Bâtiment,26,50°36'51''N,3°0'31''E,22,7508615,340.0,"19,2"
0590990665,25/06/2025,25/07/2025,,1 pl Vauban,,,59410,MONS-EN-BAROEUL,1878465,oui,,Immeuble,61,50°38'14.604''N,3°6'39.492''E,30,7330472,200.0,"53,6"
0590990665,25/06/2025,25/07/2025,,1 pl Vauban,,,59410,MONS-EN-BAROEUL,1878465,oui,,Immeuble,61,50°38'14.604''N,3°6'39.492''E,30,7330474,320.0,"53,6"
0590990665,25/06/2025,25/07/2025,,1 pl Vauban,,,59410,MONS-EN-BAROEUL,1878465,oui,,Immeuble,61,50°38'14.604''N,3°6'39.492''E,30,7330470,60.0,"53,6"
0590990665,25/06/2025,25/07/2025,,1 pl Vauban,,,59410,MONS-EN-BAROEUL,1878465,oui,,Immeuble,61,50°38'14.604''N,3°6'39.492''E,30,7787999,60.0,"54,4"
0590990665,25/06/2025,25/07/2025,,1 pl Vauban,,,59410,MONS-EN-BAROEUL,1878465,oui,,Immeuble,61,50°38'14.604''N,3°6'39.492''E,30,7788003,320.0,"54,4"
0590990665,25/06/2025,25/07/2025,,1 pl Vauban,,,59410,MONS-EN-BAROEUL,1878465,oui,,Immeuble,61,50°38'14.604''N,3°6'39.492''E,30,7788001,200.0,"54,4"
0590990664,23/06/2025,25/07/2025,,4 rue Flemming,immeuble Résidence Petit Maroc,,59350,LILLE,2596559,oui,,Immeuble,"25,4",50°37'8.004''N,3°5'9.780''E,30,7318373,240.0,"23,2"
0590990664,23/06/2025,25/07/2025,,4 rue Flemming,immeuble Résidence Petit Maroc,,59350,LILLE,2596559,oui,,Immeuble,"25,4",50°37'8.004''N,3°5'9.780''E,30,7318369,30.0,"23,2"
0590990664,23/06/2025,25/07/2025,,4 rue Flemming,immeuble Résidence Petit Maroc,,59350,LILLE,2596559,oui,,Immeuble,"25,4",50°37'8.004''N,3°5'9.780''E,30,7318371,140.0,"23,2"
0590990664,23/06/2025,25/07/2025,,4 rue Flemming,immeuble Résidence Petit Maroc,,59350,LILLE,2596559,oui,,Immeuble,"25,4",50°37'8.004''N,3°5'9.780''E,30,7787993,240.0,"24,3"
0590990664,23/06/2025,25/07/2025,,4 rue Flemming,immeuble Résidence Petit Maroc,,59350,LILLE,2596559,oui,,Immeuble,"25,4",50°37'8.004''N,3°5'9.780''E,30,7787989,30.0,"24,3"
0590990664,23/06/2025,25/07/2025,,4 rue Flemming,immeuble Résidence Petit Maroc,,59350,LILLE,2596559,oui,,Immeuble,"25,4",50°37'8.004''N,3°5'9.780''E,30,7787991,140.0,"24,3"
0590990662,25/06/2025,25/07/2025,,1 R RACINE,,,59299,HEM,2890872,oui,,Immeuble,13,50°40'11''N,3°10'34''E,47,7288419,240.0,"11,5"
0590990662,25/06/2025,25/07/2025,,1 R RACINE,,,59299,HEM,2890872,oui,,Immeuble,13,50°40'11''N,3°10'34''E,47,7288421,330.0,"11,5"
0590990662,25/06/2025,25/07/2025,,1 R RACINE,,,59299,HEM,2890872,oui,,Immeuble,13,50°40'11''N,3°10'34''E,47,8369609,150.0,12
0590990662,25/06/2025,25/07/2025,,1 R RACINE,,,59299,HEM,2890872,oui,,Immeuble,13,50°40'11''N,3°10'34''E,47,7288417,150.0,"11,5"
0590990662,25/06/2025,25/07/2025,,1 R RACINE,,,59299,HEM,2890872,oui,,Immeuble,13,50°40'11''N,3°10'34''E,47,8369613,330.0,12
0590990662,25/06/2025,25/07/2025,,1 R RACINE,,,59299,HEM,2890872,oui,,Immeuble,13,50°40'11''N,3°10'34''E,47,8369611,240.0,12
0590990650,25/06/2025,25/07/2025,ZONE D AMENAGEMENT CONCERTE D,1 RUE PAUL GAUGUIN,ZONE D AMENAGEMENT CONCERTE D AULNOY,,59032,AULNOY-LEZ-VALENCIENNES,2500876,non,,Bâtiment,28,50°20'5''N,3°31'24''E,53,7134510,340.0,26
0590990650,25/06/2025,25/07/2025,ZONE D AMENAGEMENT CONCERTE D,1 RUE PAUL GAUGUIN,ZONE D AMENAGEMENT CONCERTE D AULNOY,,59032,AULNOY-LEZ-VALENCIENNES,2500876,non,,Bâtiment,28,50°20'5''N,3°31'24''E,53,7426986,340.0,27
0590990650,25/06/2025,25/07/2025,ZONE D AMENAGEMENT CONCERTE D,1 RUE PAUL GAUGUIN,ZONE D AMENAGEMENT CONCERTE D AULNOY,,59032,AULNOY-LEZ-VALENCIENNES,2500876,non,,Bâtiment,28,50°20'5''N,3°31'24''E,53,7426982,180.0,"23,6"
0590990650,25/06/2025,25/07/2025,ZONE D AMENAGEMENT CONCERTE D,1 RUE PAUL GAUGUIN,ZONE D AMENAGEMENT CONCERTE D AULNOY,,59032,AULNOY-LEZ-VALENCIENNES,2500876,non,,Bâtiment,28,50°20'5''N,3°31'24''E,53,7134506,70.0,26
0590990650,25/06/2025,25/07/2025,ZONE D AMENAGEMENT CONCERTE D,1 RUE PAUL GAUGUIN,ZONE D AMENAGEMENT CONCERTE D AULNOY,,59032,AULNOY-LEZ-VALENCIENNES,2500876,non,,Bâtiment,28,50°20'5''N,3°31'24''E,53,7134508,180.0,"22,7"
0590990650,25/06/2025,25/07/2025,ZONE D AMENAGEMENT CONCERTE D,1 RUE PAUL GAUGUIN,ZONE D AMENAGEMENT CONCERTE D AULNOY,,59032,AULNOY-LEZ-VALENCIENNES,2500876,non,,Bâtiment,28,50°20'5''N,3°31'24''E,53,7426984,70.0,27
0590990630,25/06/2025,25/07/2025,,Rue de la murisserie,,,59286,HAUBOURDIN,2420331,non,,Bâtiment,"26,5",50°36'15''N,2°59'21''E,25,6768946,50.0,"23,9"
0590990630,25/06/2025,25/07/2025,,Rue de la murisserie,,,59286,HAUBOURDIN,2420331,non,,Bâtiment,"26,5",50°36'15''N,2°59'21''E,25,6768948,140.0,"23,9"
0590990630,25/06/2025,25/07/2025,,Rue de la murisserie,,,59286,HAUBOURDIN,2420331,non,,Bâtiment,"26,5",50°36'15''N,2°59'21''E,25,6768950,320.0,"23,9"
0590990630,25/06/2025,25/07/2025,,Rue de la murisserie,,,59286,HAUBOURDIN,2420331,non,,Bâtiment,"26,5",50°36'15''N,2°59'21''E,25,6931171,50.0,"24,9"
0590990630,25/06/2025,25/07/2025,,Rue de la murisserie,,,59286,HAUBOURDIN,2420331,non,,Bâtiment,"26,5",50°36'15''N,2°59'21''E,25,6931175,320.0,"24,9"
0590990630,25/06/2025,25/07/2025,,Rue de la murisserie,,,59286,HAUBOURDIN,2420331,non,,Bâtiment,"26,5",50°36'15''N,2°59'21''E,25,6931173,140.0,"24,9"
0590990627,30/06/2025,04/08/2025,,R des Mésanges,Chardonnerets - Bât. C,,59079,BEUVRAGES,2412828,oui,,Immeuble,37,50°23'2''N,3°30'3''E,28,6734893,0.0,"26,9"
0590990627,30/06/2025,04/08/2025,,R des Mésanges,Chardonnerets - Bât. C,,59079,BEUVRAGES,2412828,oui,,Immeuble,37,50°23'2''N,3°30'3''E,28,6734903,240.0,"27,2"
0590990627,30/06/2025,04/08/2025,,R des Mésanges,Chardonnerets - Bât. C,,59079,BEUVRAGES,2412828,oui,,Immeuble,37,50°23'2''N,3°30'3''E,28,6734895,110.0,"26,9"
0590990627,30/06/2025,04/08/2025,,R des Mésanges,Chardonnerets - Bât. C,,59079,BEUVRAGES,2412828,oui,,Immeuble,37,50°23'2''N,3°30'3''E,28,6734897,240.0,"26,9"
0590990627,30/06/2025,04/08/2025,,R des Mésanges,Chardonnerets - Bât. C,,59079,BEUVRAGES,2412828,oui,,Immeuble,37,50°23'2''N,3°30'3''E,28,6734901,110.0,"27,2"
0590990627,30/06/2025,04/08/2025,,R des Mésanges,Chardonnerets - Bât. C,,59079,BEUVRAGES,2412828,oui,,Immeuble,37,50°23'2''N,3°30'3''E,28,6734899,0.0,"27,2"
0590990616,25/06/2025,25/07/2025,,76-78 Boulevard de Metz,,,59350,LILLE,2339310,non,,Immeuble,"39,5",50°37'7''N,3°2'36''E,28,6428499,210.0,"37,5"
0590990616,25/06/2025,25/07/2025,,76-78 Boulevard de Metz,,,59350,LILLE,2339310,non,,Immeuble,"39,5",50°37'7''N,3°2'36''E,28,6727789,330.0,"38,4"
0590990616,25/06/2025,25/07/2025,,76-78 Boulevard de Metz,,,59350,LILLE,2339310,non,,Immeuble,"39,5",50°37'7''N,3°2'36''E,28,6428501,330.0,"37,5"
0590990616,25/06/2025,25/07/2025,,76-78 Boulevard de Metz,,,59350,LILLE,2339310,non,,Immeuble,"39,5",50°37'7''N,3°2'36''E,28,6428497,90.0,"37,5"
0590990616,25/06/2025,25/07/2025,,76-78 Boulevard de Metz,,,59350,LILLE,2339310,non,,Immeuble,"39,5",50°37'7''N,3°2'36''E,28,6727787,210.0,"38,4"
0590990616,25/06/2025,25/07/2025,,76-78 Boulevard de Metz,,,59350,LILLE,2339310,non,,Immeuble,"39,5",50°37'7''N,3°2'36''E,28,6727785,90.0,"38,4"
0590990591,11/07/2025,18/08/2025,,12-14 rue des cannoniers,,,59350,LILLE,2262786,oui,,Immeuble,36,50°38'23''N,3°4'12''E,19,6163983,270.0,"31,4"
0590990591,11/07/2025,18/08/2025,,12-14 rue des cannoniers,,,59350,LILLE,2262786,oui,,Immeuble,36,50°38'23''N,3°4'12''E,19,6163979,20.0,"31,4"
0590990591,11/07/2025,18/08/2025,,12-14 rue des cannoniers,,,59350,LILLE,2262786,oui,,Immeuble,36,50°38'23''N,3°4'12''E,19,6163981,120.0,"31,4"
0590990591,11/07/2025,18/08/2025,,12-14 rue des cannoniers,,,59350,LILLE,2262786,oui,,Immeuble,36,50°38'23''N,3°4'12''E,19,6536213,20.0,32
0590990591,11/07/2025,18/08/2025,,12-14 rue des cannoniers,,,59350,LILLE,2262786,oui,,Immeuble,36,50°38'23''N,3°4'12''E,19,6536217,270.0,32
0590990591,11/07/2025,18/08/2025,,12-14 rue des cannoniers,,,59350,LILLE,2262786,oui,,Immeuble,36,50°38'23''N,3°4'12''E,19,6536215,120.0,32
0590990587,17/09/2025,17/10/2025,,PLACE DES BUISSES,GARE DE LILLE FLANDRES,,59350,LILLE,2303502,oui,,Bâtiment,26,50°38'10.896''N,3°4'14.556''E,21,6091736,130.0,"20,4"
0590990586,31/07/2025,29/08/2025,,99 rue de Roubaix,,,59599,TOURCOING,2242482,oui,,Immeuble,"27,5",50°42'44''N,3°9'58''E,33,6092083,20.0,"21,3"
0590990586,31/07/2025,29/08/2025,,99 rue de Roubaix,,,59599,TOURCOING,2242482,oui,,Immeuble,"27,5",50°42'44''N,3°9'58''E,33,6092085,140.0,"21,3"
0590990586,31/07/2025,29/08/2025,,99 rue de Roubaix,,,59599,TOURCOING,2242482,oui,,Immeuble,"27,5",50°42'44''N,3°9'58''E,33,6092087,260.0,"21,3"
0590990586,31/07/2025,29/08/2025,,99 rue de Roubaix,,,59599,TOURCOING,2242482,oui,,Immeuble,"27,5",50°42'44''N,3°9'58''E,33,6536206,260.0,21
0590990586,31/07/2025,29/08/2025,,99 rue de Roubaix,,,59599,TOURCOING,2242482,oui,,Immeuble,"27,5",50°42'44''N,3°9'58''E,33,6536202,20.0,21
0590990586,31/07/2025,29/08/2025,,99 rue de Roubaix,,,59599,TOURCOING,2242482,oui,,Immeuble,"27,5",50°42'44''N,3°9'58''E,33,6536204,140.0,21
0590990582,16/09/2025,17/10/2025,,Rue de Berry,Résidence BerryRue de Berry (entrée 2),,59383,MARLY,2232585,oui,,Immeuble,19,50°20'31''N,3°31'10''E,54,6056434,110.0,"17,7"
0590990582,16/09/2025,17/10/2025,,Rue de Berry,Résidence BerryRue de Berry (entrée 2),,59383,MARLY,2232585,oui,,Immeuble,19,50°20'31''N,3°31'10''E,54,6536194,110.0,"18,2"
0590990582,16/09/2025,17/10/2025,,Rue de Berry,Résidence BerryRue de Berry (entrée 2),,59383,MARLY,2232585,oui,,Immeuble,19,50°20'31''N,3°31'10''E,54,6536192,20.0,"18,2"
0590990582,16/09/2025,17/10/2025,,Rue de Berry,Résidence BerryRue de Berry (entrée 2),,59383,MARLY,2232585,oui,,Immeuble,19,50°20'31''N,3°31'10''E,54,6056432,20.0,"17,7"
0590990582,16/09/2025,17/10/2025,,Rue de Berry,Résidence BerryRue de Berry (entrée 2),,59383,MARLY,2232585,oui,,Immeuble,19,50°20'31''N,3°31'10''E,54,6536196,290.0,"18,2"
0590990582,16/09/2025,17/10/2025,,Rue de Berry,Résidence BerryRue de Berry (entrée 2),,59383,MARLY,2232585,oui,,Immeuble,19,50°20'31''N,3°31'10''E,54,6056436,290.0,"17,7"
0590990577,28/08/2025,26/09/2025,,28 RUE ETIENNE DOLET,Résidence les abeilles,,59350,LILLE,2907949,oui,,Immeuble,26,50°37'50''N,3°6'10''E,27,6032557,90.0,"21,9"
0590990577,28/08/2025,26/09/2025,,28 RUE ETIENNE DOLET,Résidence les abeilles,,59350,LILLE,2907949,oui,,Immeuble,26,50°37'50''N,3°6'10''E,27,6032559,240.0,"21,9"
0590990577,28/08/2025,26/09/2025,,28 RUE ETIENNE DOLET,Résidence les abeilles,,59350,LILLE,2907949,oui,,Immeuble,26,50°37'50''N,3°6'10''E,27,6032561,330.0,"21,9"
0590990577,28/08/2025,26/09/2025,,28 RUE ETIENNE DOLET,Résidence les abeilles,,59350,LILLE,2907949,oui,,Immeuble,26,50°37'50''N,3°6'10''E,27,6505002,240.0,"22,7"
0590990577,28/08/2025,26/09/2025,,28 RUE ETIENNE DOLET,Résidence les abeilles,,59350,LILLE,2907949,oui,,Immeuble,26,50°37'50''N,3°6'10''E,27,6505004,330.0,"22,7"
0590990577,28/08/2025,26/09/2025,,28 RUE ETIENNE DOLET,Résidence les abeilles,,59350,LILLE,2907949,oui,,Immeuble,26,50°37'50''N,3°6'10''E,27,6505000,90.0,"22,7"
0590990572,11/07/2025,18/08/2025,,690 AVENUE DE LA REPUBLIQUE,,,59350,LILLE,2194647,oui,,Immeuble,"32,8",50°39'20''N,3°5'16''E,34,5920472,130.0,"28,4"
0590990572,11/07/2025,18/08/2025,,690 AVENUE DE LA REPUBLIQUE,,,59350,LILLE,2194647,oui,,Immeuble,"32,8",50°39'20''N,3°5'16''E,34,5920474,290.0,"28,4"
0590990572,11/07/2025,18/08/2025,,690 AVENUE DE LA REPUBLIQUE,,,59350,LILLE,2194647,oui,,Immeuble,"32,8",50°39'20''N,3°5'16''E,34,5920470,40.0,"28,4"
0590990572,11/07/2025,18/08/2025,,690 AVENUE DE LA REPUBLIQUE,,,59350,LILLE,2194647,oui,,Immeuble,"32,8",50°39'20''N,3°5'16''E,34,6536184,130.0,"28,9"
0590990572,11/07/2025,18/08/2025,,690 AVENUE DE LA REPUBLIQUE,,,59350,LILLE,2194647,oui,,Immeuble,"32,8",50°39'20''N,3°5'16''E,34,6536182,40.0,"28,9"
0590990572,11/07/2025,18/08/2025,,690 AVENUE DE LA REPUBLIQUE,,,59350,LILLE,2194647,oui,,Immeuble,"32,8",50°39'20''N,3°5'16''E,34,6536186,290.0,"28,9"
0590990571,13/08/2025,12/09/2025,Parc Europe,340 bis av de la Marne,Hôtel ibis,,59378,MARCQ-EN-BAROEUL,2194654,oui,,Bâtiment,25,50°40'32''N,3°6'59''E,21,5920468,330.0,"20,3"
0590990571,13/08/2025,12/09/2025,Parc Europe,340 bis av de la Marne,Hôtel ibis,,59378,MARCQ-EN-BAROEUL,2194654,oui,,Bâtiment,25,50°40'32''N,3°6'59''E,21,6504990,60.0,"21,2"
0590990571,13/08/2025,12/09/2025,Parc Europe,340 bis av de la Marne,Hôtel ibis,,59378,MARCQ-EN-BAROEUL,2194654,oui,,Bâtiment,25,50°40'32''N,3°6'59''E,21,6504992,240.0,"21,2"
0590990571,13/08/2025,12/09/2025,Parc Europe,340 bis av de la Marne,Hôtel ibis,,59378,MARCQ-EN-BAROEUL,2194654,oui,,Bâtiment,25,50°40'32''N,3°6'59''E,21,5920464,60.0,"20,3"
0590990571,13/08/2025,12/09/2025,Parc Europe,340 bis av de la Marne,Hôtel ibis,,59378,MARCQ-EN-BAROEUL,2194654,oui,,Bâtiment,25,50°40'32''N,3°6'59''E,21,6504994,330.0,"21,2"
0590990571,13/08/2025,12/09/2025,Parc Europe,340 bis av de la Marne,Hôtel ibis,,59378,MARCQ-EN-BAROEUL,2194654,oui,,Bâtiment,25,50°40'32''N,3°6'59''E,21,5920466,240.0,"20,3"
0590990562,29/08/2025,03/10/2025,,VOIE PAVILLON DES VOSGES,,,59286,HAUBOURDIN,2174660,non,,Immeuble,"34,2",50°37'1.344''N,2°58'35.760''E,25,5847516,280.0,"32,2"
0590990562,29/08/2025,03/10/2025,,VOIE PAVILLON DES VOSGES,,,59286,HAUBOURDIN,2174660,non,,Immeuble,"34,2",50°37'1.344''N,2°58'35.760''E,25,5847512,10.0,"32,2"
0590990562,29/08/2025,03/10/2025,,VOIE PAVILLON DES VOSGES,,,59286,HAUBOURDIN,2174660,non,,Immeuble,"34,2",50°37'1.344''N,2°58'35.760''E,25,5847514,100.0,"32,2"
0590990557,25/06/2025,25/07/2025,Hellemmes,12 r maurice berteaux,,,59350,LILLE,2150803,oui,,Immeuble,18,50°37'25''N,3°5'59''E,31,5762158,240.0,16
0590990557,25/06/2025,25/07/2025,Hellemmes,12 r maurice berteaux,,,59350,LILLE,2150803,oui,,Immeuble,18,50°37'25''N,3°5'59''E,31,5762160,330.0,16
0590990557,25/06/2025,25/07/2025,Hellemmes,12 r maurice berteaux,,,59350,LILLE,2150803,oui,,Immeuble,18,50°37'25''N,3°5'59''E,31,6885038,240.0,"16,8"
0590990557,25/06/2025,25/07/2025,Hellemmes,12 r maurice berteaux,,,59350,LILLE,2150803,oui,,Immeuble,18,50°37'25''N,3°5'59''E,31,6885040,330.0,"16,8"
0590990544,01/09/2025,03/10/2025,,1-5 RES DE L EUROPE,PL DE L'EUROPE,,59457,PERENCHIES,2180524,oui,,Immeuble,27,50°40'17''N,2°58'27''E,31,5535460,210.0,"18,5"
0590990544,01/09/2025,03/10/2025,,1-5 RES DE L EUROPE,PL DE L'EUROPE,,59457,PERENCHIES,2180524,oui,,Immeuble,27,50°40'17''N,2°58'27''E,31,5535458,90.0,"18,5"
0590990544,01/09/2025,03/10/2025,,1-5 RES DE L EUROPE,PL DE L'EUROPE,,59457,PERENCHIES,2180524,oui,,Immeuble,27,50°40'17''N,2°58'27''E,31,5535462,330.0,"18,5"
0590990469,16/06/2025,18/07/2025,,82 PL DE L'ESPLANADE,,,59107,BRAY-DUNES,531438,oui,,Immeuble,27,51°4'49.188''N,2°31'8.148''E,8,5069256,120.0,"25,1"
0590990469,16/06/2025,18/07/2025,,82 PL DE L'ESPLANADE,,,59107,BRAY-DUNES,531438,oui,,Immeuble,27,51°4'49.188''N,2°31'8.148''E,8,5069258,220.0,"25,1"
0590990468,11/07/2025,18/08/2025,,RESIDENCE BRIAND,2 RUE ROBERT SCHUMAN,,59360,LOOS,1954175,non,,Immeuble,19,50°36'43''N,3°1'15''E,27,5068645,260.0,17
0590990468,11/07/2025,18/08/2025,,RESIDENCE BRIAND,2 RUE ROBERT SCHUMAN,,59360,LOOS,1954175,non,,Immeuble,19,50°36'43''N,3°1'15''E,27,5068643,160.0,17
0590990468,11/07/2025,18/08/2025,,RESIDENCE BRIAND,2 RUE ROBERT SCHUMAN,,59360,LOOS,1954175,non,,Immeuble,19,50°36'43''N,3°1'15''E,27,5068641,60.0,17
0590990468,11/07/2025,18/08/2025,,RESIDENCE BRIAND,2 RUE ROBERT SCHUMAN,,59360,LOOS,1954175,non,,Immeuble,19,50°36'43''N,3°1'15''E,27,6612061,60.0,"18,2"
0590990468,11/07/2025,18/08/2025,,RESIDENCE BRIAND,2 RUE ROBERT SCHUMAN,,59360,LOOS,1954175,non,,Immeuble,19,50°36'43''N,3°1'15''E,27,6612065,260.0,"18,2"
0590990468,11/07/2025,18/08/2025,,RESIDENCE BRIAND,2 RUE ROBERT SCHUMAN,,59360,LOOS,1954175,non,,Immeuble,19,50°36'43''N,3°1'15''E,27,6612063,160.0,"18,2"
0590990467,23/07/2025,22/08/2025,L'Epine,"5, imp des rosiers",,,59350,LILLE,635591,oui,,Immeuble,27,50°37'10''N,3°6'15''E,33,5068637,120.0,"24,8"
0590990467,23/07/2025,22/08/2025,L'Epine,"5, imp des rosiers",,,59350,LILLE,635591,oui,,Immeuble,27,50°37'10''N,3°6'15''E,33,6759841,250.0,"25,1"
0590990467,23/07/2025,22/08/2025,L'Epine,"5, imp des rosiers",,,59350,LILLE,635591,oui,,Immeuble,27,50°37'10''N,3°6'15''E,33,5068635,0.0,"24,8"
0590990467,23/07/2025,22/08/2025,L'Epine,"5, imp des rosiers",,,59350,LILLE,635591,oui,,Immeuble,27,50°37'10''N,3°6'15''E,33,5068639,250.0,"24,8"
0590990467,23/07/2025,22/08/2025,L'Epine,"5, imp des rosiers",,,59350,LILLE,635591,oui,,Immeuble,27,50°37'10''N,3°6'15''E,33,6759837,0.0,"25,1"
0590990467,23/07/2025,22/08/2025,L'Epine,"5, imp des rosiers",,,59350,LILLE,635591,oui,,Immeuble,27,50°37'10''N,3°6'15''E,33,6759839,120.0,"25,1"
0590990466,16/09/2025,17/10/2025,,R de la Briqueterie,Résidence Lion d'OR,,59350,LILLE,546361,oui,,Bâtiment,"31,2",50°38'35''N,3°5'21''E,34,5068485,40.0,"24,9"
0590990466,16/09/2025,17/10/2025,,R de la Briqueterie,Résidence Lion d'OR,,59350,LILLE,546361,oui,,Bâtiment,"31,2",50°38'35''N,3°5'21''E,34,7998215,130.0,"29,3"
0590990466,16/09/2025,17/10/2025,,R de la Briqueterie,Résidence Lion d'OR,,59350,LILLE,546361,oui,,Bâtiment,"31,2",50°38'35''N,3°5'21''E,34,5068487,130.0,"28,4"
0590990466,16/09/2025,17/10/2025,,R de la Briqueterie,Résidence Lion d'OR,,59350,LILLE,546361,oui,,Bâtiment,"31,2",50°38'35''N,3°5'21''E,34,5068489,290.0,"24,9"
0590990466,16/09/2025,17/10/2025,,R de la Briqueterie,Résidence Lion d'OR,,59350,LILLE,546361,oui,,Bâtiment,"31,2",50°38'35''N,3°5'21''E,34,7998213,290.0,"24,7"
0590990466,16/09/2025,17/10/2025,,R de la Briqueterie,Résidence Lion d'OR,,59350,LILLE,546361,oui,,Bâtiment,"31,2",50°38'35''N,3°5'21''E,34,7998211,40.0,"24,7"
0590990465,28/08/2025,26/09/2025,,7 SQUARE MORISSON,HOTEL BEST WESTERN WHY,,59350,LILLE,1954111,non,,Immeuble,"24,8",50°38'3''N,3°3'41''E,19,5068479,90.0,"22,8"
0590990465,28/08/2025,26/09/2025,,7 SQUARE MORISSON,HOTEL BEST WESTERN WHY,,59350,LILLE,1954111,non,,Immeuble,"24,8",50°38'3''N,3°3'41''E,19,5068483,300.0,"22,8"
0590990465,28/08/2025,26/09/2025,,7 SQUARE MORISSON,HOTEL BEST WESTERN WHY,,59350,LILLE,1954111,non,,Immeuble,"24,8",50°38'3''N,3°3'41''E,19,5068481,200.0,"22,8"
0590990454,01/09/2025,03/10/2025,,9 RUE DEGEYTER,,,59560,SECLIN,1938076,non,,Immeuble,"21,3",50°32'37.752''N,3°1'31.296''E,28,5014032,50.0,"19,9"
0590990454,01/09/2025,03/10/2025,,9 RUE DEGEYTER,,,59560,SECLIN,1938076,non,,Immeuble,"21,3",50°32'37.752''N,3°1'31.296''E,28,5014036,300.0,"19,9"
0590990454,01/09/2025,03/10/2025,,9 RUE DEGEYTER,,,59560,SECLIN,1938076,non,,Immeuble,"21,3",50°32'37.752''N,3°1'31.296''E,28,7658052,300.0,"19,9"
0590990454,01/09/2025,03/10/2025,,9 RUE DEGEYTER,,,59560,SECLIN,1938076,non,,Immeuble,"21,3",50°32'37.752''N,3°1'31.296''E,28,5014034,200.0,"19,9"
0590990454,01/09/2025,03/10/2025,,9 RUE DEGEYTER,,,59560,SECLIN,1938076,non,,Immeuble,"21,3",50°32'37.752''N,3°1'31.296''E,28,7658048,50.0,"19,9"
0590990454,01/09/2025,03/10/2025,,9 RUE DEGEYTER,,,59560,SECLIN,1938076,non,,Immeuble,"21,3",50°32'37.752''N,3°1'31.296''E,28,7658050,200.0,"19,9"
0590990453,23/07/2025,22/08/2025,,2 SQUARE DU PONT NEUF,,,59350,LILLE,1938074,non,,Immeuble,"22,7",50°38'42''N,3°3'51''E,24,5014028,200.0,"20,7"
0590990453,23/07/2025,22/08/2025,,2 SQUARE DU PONT NEUF,,,59350,LILLE,1938074,non,,Immeuble,"22,7",50°38'42''N,3°3'51''E,24,5014030,305.0,19
0590990453,23/07/2025,22/08/2025,,2 SQUARE DU PONT NEUF,,,59350,LILLE,1938074,non,,Immeuble,"22,7",50°38'42''N,3°3'51''E,24,5014026,90.0,"20,7"
0590990437,04/07/2025,08/08/2025,Résidence Jean Bart,BD DE L'ESPERANCE,cité des cheminots,,59183,DUNKERQUE,1916975,non,,Immeuble,36,51°1'41''N,2°20'26''E,4,4941339,300.0,"32,9"
0590990437,04/07/2025,08/08/2025,Résidence Jean Bart,BD DE L'ESPERANCE,cité des cheminots,,59183,DUNKERQUE,1916975,non,,Immeuble,36,51°1'41''N,2°20'26''E,4,4941337,160.0,"32,9"
0590990437,04/07/2025,08/08/2025,Résidence Jean Bart,BD DE L'ESPERANCE,cité des cheminots,,59183,DUNKERQUE,1916975,non,,Immeuble,36,51°1'41''N,2°20'26''E,4,4941335,60.0,"32,9"
0590990437,04/07/2025,08/08/2025,Résidence Jean Bart,BD DE L'ESPERANCE,cité des cheminots,,59183,DUNKERQUE,1916975,non,,Immeuble,36,51°1'41''N,2°20'26''E,4,9142687,160.0,"33,3"
0590990437,04/07/2025,08/08/2025,Résidence Jean Bart,BD DE L'ESPERANCE,cité des cheminots,,59183,DUNKERQUE,1916975,non,,Immeuble,36,51°1'41''N,2°20'26''E,4,9142689,300.0,"33,3"
0590990437,04/07/2025,08/08/2025,Résidence Jean Bart,BD DE L'ESPERANCE,cité des cheminots,,59183,DUNKERQUE,1916975,non,,Immeuble,36,51°1'41''N,2°20'26''E,4,9142685,60.0,"33,3"
0590990436,13/08/2025,12/09/2025,LE CORBEAU,AV Francois Miterrand,Résidence GREVY,,59392,MAUBEUGE,1916595,non,,Immeuble,"26,7",50°16'58''N,3°56'52''E,149,4941333,350.0,"24,7"
0590990436,13/08/2025,12/09/2025,LE CORBEAU,AV Francois Miterrand,Résidence GREVY,,59392,MAUBEUGE,1916595,non,,Immeuble,"26,7",50°16'58''N,3°56'52''E,149,4941331,240.0,"24,7"
0590990436,13/08/2025,12/09/2025,LE CORBEAU,AV Francois Miterrand,Résidence GREVY,,59392,MAUBEUGE,1916595,non,,Immeuble,"26,7",50°16'58''N,3°56'52''E,149,4941329,130.0,"24,7"
0590990435,03/09/2025,03/10/2025,,RESIDENCE ACIER,28 SQUARE DE ESPAGNE,,59350,LILLE,1916149,non,,Immeuble,"19,9",50°37'30''N,3°1'49''E,21,4939611,60.0,"17,9"
0590990435,03/09/2025,03/10/2025,,RESIDENCE ACIER,28 SQUARE DE ESPAGNE,,59350,LILLE,1916149,non,,Immeuble,"19,9",50°37'30''N,3°1'49''E,21,4939613,180.0,"17,9"
0590990435,03/09/2025,03/10/2025,,RESIDENCE ACIER,28 SQUARE DE ESPAGNE,,59350,LILLE,1916149,non,,Immeuble,"19,9",50°37'30''N,3°1'49''E,21,4939615,320.0,"17,9"
0590990433,22/07/2025,22/08/2025,,13 r de la filature,ancienne usine du Groupement Textile du Nord,,59218,ETROEUNGT,682056,oui,,Bâtiment,34,50°3'34''N,3°55'28''E,162,4927049,0.0,"22,3"
0590990433,22/07/2025,22/08/2025,,13 r de la filature,ancienne usine du Groupement Textile du Nord,,59218,ETROEUNGT,682056,oui,,Bâtiment,34,50°3'34''N,3°55'28''E,162,4927051,90.0,"22,3"
0590990433,22/07/2025,22/08/2025,,13 r de la filature,ancienne usine du Groupement Textile du Nord,,59218,ETROEUNGT,682056,oui,,Bâtiment,34,50°3'34''N,3°55'28''E,162,4927053,180.0,"22,3"
0590990432,13/08/2025,12/09/2025,,1 a 4 rue du Grand Parc,,,59331,LANDRECIES,1911611,non,,Immeuble,28,50°7'26''N,3°41'47''E,139,4923661,90.0,"24,9"
0590990432,13/08/2025,12/09/2025,,1 a 4 rue du Grand Parc,,,59331,LANDRECIES,1911611,non,,Immeuble,28,50°7'26''N,3°41'47''E,139,4923663,190.0,"24,9"
0590990432,13/08/2025,12/09/2025,,1 a 4 rue du Grand Parc,,,59331,LANDRECIES,1911611,non,,Immeuble,28,50°7'26''N,3°41'47''E,139,4923665,310.0,"24,9"
0590990430,01/09/2025,03/10/2025,,73 RUE BALZAC,RESIDENCE BALZAC,,59350,LILLE,1905206,non,,Immeuble,"30,7",50°36'47.736''N,3°2'58.344''E,32,4903554,80.0,"28,7"
0590990430,01/09/2025,03/10/2025,,73 RUE BALZAC,RESIDENCE BALZAC,,59350,LILLE,1905206,non,,Immeuble,"30,7",50°36'47.736''N,3°2'58.344''E,32,4903556,230.0,"28,7"
0590990430,01/09/2025,03/10/2025,,73 RUE BALZAC,RESIDENCE BALZAC,,59350,LILLE,1905206,non,,Immeuble,"30,7",50°36'47.736''N,3°2'58.344''E,32,4903558,330.0,"28,7"
0590990430,01/09/2025,03/10/2025,,73 RUE BALZAC,RESIDENCE BALZAC,,59350,LILLE,1905206,non,,Immeuble,"30,7",50°36'47.736''N,3°2'58.344''E,32,7306009,80.0,"29,9"
0590990430,01/09/2025,03/10/2025,,73 RUE BALZAC,RESIDENCE BALZAC,,59350,LILLE,1905206,non,,Immeuble,"30,7",50°36'47.736''N,3°2'58.344''E,32,7306013,330.0,"29,9"
0590990430,01/09/2025,03/10/2025,,73 RUE BALZAC,RESIDENCE BALZAC,,59350,LILLE,1905206,non,,Immeuble,"30,7",50°36'47.736''N,3°2'58.344''E,32,7306011,230.0,"29,9"
0590990428,31/07/2025,29/08/2025,,113 rue du tilleul,,,59599,TOURCOING,1943780,non,,Immeuble,18,50°43'10''N,3°10'17''E,40,4876625,90.0,15
0590990428,31/07/2025,29/08/2025,,113 rue du tilleul,,,59599,TOURCOING,1943780,non,,Immeuble,18,50°43'10''N,3°10'17''E,40,4876623,0.0,15
0590990428,31/07/2025,29/08/2025,,113 rue du tilleul,,,59599,TOURCOING,1943780,non,,Immeuble,18,50°43'10''N,3°10'17''E,40,4876627,270.0,15
0590990424,30/06/2025,04/08/2025,,81-83 BOULEVARD DE STRASBOURG,,,59350,LILLE,1880000,non,,Immeuble,"22,3",50°37'5''N,3°3'31''E,35,4821210,50.0,"20,3"
0590990424,30/06/2025,04/08/2025,,81-83 BOULEVARD DE STRASBOURG,,,59350,LILLE,1880000,non,,Immeuble,"22,3",50°37'5''N,3°3'31''E,35,4821214,310.0,"20,3"
0590990424,30/06/2025,04/08/2025,,81-83 BOULEVARD DE STRASBOURG,,,59350,LILLE,1880000,non,,Immeuble,"22,3",50°37'5''N,3°3'31''E,35,4821212,180.0,"20,3"
0590990424,30/06/2025,04/08/2025,,81-83 BOULEVARD DE STRASBOURG,,,59350,LILLE,1880000,non,,Immeuble,"22,3",50°37'5''N,3°3'31''E,35,7061991,310.0,"22,2"
0590990424,30/06/2025,04/08/2025,,81-83 BOULEVARD DE STRASBOURG,,,59350,LILLE,1880000,non,,Immeuble,"22,3",50°37'5''N,3°3'31''E,35,7061989,180.0,"22,2"
0590990424,30/06/2025,04/08/2025,,81-83 BOULEVARD DE STRASBOURG,,,59350,LILLE,1880000,non,,Immeuble,"22,3",50°37'5''N,3°3'31''E,35,7061987,50.0,"22,2"
0590990417,23/06/2025,25/07/2025,,2 RUE MARC SANGNIER,RESIDENCE MAGENDIE,,59367,LYS-LEZ-LANNOY,1864401,non,,Immeuble,"39,5",50°40'10.776''N,3°12'12.384''E,39,4771898,130.0,"37,5"
0590990417,23/06/2025,25/07/2025,,2 RUE MARC SANGNIER,RESIDENCE MAGENDIE,,59367,LYS-LEZ-LANNOY,1864401,non,,Immeuble,"39,5",50°40'10.776''N,3°12'12.384''E,39,6776531,220.0,"38,8"
0590990417,23/06/2025,25/07/2025,,2 RUE MARC SANGNIER,RESIDENCE MAGENDIE,,59367,LYS-LEZ-LANNOY,1864401,non,,Immeuble,"39,5",50°40'10.776''N,3°12'12.384''E,39,4771900,220.0,"37,5"
0590990417,23/06/2025,25/07/2025,,2 RUE MARC SANGNIER,RESIDENCE MAGENDIE,,59367,LYS-LEZ-LANNOY,1864401,non,,Immeuble,"39,5",50°40'10.776''N,3°12'12.384''E,39,6776527,30.0,38
0590990417,23/06/2025,25/07/2025,,2 RUE MARC SANGNIER,RESIDENCE MAGENDIE,,59367,LYS-LEZ-LANNOY,1864401,non,,Immeuble,"39,5",50°40'10.776''N,3°12'12.384''E,39,4771896,30.0,"37,5"
0590990417,23/06/2025,25/07/2025,,2 RUE MARC SANGNIER,RESIDENCE MAGENDIE,,59367,LYS-LEZ-LANNOY,1864401,non,,Immeuble,"39,5",50°40'10.776''N,3°12'12.384''E,39,6776529,130.0,"38,8"
0590990411,23/06/2025,25/07/2025,,20 R NATIONALE,,,59378,MARCQ-EN-BAROEUL,1843343,non,,Bâtiment,"19,7",50°40'3''N,3°4'34''E,28,4708126,20.0,"17,7"
0590990411,23/06/2025,25/07/2025,,20 R NATIONALE,,,59378,MARCQ-EN-BAROEUL,1843343,non,,Bâtiment,"19,7",50°40'3''N,3°4'34''E,28,4708128,110.0,"15,5"
0590990411,23/06/2025,25/07/2025,,20 R NATIONALE,,,59378,MARCQ-EN-BAROEUL,1843343,non,,Bâtiment,"19,7",50°40'3''N,3°4'34''E,28,4708130,240.0,"17,7"
0590990409,23/07/2025,22/08/2025,,49 boulevard de Belfort,,,59350,LILLE,1843339,non,,Immeuble,"22,5",50°37'5''N,3°4'24''E,29,4708116,100.0,"20,5"
0590990409,23/07/2025,22/08/2025,,49 boulevard de Belfort,,,59350,LILLE,1843339,non,,Immeuble,"22,5",50°37'5''N,3°4'24''E,29,4708118,340.0,"20,5"
0590990409,23/07/2025,22/08/2025,,49 boulevard de Belfort,,,59350,LILLE,1843339,non,,Immeuble,"22,5",50°37'5''N,3°4'24''E,29,7306003,340.0,21
0590990409,23/07/2025,22/08/2025,,49 boulevard de Belfort,,,59350,LILLE,1843339,non,,Immeuble,"22,5",50°37'5''N,3°4'24''E,29,4708114,200.0,"20,5"
0590990409,23/07/2025,22/08/2025,,49 boulevard de Belfort,,,59350,LILLE,1843339,non,,Immeuble,"22,5",50°37'5''N,3°4'24''E,29,7305999,100.0,21
0590990409,23/07/2025,22/08/2025,,49 boulevard de Belfort,,,59350,LILLE,1843339,non,,Immeuble,"22,5",50°37'5''N,3°4'24''E,29,7306001,200.0,21
0590990396,23/07/2025,22/08/2025,,20 RUE DE PAS,,,59350,LILLE,1819364,non,,Bâtiment,"21,3",50°38'15''N,3°3'39''E,20,4647835,50.0,"19,3"
0590990396,23/07/2025,22/08/2025,,20 RUE DE PAS,,,59350,LILLE,1819364,non,,Bâtiment,"21,3",50°38'15''N,3°3'39''E,20,4647837,170.0,"19,3"
0590990396,23/07/2025,22/08/2025,,20 RUE DE PAS,,,59350,LILLE,1819364,non,,Bâtiment,"21,3",50°38'15''N,3°3'39''E,20,4647839,300.0,"19,3"
0590990396,23/07/2025,22/08/2025,,20 RUE DE PAS,,,59350,LILLE,1819364,non,,Bâtiment,"21,3",50°38'15''N,3°3'39''E,20,7896307,300.0,"19,8"
0590990396,23/07/2025,22/08/2025,,20 RUE DE PAS,,,59350,LILLE,1819364,non,,Bâtiment,"21,3",50°38'15''N,3°3'39''E,20,7896303,50.0,"19,8"
0590990396,23/07/2025,22/08/2025,,20 RUE DE PAS,,,59350,LILLE,1819364,non,,Bâtiment,"21,3",50°38'15''N,3°3'39''E,20,7896305,170.0,"19,8"
0590990392,28/08/2025,26/09/2025,,37 Rue Clemenceau,,,59648,WATTIGNIES,1812566,non,,Bâtiment,"20,4",50°35'53''N,3°3'14''E,48,4627691,110.0,"18,4"
0590990392,28/08/2025,26/09/2025,,37 Rue Clemenceau,,,59648,WATTIGNIES,1812566,non,,Bâtiment,"20,4",50°35'53''N,3°3'14''E,48,4627693,200.0,"18,4"
0590990392,28/08/2025,26/09/2025,,37 Rue Clemenceau,,,59648,WATTIGNIES,1812566,non,,Bâtiment,"20,4",50°35'53''N,3°3'14''E,48,9288155,200.0,"18,1"
0590990392,28/08/2025,26/09/2025,,37 Rue Clemenceau,,,59648,WATTIGNIES,1812566,non,,Bâtiment,"20,4",50°35'53''N,3°3'14''E,48,4627689,10.0,"18,4"
0590990392,28/08/2025,26/09/2025,,37 Rue Clemenceau,,,59648,WATTIGNIES,1812566,non,,Bâtiment,"20,4",50°35'53''N,3°3'14''E,48,9288151,10.0,"18,1"
0590990392,28/08/2025,26/09/2025,,37 Rue Clemenceau,,,59648,WATTIGNIES,1812566,non,,Bâtiment,"20,4",50°35'53''N,3°3'14''E,48,9288153,110.0,"18,1"
0590990383,24/06/2025,25/07/2025,,669 avenue de Dunkerque,,,59350,LILLE,1792154,non,,Immeuble,"23,9",50°38'46''N,2°59'46''E,39,4564420,180.0,"19,8"
0590990383,24/06/2025,25/07/2025,,669 avenue de Dunkerque,,,59350,LILLE,1792154,non,,Immeuble,"23,9",50°38'46''N,2°59'46''E,39,4564422,260.0,"19,8"
0590990383,24/06/2025,25/07/2025,,669 avenue de Dunkerque,,,59350,LILLE,1792154,non,,Immeuble,"23,9",50°38'46''N,2°59'46''E,39,4564418,30.0,"19,8"
0590990383,24/06/2025,25/07/2025,,669 avenue de Dunkerque,,,59350,LILLE,1792154,non,,Immeuble,"23,9",50°38'46''N,2°59'46''E,39,6759831,260.0,"20,2"
0590990383,24/06/2025,25/07/2025,,669 avenue de Dunkerque,,,59350,LILLE,1792154,non,,Immeuble,"23,9",50°38'46''N,2°59'46''E,39,6759829,180.0,"20,2"
0590990383,24/06/2025,25/07/2025,,669 avenue de Dunkerque,,,59350,LILLE,1792154,non,,Immeuble,"23,9",50°38'46''N,2°59'46''E,39,6759827,30.0,"20,2"
0590990370,01/09/2025,03/10/2025,,10 R PABLA NERUDA,RESIDENCE ELIE LECHIFFLART,,59112,BRUAY-SUR-L'ESCAUT,1783511,non,,Immeuble,17,50°24'18.288''N,3°32'49.056''E,31,4539328,90.0,"17,7"
0590990370,01/09/2025,03/10/2025,,10 R PABLA NERUDA,RESIDENCE ELIE LECHIFFLART,,59112,BRUAY-SUR-L'ESCAUT,1783511,non,,Immeuble,17,50°24'18.288''N,3°32'49.056''E,31,6770823,90.0,"17,7"
0590990370,01/09/2025,03/10/2025,,10 R PABLA NERUDA,RESIDENCE ELIE LECHIFFLART,,59112,BRUAY-SUR-L'ESCAUT,1783511,non,,Immeuble,17,50°24'18.288''N,3°32'49.056''E,31,4539332,270.0,"17,7"
0590990370,01/09/2025,03/10/2025,,10 R PABLA NERUDA,RESIDENCE ELIE LECHIFFLART,,59112,BRUAY-SUR-L'ESCAUT,1783511,non,,Immeuble,17,50°24'18.288''N,3°32'49.056''E,31,4539330,180.0,"17,7"
0590990370,01/09/2025,03/10/2025,,10 R PABLA NERUDA,RESIDENCE ELIE LECHIFFLART,,59112,BRUAY-SUR-L'ESCAUT,1783511,non,,Immeuble,17,50°24'18.288''N,3°32'49.056''E,31,6770827,270.0,"17,7"
0590990370,01/09/2025,03/10/2025,,10 R PABLA NERUDA,RESIDENCE ELIE LECHIFFLART,,59112,BRUAY-SUR-L'ESCAUT,1783511,non,,Immeuble,17,50°24'18.288''N,3°32'49.056''E,31,6770825,180.0,"17,7"
0590990364,28/08/2025,26/09/2025,,35 RESIDENCE KRANICHFELD,,,59079,BEUVRAGES,1777340,non,,Immeuble,25,50°23'15.360''N,3°30'43.596''E,23,4520437,70.0,"17,3"
0590990364,28/08/2025,26/09/2025,,35 RESIDENCE KRANICHFELD,,,59079,BEUVRAGES,1777340,non,,Immeuble,25,50°23'15.360''N,3°30'43.596''E,23,4520439,200.0,"17,3"
0590990364,28/08/2025,26/09/2025,,35 RESIDENCE KRANICHFELD,,,59079,BEUVRAGES,1777340,non,,Immeuble,25,50°23'15.360''N,3°30'43.596''E,23,4520441,330.0,"17,3"
0590990364,28/08/2025,26/09/2025,,35 RESIDENCE KRANICHFELD,,,59079,BEUVRAGES,1777340,non,,Immeuble,25,50°23'15.360''N,3°30'43.596''E,23,6770815,70.0,"17,3"
0590990364,28/08/2025,26/09/2025,,35 RESIDENCE KRANICHFELD,,,59079,BEUVRAGES,1777340,non,,Immeuble,25,50°23'15.360''N,3°30'43.596''E,23,6770813,200.0,"17,3"
0590990364,28/08/2025,26/09/2025,,35 RESIDENCE KRANICHFELD,,,59079,BEUVRAGES,1777340,non,,Immeuble,25,50°23'15.360''N,3°30'43.596''E,23,6770817,330.0,"17,3"
0590990362,14/04/2025,16/05/2025,,154 Avenue Jules Brame,Résidence des trois ponts Tour D,,59512,ROUBAIX,1776485,non,,Immeuble,"60,4",50°41'6''N,3°12'14''E,23,4510581,110.0,"45,1"
0590990362,14/04/2025,16/05/2025,,154 Avenue Jules Brame,Résidence des trois ponts Tour D,,59512,ROUBAIX,1776485,non,,Immeuble,"60,4",50°41'6''N,3°12'14''E,23,4510579,0.0,"45,1"
0590990362,14/04/2025,16/05/2025,,154 Avenue Jules Brame,Résidence des trois ponts Tour D,,59512,ROUBAIX,1776485,non,,Immeuble,"60,4",50°41'6''N,3°12'14''E,23,4510583,255.0,"45,1"
0590990350,29/08/2025,03/10/2025,,30 rue Alfred Musset,,,59507,RONCHIN,1736436,non,,Immeuble,"31,9",50°35'50''N,3°5'38''E,4,4393957,260.0,"28,6"
0590990350,29/08/2025,03/10/2025,,30 rue Alfred Musset,,,59507,RONCHIN,1736436,non,,Immeuble,"31,9",50°35'50''N,3°5'38''E,4,4393955,120.0,"29,9"
0590990350,29/08/2025,03/10/2025,,30 rue Alfred Musset,,,59507,RONCHIN,1736436,non,,Immeuble,"31,9",50°35'50''N,3°5'38''E,4,4393953,10.0,"29,9"
0590990345,11/09/2025,10/10/2025,,41 AV DU MARECHAL FOCH,,,59295,HAZEBROUCK,596829,oui,,Immeuble,33,50°43'59''N,2°31'51''E,32,4390853,180.0,27
0590990345,11/09/2025,10/10/2025,,41 AV DU MARECHAL FOCH,,,59295,HAZEBROUCK,596829,oui,,Immeuble,33,50°43'59''N,2°31'51''E,32,4390851,50.0,27
0590990345,11/09/2025,10/10/2025,,41 AV DU MARECHAL FOCH,,,59295,HAZEBROUCK,596829,oui,,Immeuble,33,50°43'59''N,2°31'51''E,32,4390855,280.0,27
0590990341,04/07/2025,08/08/2025,,3-9 r victor hugo,Résidence Victor Hugo,,59131,CAPPELLE-LA-GRANDE,1734352,oui,,Immeuble,"15,2",50°59'54''N,2°23'3''E,1,4386547,160.0,"13,2"
0590990341,04/07/2025,08/08/2025,,3-9 r victor hugo,Résidence Victor Hugo,,59131,CAPPELLE-LA-GRANDE,1734352,oui,,Immeuble,"15,2",50°59'54''N,2°23'3''E,1,7349592,160.0,"14,1"
0590990341,04/07/2025,08/08/2025,,3-9 r victor hugo,Résidence Victor Hugo,,59131,CAPPELLE-LA-GRANDE,1734352,oui,,Immeuble,"15,2",50°59'54''N,2°23'3''E,1,4386549,270.0,"13,2"
0590990341,04/07/2025,08/08/2025,,3-9 r victor hugo,Résidence Victor Hugo,,59131,CAPPELLE-LA-GRANDE,1734352,oui,,Immeuble,"15,2",50°59'54''N,2°23'3''E,1,4386545,30.0,"13,2"
0590990341,04/07/2025,08/08/2025,,3-9 r victor hugo,Résidence Victor Hugo,,59131,CAPPELLE-LA-GRANDE,1734352,oui,,Immeuble,"15,2",50°59'54''N,2°23'3''E,1,7349594,270.0,"14,1"
0590990341,04/07/2025,08/08/2025,,3-9 r victor hugo,Résidence Victor Hugo,,59131,CAPPELLE-LA-GRANDE,1734352,oui,,Immeuble,"15,2",50°59'54''N,2°23'3''E,1,7349590,30.0,"14,1"
0590990334,24/06/2025,25/07/2025,,80 rue Jean de Bologne,,,59178,DOUAI,1725139,non,,Immeuble,19,50°22'20''N,3°4'27''E,28,4366536,330.0,17
0590990334,24/06/2025,25/07/2025,,80 rue Jean de Bologne,,,59178,DOUAI,1725139,non,,Immeuble,19,50°22'20''N,3°4'27''E,28,6980875,330.0,"18,7"
0590990334,24/06/2025,25/07/2025,,80 rue Jean de Bologne,,,59178,DOUAI,1725139,non,,Immeuble,19,50°22'20''N,3°4'27''E,28,4366532,100.0,17
0590990334,24/06/2025,25/07/2025,,80 rue Jean de Bologne,,,59178,DOUAI,1725139,non,,Immeuble,19,50°22'20''N,3°4'27''E,28,4366534,200.0,17
0590990334,24/06/2025,25/07/2025,,80 rue Jean de Bologne,,,59178,DOUAI,1725139,non,,Immeuble,19,50°22'20''N,3°4'27''E,28,6980873,200.0,"18,7"
0590990334,24/06/2025,25/07/2025,,80 rue Jean de Bologne,,,59178,DOUAI,1725139,non,,Immeuble,19,50°22'20''N,3°4'27''E,28,6980871,100.0,"18,7"
0590990333,25/08/2025,26/09/2025,,rue Saint Lazare,Résidence Marthe Lazare Bâtiment B,,59122,CAMBRAI,1725739,oui,,Immeuble,25,50°10'45''N,3°13'41''E,46,4366526,30.0,"22,3"
0590990333,25/08/2025,26/09/2025,,rue Saint Lazare,Résidence Marthe Lazare Bâtiment B,,59122,CAMBRAI,1725739,oui,,Immeuble,25,50°10'45''N,3°13'41''E,46,4366530,290.0,"22,3"
0590990333,25/08/2025,26/09/2025,,rue Saint Lazare,Résidence Marthe Lazare Bâtiment B,,59122,CAMBRAI,1725739,oui,,Immeuble,25,50°10'45''N,3°13'41''E,46,4366528,150.0,"22,3"
0590990331,02/07/2025,04/08/2025,,"1, r Garnier",imm  Rubens  - tour Tea,,59271,GRANDE-SYNTHE,1723888,non,,Immeuble,"36,9",51°1'6''N,2°18'5''E,5,4361415,10.0,"34,9"
0590990331,02/07/2025,04/08/2025,,"1, r Garnier",imm  Rubens  - tour Tea,,59271,GRANDE-SYNTHE,1723888,non,,Immeuble,"36,9",51°1'6''N,2°18'5''E,5,4361419,190.0,"34,9"
0590990331,02/07/2025,04/08/2025,,"1, r Garnier",imm  Rubens  - tour Tea,,59271,GRANDE-SYNTHE,1723888,non,,Immeuble,"36,9",51°1'6''N,2°18'5''E,5,4361417,100.0,"34,9"
0590990331,02/07/2025,04/08/2025,,"1, r Garnier",imm  Rubens  - tour Tea,,59271,GRANDE-SYNTHE,1723888,non,,Immeuble,"36,9",51°1'6''N,2°18'5''E,5,6611979,100.0,"35,7"
0590990331,02/07/2025,04/08/2025,,"1, r Garnier",imm  Rubens  - tour Tea,,59271,GRANDE-SYNTHE,1723888,non,,Immeuble,"36,9",51°1'6''N,2°18'5''E,5,6611981,190.0,"35,7"
0590990331,02/07/2025,04/08/2025,,"1, r Garnier",imm  Rubens  - tour Tea,,59271,GRANDE-SYNTHE,1723888,non,,Immeuble,"36,9",51°1'6''N,2°18'5''E,5,6611977,10.0,"35,7"
0590990330,02/07/2025,04/08/2025,,r Raymond Lis,résidence Bizet,,59017,ARMENTIERES,1713520,oui,,Immeuble,"31,1",50°41'32''N,2°53'11''E,14,4351486,160.0,"27,8"
0590990330,02/07/2025,04/08/2025,,r Raymond Lis,résidence Bizet,,59017,ARMENTIERES,1713520,oui,,Immeuble,"31,1",50°41'32''N,2°53'11''E,14,4351484,0.0,"27,8"
0590990330,02/07/2025,04/08/2025,,r Raymond Lis,résidence Bizet,,59017,ARMENTIERES,1713520,oui,,Immeuble,"31,1",50°41'32''N,2°53'11''E,14,4351488,250.0,"27,8"
0590990330,02/07/2025,04/08/2025,,r Raymond Lis,résidence Bizet,,59017,ARMENTIERES,1713520,oui,,Immeuble,"31,1",50°41'32''N,2°53'11''E,14,6551340,250.0,27
0590990330,02/07/2025,04/08/2025,,r Raymond Lis,résidence Bizet,,59017,ARMENTIERES,1713520,oui,,Immeuble,"31,1",50°41'32''N,2°53'11''E,14,6551338,160.0,27
0590990330,02/07/2025,04/08/2025,,r Raymond Lis,résidence Bizet,,59017,ARMENTIERES,1713520,oui,,Immeuble,"31,1",50°41'32''N,2°53'11''E,14,6551336,0.0,27
0590990329,25/06/2025,25/07/2025,,48 RUE DES MEUNIERS,,,59350,LILLE,1719550,non,,Immeuble,"21,1",50°37'26''N,3°3'28''E,23,4349265,60.0,"19,1"
0590990329,25/06/2025,25/07/2025,,48 RUE DES MEUNIERS,,,59350,LILLE,1719550,non,,Immeuble,"21,1",50°37'26''N,3°3'28''E,23,4349267,210.0,"19,1"
0590990329,25/06/2025,25/07/2025,,48 RUE DES MEUNIERS,,,59350,LILLE,1719550,non,,Immeuble,"21,1",50°37'26''N,3°3'28''E,23,4349269,330.0,"19,1"
0590990327,15/07/2025,18/08/2025,,Résidence Savoie,11 rue Madame sans Gene,,59271,GRANDE-SYNTHE,1719435,non,,Immeuble,"35,5",51°1'8''N,2°19'2''E,6,4348267,200.0,"32,5"
0590990327,15/07/2025,18/08/2025,,Résidence Savoie,11 rue Madame sans Gene,,59271,GRANDE-SYNTHE,1719435,non,,Immeuble,"35,5",51°1'8''N,2°19'2''E,6,4348265,100.0,"32,5"
0590990327,15/07/2025,18/08/2025,,Résidence Savoie,11 rue Madame sans Gene,,59271,GRANDE-SYNTHE,1719435,non,,Immeuble,"35,5",51°1'8''N,2°19'2''E,6,4348269,350.0,"32,5"
0590990327,15/07/2025,18/08/2025,,Résidence Savoie,11 rue Madame sans Gene,,59271,GRANDE-SYNTHE,1719435,non,,Immeuble,"35,5",51°1'8''N,2°19'2''E,6,6611969,350.0,"33,2"
0590990327,15/07/2025,18/08/2025,,Résidence Savoie,11 rue Madame sans Gene,,59271,GRANDE-SYNTHE,1719435,non,,Immeuble,"35,5",51°1'8''N,2°19'2''E,6,6611965,100.0,"33,2"
0590990327,15/07/2025,18/08/2025,,Résidence Savoie,11 rue Madame sans Gene,,59271,GRANDE-SYNTHE,1719435,non,,Immeuble,"35,5",51°1'8''N,2°19'2''E,6,6611967,200.0,"33,2"
0590990326,31/07/2025,29/08/2025,,90 Bd de l'Egalité,OPHLM,,59599,TOURCOING,703347,oui,,Immeuble,27,50°43'48''N,3°10'4''E,38,4341929,250.0,"21,9"
0590990326,31/07/2025,29/08/2025,,90 Bd de l'Egalité,OPHLM,,59599,TOURCOING,703347,oui,,Immeuble,27,50°43'48''N,3°10'4''E,38,4341927,100.0,20
0590990326,31/07/2025,29/08/2025,,90 Bd de l'Egalité,OPHLM,,59599,TOURCOING,703347,oui,,Immeuble,27,50°43'48''N,3°10'4''E,38,4341925,0.0,20
0590990317,01/09/2025,03/10/2025,,2 Rue Gilbert Bostsarron,Résidence Beauchamps,,59491,RAISMES,1705064,oui,,Immeuble,"28,5",50°23'15.792''N,3°29'33.972''E,27,4307877,240.0,"26,8"
0590990317,01/09/2025,03/10/2025,,2 Rue Gilbert Bostsarron,Résidence Beauchamps,,59491,RAISMES,1705064,oui,,Immeuble,"28,5",50°23'15.792''N,3°29'33.972''E,27,4307875,150.0,"26,8"
0590990317,01/09/2025,03/10/2025,,2 Rue Gilbert Bostsarron,Résidence Beauchamps,,59491,RAISMES,1705064,oui,,Immeuble,"28,5",50°23'15.792''N,3°29'33.972''E,27,4307879,340.0,"26,8"
0590990317,01/09/2025,03/10/2025,,2 Rue Gilbert Bostsarron,Résidence Beauchamps,,59491,RAISMES,1705064,oui,,Immeuble,"28,5",50°23'15.792''N,3°29'33.972''E,27,6980882,150.0,"26,8"
0590990317,01/09/2025,03/10/2025,,2 Rue Gilbert Bostsarron,Résidence Beauchamps,,59491,RAISMES,1705064,oui,,Immeuble,"28,5",50°23'15.792''N,3°29'33.972''E,27,6980884,240.0,"26,8"
0590990317,01/09/2025,03/10/2025,,2 Rue Gilbert Bostsarron,Résidence Beauchamps,,59491,RAISMES,1705064,oui,,Immeuble,"28,5",50°23'15.792''N,3°29'33.972''E,27,6980886,340.0,"26,8"
0590990316,11/07/2025,18/08/2025,,"1, Place Leroux de Fauquemont",,,59350,LILLE,1704276,non,,Immeuble,"40,5",50°37'47.964''N,3°2'10.680''E,20,4307873,330.0,"37,6"
0590990316,11/07/2025,18/08/2025,,"1, Place Leroux de Fauquemont",,,59350,LILLE,1704276,non,,Immeuble,"40,5",50°37'47.964''N,3°2'10.680''E,20,4307869,70.0,"37,6"
0590990316,11/07/2025,18/08/2025,,"1, Place Leroux de Fauquemont",,,59350,LILLE,1704276,non,,Immeuble,"40,5",50°37'47.964''N,3°2'10.680''E,20,4307871,220.0,"37,6"
0590990316,11/07/2025,18/08/2025,,"1, Place Leroux de Fauquemont",,,59350,LILLE,1704276,non,,Immeuble,"40,5",50°37'47.964''N,3°2'10.680''E,20,7802516,70.0,"39,5"
0590990316,11/07/2025,18/08/2025,,"1, Place Leroux de Fauquemont",,,59350,LILLE,1704276,non,,Immeuble,"40,5",50°37'47.964''N,3°2'10.680''E,20,7802520,330.0,"39,5"
0590990316,11/07/2025,18/08/2025,,"1, Place Leroux de Fauquemont",,,59350,LILLE,1704276,non,,Immeuble,"40,5",50°37'47.964''N,3°2'10.680''E,20,7802518,220.0,"39,5"
0590990314,26/08/2025,26/09/2025,,56 R du Train de Loos,,,59599,TOURCOING,703343,oui,,Immeuble,"30,6",50°43'44''N,3°7'44''E,32,4278191,120.0,"28,8"
0590990314,26/08/2025,26/09/2025,,56 R du Train de Loos,,,59599,TOURCOING,703343,oui,,Immeuble,"30,6",50°43'44''N,3°7'44''E,32,4278193,250.0,"28,8"
0590990314,26/08/2025,26/09/2025,,56 R du Train de Loos,,,59599,TOURCOING,703343,oui,,Immeuble,"30,6",50°43'44''N,3°7'44''E,32,4278189,10.0,"28,8"
0590990314,26/08/2025,26/09/2025,,56 R du Train de Loos,,,59599,TOURCOING,703343,oui,,Immeuble,"30,6",50°43'44''N,3°7'44''E,32,8624183,120.0,"29,9"
0590990314,26/08/2025,26/09/2025,,56 R du Train de Loos,,,59599,TOURCOING,703343,oui,,Immeuble,"30,6",50°43'44''N,3°7'44''E,32,8624185,250.0,"29,9"
0590990314,26/08/2025,26/09/2025,,56 R du Train de Loos,,,59599,TOURCOING,703343,oui,,Immeuble,"30,6",50°43'44''N,3°7'44''E,32,8624181,10.0,"29,9"
0590990312,28/08/2025,07/11/2025,,RUE PAUL ELUARD,Résidence Les Tilleuls,,59032,AULNOY-LEZ-VALENCIENNES,2246871,oui,,Immeuble,"26,3",50°19'53.760''N,3°30'50.508''E,62,6972619,230.0,"26,3"
0590990312,28/08/2025,07/11/2025,,RUE PAUL ELUARD,Résidence Les Tilleuls,,59032,AULNOY-LEZ-VALENCIENNES,2246871,oui,,Immeuble,"26,3",50°19'53.760''N,3°30'50.508''E,62,4258473,140.0,"26,3"
0590990312,28/08/2025,07/11/2025,,RUE PAUL ELUARD,Résidence Les Tilleuls,,59032,AULNOY-LEZ-VALENCIENNES,2246871,oui,,Immeuble,"26,3",50°19'53.760''N,3°30'50.508''E,62,4258471,40.0,"26,3"
0590990312,28/08/2025,07/11/2025,,RUE PAUL ELUARD,Résidence Les Tilleuls,,59032,AULNOY-LEZ-VALENCIENNES,2246871,oui,,Immeuble,"26,3",50°19'53.760''N,3°30'50.508''E,62,4258475,230.0,"26,3"
0590990312,28/08/2025,07/11/2025,,RUE PAUL ELUARD,Résidence Les Tilleuls,,59032,AULNOY-LEZ-VALENCIENNES,2246871,oui,,Immeuble,"26,3",50°19'53.760''N,3°30'50.508''E,62,6972615,40.0,"26,3"
0590990312,28/08/2025,07/11/2025,,RUE PAUL ELUARD,Résidence Les Tilleuls,,59032,AULNOY-LEZ-VALENCIENNES,2246871,oui,,Immeuble,"26,3",50°19'53.760''N,3°30'50.508''E,62,6972617,140.0,"26,3"
0590990311,25/06/2025,25/07/2025,,1 Allée du Muguet,,,59014,ANZIN,2085512,oui,,Immeuble,27,50°22'25.968''N,3°29'53.988''E,50,4258467,160.0,"27,3"
0590990311,25/06/2025,25/07/2025,,1 Allée du Muguet,,,59014,ANZIN,2085512,oui,,Immeuble,27,50°22'25.968''N,3°29'53.988''E,50,4258465,60.0,"27,3"
0590990311,25/06/2025,25/07/2025,,1 Allée du Muguet,,,59014,ANZIN,2085512,oui,,Immeuble,27,50°22'25.968''N,3°29'53.988''E,50,4258469,330.0,"27,3"
0590990311,25/06/2025,25/07/2025,,1 Allée du Muguet,,,59014,ANZIN,2085512,oui,,Immeuble,27,50°22'25.968''N,3°29'53.988''E,50,6759822,330.0,"27,3"
0590990311,25/06/2025,25/07/2025,,1 Allée du Muguet,,,59014,ANZIN,2085512,oui,,Immeuble,27,50°22'25.968''N,3°29'53.988''E,50,6759818,60.0,"27,3"
0590990311,25/06/2025,25/07/2025,,1 Allée du Muguet,,,59014,ANZIN,2085512,oui,,Immeuble,27,50°22'25.968''N,3°29'53.988''E,50,6759820,160.0,"27,3"
0590990310,11/07/2025,18/08/2025,,r d'hautmont - d.107,Résidence A Delessalle,,59365,LOUVROIL,1684795,oui,,Immeuble,"26,8",50°16'6''N,3°56'58''E,146,4253548,270.0,"24,5"
0590990310,11/07/2025,18/08/2025,,r d'hautmont - d.107,Résidence A Delessalle,,59365,LOUVROIL,1684795,oui,,Immeuble,"26,8",50°16'6''N,3°56'58''E,146,4253544,0.0,"24,5"
0590990310,11/07/2025,18/08/2025,,r d'hautmont - d.107,Résidence A Delessalle,,59365,LOUVROIL,1684795,oui,,Immeuble,"26,8",50°16'6''N,3°56'58''E,146,4253546,130.0,"24,5"
0590990305,18/09/2025,17/10/2025,,r salvador allende,Résidence Médicale Le Molinel,,59646,WASQUEHAL,804792,oui,,Immeuble,26,50°41'16''N,3°7'2''E,30,4241587,350.0,20
0590990305,18/09/2025,17/10/2025,,r salvador allende,Résidence Médicale Le Molinel,,59646,WASQUEHAL,804792,oui,,Immeuble,26,50°41'16''N,3°7'2''E,30,4241583,90.0,20
0590990305,18/09/2025,17/10/2025,,r salvador allende,Résidence Médicale Le Molinel,,59646,WASQUEHAL,804792,oui,,Immeuble,26,50°41'16''N,3°7'2''E,30,4241585,210.0,20
0590990305,18/09/2025,17/10/2025,,r salvador allende,Résidence Médicale Le Molinel,,59646,WASQUEHAL,804792,oui,,Immeuble,26,50°41'16''N,3°7'2''E,30,7567586,350.0,20
0590990305,18/09/2025,17/10/2025,,r salvador allende,Résidence Médicale Le Molinel,,59646,WASQUEHAL,804792,oui,,Immeuble,26,50°41'16''N,3°7'2''E,30,7567584,210.0,20
0590990305,18/09/2025,17/10/2025,,r salvador allende,Résidence Médicale Le Molinel,,59646,WASQUEHAL,804792,oui,,Immeuble,26,50°41'16''N,3°7'2''E,30,7567582,90.0,20
0590990295,16/09/2025,17/10/2025,,148 r nationale,,,59350,LILLE,639124,oui,,Immeuble,41,50°38'1''N,3°3'14''E,20,4221597,220.0,27
0590990295,16/09/2025,17/10/2025,,148 r nationale,,,59350,LILLE,639124,oui,,Immeuble,41,50°38'1''N,3°3'14''E,20,6776517,120.0,"27,9"
0590990295,16/09/2025,17/10/2025,,148 r nationale,,,59350,LILLE,639124,oui,,Immeuble,41,50°38'1''N,3°3'14''E,20,4221599,310.0,27
0590990295,16/09/2025,17/10/2025,,148 r nationale,,,59350,LILLE,639124,oui,,Immeuble,41,50°38'1''N,3°3'14''E,20,6776521,310.0,"28,5"
0590990295,16/09/2025,17/10/2025,,148 r nationale,,,59350,LILLE,639124,oui,,Immeuble,41,50°38'1''N,3°3'14''E,20,4221595,120.0,27
0590990295,16/09/2025,17/10/2025,,148 r nationale,,,59350,LILLE,639124,oui,,Immeuble,41,50°38'1''N,3°3'14''E,20,6776519,220.0,"27,9"
0590990292,14/08/2025,12/09/2025,,sis 13 rue des Bateliers ,Résidence VOLGA immeuble PROMO,,59291,HAUTMONT,1668232,non,,Immeuble,"27,5",50°15'0''N,3°55'3''E,133,4209156,220.0,"25,5"
0590990292,14/08/2025,12/09/2025,,sis 13 rue des Bateliers ,Résidence VOLGA immeuble PROMO,,59291,HAUTMONT,1668232,non,,Immeuble,"27,5",50°15'0''N,3°55'3''E,133,4209154,100.0,"25,5"
0590990292,14/08/2025,12/09/2025,,sis 13 rue des Bateliers ,Résidence VOLGA immeuble PROMO,,59291,HAUTMONT,1668232,non,,Immeuble,"27,5",50°15'0''N,3°55'3''E,133,4209152,0.0,"25,5"
0590990289,25/02/2025,28/03/2025,,21 BOULEVARD DE LA LIBERTE,,,59179,DOUCHY-LES-MINES,1659188,non,,Bâtiment,26,50°17'59.820''N,3°23'35.880''E,48,4184630,70.0,"21,8"
0590990289,25/02/2025,28/03/2025,,21 BOULEVARD DE LA LIBERTE,,,59179,DOUCHY-LES-MINES,1659188,non,,Bâtiment,26,50°17'59.820''N,3°23'35.880''E,48,4184634,310.0,"21,8"
0590990289,25/02/2025,28/03/2025,,21 BOULEVARD DE LA LIBERTE,,,59179,DOUCHY-LES-MINES,1659188,non,,Bâtiment,26,50°17'59.820''N,3°23'35.880''E,48,6980893,70.0,"24,1"
0590990289,25/02/2025,28/03/2025,,21 BOULEVARD DE LA LIBERTE,,,59179,DOUCHY-LES-MINES,1659188,non,,Bâtiment,26,50°17'59.820''N,3°23'35.880''E,48,4184632,190.0,"21,8"
0590990289,25/02/2025,28/03/2025,,21 BOULEVARD DE LA LIBERTE,,,59179,DOUCHY-LES-MINES,1659188,non,,Bâtiment,26,50°17'59.820''N,3°23'35.880''E,48,6980897,310.0,"24,1"
0590990289,25/02/2025,28/03/2025,,21 BOULEVARD DE LA LIBERTE,,,59179,DOUCHY-LES-MINES,1659188,non,,Bâtiment,26,50°17'59.820''N,3°23'35.880''E,48,6980895,190.0,"24,1"
0590990288,31/07/2025,29/08/2025,,29 R St Vincent de Paul,imm abc export,,59650,WATTRELOS,462573,oui,,Immeuble,17,50°42'16''N,3°12'16''E,28,4168144,40.0,"12,6"
0590990288,31/07/2025,29/08/2025,,29 R St Vincent de Paul,imm abc export,,59650,WATTRELOS,462573,oui,,Immeuble,17,50°42'16''N,3°12'16''E,28,4168146,190.0,"13,7"
0590990288,31/07/2025,29/08/2025,,29 R St Vincent de Paul,imm abc export,,59650,WATTRELOS,462573,oui,,Immeuble,17,50°42'16''N,3°12'16''E,28,4168148,290.0,"12,6"
0590990288,31/07/2025,29/08/2025,,29 R St Vincent de Paul,imm abc export,,59650,WATTRELOS,462573,oui,,Immeuble,17,50°42'16''N,3°12'16''E,28,6782240,190.0,"13,3"
0590990288,31/07/2025,29/08/2025,,29 R St Vincent de Paul,imm abc export,,59650,WATTRELOS,462573,oui,,Immeuble,17,50°42'16''N,3°12'16''E,28,6782236,40.0,12
0590990288,31/07/2025,29/08/2025,,29 R St Vincent de Paul,imm abc export,,59650,WATTRELOS,462573,oui,,Immeuble,17,50°42'16''N,3°12'16''E,28,6782238,290.0,12
0590990286,13/08/2025,12/09/2025,,ALL D'HALVER,IMM SEQUOIA,,59291,HAUTMONT,501261,oui,,Immeuble,"28,3",50°15'21''N,3°54'9''E,162,4168132,0.0,"26,9"
0590990286,13/08/2025,12/09/2025,,ALL D'HALVER,IMM SEQUOIA,,59291,HAUTMONT,501261,oui,,Immeuble,"28,3",50°15'21''N,3°54'9''E,162,4168136,180.0,"26,9"
0590990286,13/08/2025,12/09/2025,,ALL D'HALVER,IMM SEQUOIA,,59291,HAUTMONT,501261,oui,,Immeuble,"28,3",50°15'21''N,3°54'9''E,162,4168134,90.0,"26,9"
0590990277,09/09/2025,10/10/2025,,AV DES PLATANES,Résidence  NICOLAS DUBOIS,,59526,SAINT-AMAND-LES-EAUX,1642935,oui,,Immeuble,"25,4",50°27'10''N,3°25'52''E,17,4136760,120.0,"23,4"
0590990277,09/09/2025,10/10/2025,,AV DES PLATANES,Résidence  NICOLAS DUBOIS,,59526,SAINT-AMAND-LES-EAUX,1642935,oui,,Immeuble,"25,4",50°27'10''N,3°25'52''E,17,4136764,340.0,"23,4"
0590990277,09/09/2025,10/10/2025,,AV DES PLATANES,Résidence  NICOLAS DUBOIS,,59526,SAINT-AMAND-LES-EAUX,1642935,oui,,Immeuble,"25,4",50°27'10''N,3°25'52''E,17,4136762,220.0,"23,4"
0590990274,29/08/2025,03/10/2025,,12 av du Maréchal Leclerc,bât 3 / rue St Gilles,,59152,COMINES,1636031,non,,Immeuble,"17,4",50°45'47.232''N,3°0'18.648''E,19,4116727,230.0,"15,3"
0590990274,29/08/2025,03/10/2025,,12 av du Maréchal Leclerc,bât 3 / rue St Gilles,,59152,COMINES,1636031,non,,Immeuble,"17,4",50°45'47.232''N,3°0'18.648''E,19,4116723,50.0,"15,3"
0590990274,29/08/2025,03/10/2025,,12 av du Maréchal Leclerc,bât 3 / rue St Gilles,,59152,COMINES,1636031,non,,Immeuble,"17,4",50°45'47.232''N,3°0'18.648''E,19,4116725,140.0,"15,3"
0590990267,23/07/2025,22/08/2025,,42 RUE DES 3 MOLLETTES,,,59350,LILLE,1774097,oui,,Immeuble,18,50°38'27''N,3°3'36''E,20,4080298,120.0,"17,8"
0590990267,23/07/2025,22/08/2025,,42 RUE DES 3 MOLLETTES,,,59350,LILLE,1774097,oui,,Immeuble,18,50°38'27''N,3°3'36''E,20,4080296,0.0,"17,8"
0590990267,23/07/2025,22/08/2025,,42 RUE DES 3 MOLLETTES,,,59350,LILLE,1774097,oui,,Immeuble,18,50°38'27''N,3°3'36''E,20,4080300,240.0,"17,8"
0590990266,27/08/2025,26/09/2025,,Av de l'Hippodrome,Adm: 52 Av. Jean Rousseau,CRS,59328,LAMBERSART,1140632,oui,,Bâtiment,"43,5",50°38'46''N,3°1'45''E,19,4080292,150.0,"27,8"
0590990266,27/08/2025,26/09/2025,,Av de l'Hippodrome,Adm: 52 Av. Jean Rousseau,CRS,59328,LAMBERSART,1140632,oui,,Bâtiment,"43,5",50°38'46''N,3°1'45''E,19,4080290,15.0,"27,8"
0590990266,27/08/2025,26/09/2025,,Av de l'Hippodrome,Adm: 52 Av. Jean Rousseau,CRS,59328,LAMBERSART,1140632,oui,,Bâtiment,"43,5",50°38'46''N,3°1'45''E,19,4080294,280.0,"27,8"
0590990255,27/06/2025,04/08/2025,FAUBOURG ST-GHISLAIN,18 Bd de l'Epinette,Centre d'Incendie et de Secours,,59392,MAUBEUGE,2221241,oui,,Bâtiment,48,50°17'9''N,3°57'58''E,141,3986856,160.0,"30,8"
0590990255,27/06/2025,04/08/2025,FAUBOURG ST-GHISLAIN,18 Bd de l'Epinette,Centre d'Incendie et de Secours,,59392,MAUBEUGE,2221241,oui,,Bâtiment,48,50°17'9''N,3°57'58''E,141,3986854,10.0,"30,8"
0590990255,27/06/2025,04/08/2025,FAUBOURG ST-GHISLAIN,18 Bd de l'Epinette,Centre d'Incendie et de Secours,,59392,MAUBEUGE,2221241,oui,,Bâtiment,48,50°17'9''N,3°57'58''E,141,3986858,270.0,"30,8"
0590990255,27/06/2025,04/08/2025,FAUBOURG ST-GHISLAIN,18 Bd de l'Epinette,Centre d'Incendie et de Secours,,59392,MAUBEUGE,2221241,oui,,Bâtiment,48,50°17'9''N,3°57'58''E,141,7188925,160.0,33
0590990255,27/06/2025,04/08/2025,FAUBOURG ST-GHISLAIN,18 Bd de l'Epinette,Centre d'Incendie et de Secours,,59392,MAUBEUGE,2221241,oui,,Bâtiment,48,50°17'9''N,3°57'58''E,141,7188923,10.0,33
0590990255,27/06/2025,04/08/2025,FAUBOURG ST-GHISLAIN,18 Bd de l'Epinette,Centre d'Incendie et de Secours,,59392,MAUBEUGE,2221241,oui,,Bâtiment,48,50°17'9''N,3°57'58''E,141,7188927,270.0,33
0590990253,01/09/2025,03/10/2025,,34 rue de Lauwin Plancque,Immeuble de la tour,,59178,DOUAI,1414336,oui,,Bâtiment,31,50°22'51.708''N,3°3'51.732''E,28,3981586,130.0,"27,0"
0590990253,01/09/2025,03/10/2025,,34 rue de Lauwin Plancque,Immeuble de la tour,,59178,DOUAI,1414336,oui,,Bâtiment,31,50°22'51.708''N,3°3'51.732''E,28,3981588,250.0,"27,0"
0590990253,01/09/2025,03/10/2025,,34 rue de Lauwin Plancque,Immeuble de la tour,,59178,DOUAI,1414336,oui,,Bâtiment,31,50°22'51.708''N,3°3'51.732''E,28,6536176,250.0,"27,0"
0590990253,01/09/2025,03/10/2025,,34 rue de Lauwin Plancque,Immeuble de la tour,,59178,DOUAI,1414336,oui,,Bâtiment,31,50°22'51.708''N,3°3'51.732''E,28,3981584,30.0,"27,0"
0590990253,01/09/2025,03/10/2025,,34 rue de Lauwin Plancque,Immeuble de la tour,,59178,DOUAI,1414336,oui,,Bâtiment,31,50°22'51.708''N,3°3'51.732''E,28,6536172,30.0,"27,0"
0590990253,01/09/2025,03/10/2025,,34 rue de Lauwin Plancque,Immeuble de la tour,,59178,DOUAI,1414336,oui,,Bâtiment,31,50°22'51.708''N,3°3'51.732''E,28,6536174,130.0,"27,0"
0590990238,16/09/2025,17/10/2025,,BOULEVARD HARPIGNIES,,,59606,VALENCIENNES,1563373,oui,,Immeuble,26,50°21'51.624''N,3°31'38.820''E,25,3891810,200.0,"22,5"
0590990238,16/09/2025,17/10/2025,,BOULEVARD HARPIGNIES,,,59606,VALENCIENNES,1563373,oui,,Immeuble,26,50°21'51.624''N,3°31'38.820''E,25,3891812,300.0,"22,5"
0590990238,16/09/2025,17/10/2025,,BOULEVARD HARPIGNIES,,,59606,VALENCIENNES,1563373,oui,,Immeuble,26,50°21'51.624''N,3°31'38.820''E,25,3891808,80.0,"22,5"
0590990238,16/09/2025,17/10/2025,,BOULEVARD HARPIGNIES,,,59606,VALENCIENNES,1563373,oui,,Immeuble,26,50°21'51.624''N,3°31'38.820''E,25,6544066,80.0,22
0590990238,16/09/2025,17/10/2025,,BOULEVARD HARPIGNIES,,,59606,VALENCIENNES,1563373,oui,,Immeuble,26,50°21'51.624''N,3°31'38.820''E,25,6544068,200.0,22
0590990238,16/09/2025,17/10/2025,,BOULEVARD HARPIGNIES,,,59606,VALENCIENNES,1563373,oui,,Immeuble,26,50°21'51.624''N,3°31'38.820''E,25,6544070,300.0,22
0590990237,31/07/2025,29/08/2025,,3 rue de la Digue,,,59183,DUNKERQUE,1563426,non,,Immeuble,"18,2",51°2'55.428''N,2°23'11.400''E,6,3891806,240.0,"16,2"
0590990237,31/07/2025,29/08/2025,,3 rue de la Digue,,,59183,DUNKERQUE,1563426,non,,Immeuble,"18,2",51°2'55.428''N,2°23'11.400''E,6,3891804,100.0,"15,5"
0590990236,25/06/2025,25/07/2025,,243 -253 r d'Ocres,,,59178,DOUAI,1563367,oui,,Immeuble,"28,4",50°22'39''N,3°4'35''E,28,3891798,10.0,"26,4"
0590990236,25/06/2025,25/07/2025,,243 -253 r d'Ocres,,,59178,DOUAI,1563367,oui,,Immeuble,"28,4",50°22'39''N,3°4'35''E,28,3891802,270.0,"26,4"
0590990236,25/06/2025,25/07/2025,,243 -253 r d'Ocres,,,59178,DOUAI,1563367,oui,,Immeuble,"28,4",50°22'39''N,3°4'35''E,28,3891800,170.0,"26,4"
0590990235,02/07/2025,04/08/2025,,rue Aristide BRIAND,,,59139,CAUDRY,1559663,oui,,Bâtiment,26,50°7'24''N,3°25'2''E,68,3880988,20.0,"21,8"
0590990235,02/07/2025,04/08/2025,,rue Aristide BRIAND,,,59139,CAUDRY,1559663,oui,,Bâtiment,26,50°7'24''N,3°25'2''E,68,3880992,270.0,"21,8"
0590990235,02/07/2025,04/08/2025,,rue Aristide BRIAND,,,59139,CAUDRY,1559663,oui,,Bâtiment,26,50°7'24''N,3°25'2''E,68,3880990,160.0,"21,8"
0590990235,02/07/2025,04/08/2025,,rue Aristide BRIAND,,,59139,CAUDRY,1559663,oui,,Bâtiment,26,50°7'24''N,3°25'2''E,68,7061959,160.0,"22,3"
0590990235,02/07/2025,04/08/2025,,rue Aristide BRIAND,,,59139,CAUDRY,1559663,oui,,Bâtiment,26,50°7'24''N,3°25'2''E,68,7061957,20.0,"22,3"
0590990235,02/07/2025,04/08/2025,,rue Aristide BRIAND,,,59139,CAUDRY,1559663,oui,,Bâtiment,26,50°7'24''N,3°25'2''E,68,7061961,270.0,"22,3"
0590990233,25/06/2025,25/07/2025,,10 Av. Victor Hugo,Résidence Les Peupliers,,59368,LA MADELEINE,804655,oui,,Immeuble,45,50°39'15''N,3°4'14''E,28,3886886,340.0,"35,9"
0590990233,25/06/2025,25/07/2025,,10 Av. Victor Hugo,Résidence Les Peupliers,,59368,LA MADELEINE,804655,oui,,Immeuble,45,50°39'15''N,3°4'14''E,28,3886884,240.0,"34,6"
0590990233,25/06/2025,25/07/2025,,10 Av. Victor Hugo,Résidence Les Peupliers,,59368,LA MADELEINE,804655,oui,,Immeuble,45,50°39'15''N,3°4'14''E,28,3886882,110.0,"34,6"
0590990233,25/06/2025,25/07/2025,,10 Av. Victor Hugo,Résidence Les Peupliers,,59368,LA MADELEINE,804655,oui,,Immeuble,45,50°39'15''N,3°4'14''E,28,6706478,340.0,"36,8"
0590990233,25/06/2025,25/07/2025,,10 Av. Victor Hugo,Résidence Les Peupliers,,59368,LA MADELEINE,804655,oui,,Immeuble,45,50°39'15''N,3°4'14''E,28,6706474,110.0,35
0590990233,25/06/2025,25/07/2025,,10 Av. Victor Hugo,Résidence Les Peupliers,,59368,LA MADELEINE,804655,oui,,Immeuble,45,50°39'15''N,3°4'14''E,28,6706476,240.0,35
0590990231,08/09/2025,10/10/2025,,5 r de la Papeterie,Usine AHLSTROM,,59098,BOUSBECQUE,806336,oui,,Bâtiment,40,50°46'19''N,3°5'6''E,15,3875858,250.0,"30,3"
0590990231,08/09/2025,10/10/2025,,5 r de la Papeterie,Usine AHLSTROM,,59098,BOUSBECQUE,806336,oui,,Bâtiment,40,50°46'19''N,3°5'6''E,15,3875856,150.0,"30,3"
0590990231,08/09/2025,10/10/2025,,5 r de la Papeterie,Usine AHLSTROM,,59098,BOUSBECQUE,806336,oui,,Bâtiment,40,50°46'19''N,3°5'6''E,15,7787981,150.0,"31,5"
0590990231,08/09/2025,10/10/2025,,5 r de la Papeterie,Usine AHLSTROM,,59098,BOUSBECQUE,806336,oui,,Bâtiment,40,50°46'19''N,3°5'6''E,15,7787983,250.0,"31,5"
0590990223,29/08/2025,03/10/2025,,4 r leon gambetta,,,59286,HAUBOURDIN,1543122,oui,,Immeuble,"28,4",50°36'36''N,2°58'57''E,22,3824445,80.0,"25,4"
0590990223,29/08/2025,03/10/2025,,4 r leon gambetta,,,59286,HAUBOURDIN,1543122,oui,,Immeuble,"28,4",50°36'36''N,2°58'57''E,22,3824449,340.0,"25,4"
0590990223,29/08/2025,03/10/2025,,4 r leon gambetta,,,59286,HAUBOURDIN,1543122,oui,,Immeuble,"28,4",50°36'36''N,2°58'57''E,22,7658038,80.0,"24,7"
0590990223,29/08/2025,03/10/2025,,4 r leon gambetta,,,59286,HAUBOURDIN,1543122,oui,,Immeuble,"28,4",50°36'36''N,2°58'57''E,22,3824447,200.0,"25,4"
0590990223,29/08/2025,03/10/2025,,4 r leon gambetta,,,59286,HAUBOURDIN,1543122,oui,,Immeuble,"28,4",50°36'36''N,2°58'57''E,22,7658042,340.0,"24,7"
0590990223,29/08/2025,03/10/2025,,4 r leon gambetta,,,59286,HAUBOURDIN,1543122,oui,,Immeuble,"28,4",50°36'36''N,2°58'57''E,22,7658040,200.0,"24,7"
0590990221,29/08/2025,03/10/2025,,2 RUE DU COLOMBIER,,,59220,FACHES-THUMESNIL,1537585,non,,Immeuble,"21,7",50°36'16''N,3°4'9''E,35,3807491,100.0,"19,7"
0590990221,29/08/2025,03/10/2025,,2 RUE DU COLOMBIER,,,59220,FACHES-THUMESNIL,1537585,non,,Immeuble,"21,7",50°36'16''N,3°4'9''E,35,3807493,240.0,"19,7"
0590990221,29/08/2025,03/10/2025,,2 RUE DU COLOMBIER,,,59220,FACHES-THUMESNIL,1537585,non,,Immeuble,"21,7",50°36'16''N,3°4'9''E,35,3807489,0.0,"19,7"
0590990221,29/08/2025,03/10/2025,,2 RUE DU COLOMBIER,,,59220,FACHES-THUMESNIL,1537585,non,,Immeuble,"21,7",50°36'16''N,3°4'9''E,35,6759799,100.0,"20,2"
0590990221,29/08/2025,03/10/2025,,2 RUE DU COLOMBIER,,,59220,FACHES-THUMESNIL,1537585,non,,Immeuble,"21,7",50°36'16''N,3°4'9''E,35,6759801,240.0,"20,2"
0590990221,29/08/2025,03/10/2025,,2 RUE DU COLOMBIER,,,59220,FACHES-THUMESNIL,1537585,non,,Immeuble,"21,7",50°36'16''N,3°4'9''E,35,6759797,0.0,"20,2"
0590990214,09/07/2025,08/08/2025,,5 Rue les provinces Francs,Immeuble Maine,,59392,MAUBEUGE,1518186,non,,Immeuble,44,50°16'23''N,3°58'36''E,130,3746925,330.0,"39,4"
0590990214,09/07/2025,08/08/2025,,5 Rue les provinces Francs,Immeuble Maine,,59392,MAUBEUGE,1518186,non,,Immeuble,44,50°16'23''N,3°58'36''E,130,3746923,230.0,"39,4"
0590990214,09/07/2025,08/08/2025,,5 Rue les provinces Francs,Immeuble Maine,,59392,MAUBEUGE,1518186,non,,Immeuble,44,50°16'23''N,3°58'36''E,130,3746921,140.0,"39,4"
0590990212,27/06/2025,04/08/2025,,1BIS RUE PIERRE MARIE CURIE,TOUR DES TOURTERELLES,,59648,WATTIGNIES,1508825,oui,,Immeuble,33,50°35'15''N,3°2'42''E,37,3709783,0.0,"32,5"
0590990212,27/06/2025,04/08/2025,,1BIS RUE PIERRE MARIE CURIE,TOUR DES TOURTERELLES,,59648,WATTIGNIES,1508825,oui,,Immeuble,33,50°35'15''N,3°2'42''E,37,3709787,240.0,"32,5"
0590990212,27/06/2025,04/08/2025,,1BIS RUE PIERRE MARIE CURIE,TOUR DES TOURTERELLES,,59648,WATTIGNIES,1508825,oui,,Immeuble,33,50°35'15''N,3°2'42''E,37,3709785,140.0,"32,5"
0590990212,27/06/2025,04/08/2025,,1BIS RUE PIERRE MARIE CURIE,TOUR DES TOURTERELLES,,59648,WATTIGNIES,1508825,oui,,Immeuble,33,50°35'15''N,3°2'42''E,37,9020668,140.0,33
0590990212,27/06/2025,04/08/2025,,1BIS RUE PIERRE MARIE CURIE,TOUR DES TOURTERELLES,,59648,WATTIGNIES,1508825,oui,,Immeuble,33,50°35'15''N,3°2'42''E,37,9020666,0.0,33
0590990212,27/06/2025,04/08/2025,,1BIS RUE PIERRE MARIE CURIE,TOUR DES TOURTERELLES,,59648,WATTIGNIES,1508825,oui,,Immeuble,33,50°35'15''N,3°2'42''E,37,9020670,240.0,33
0590990206,27/08/2025,26/09/2025,,"1, rue Andre Chenier",,,59328,LAMBERSART,1499120,oui,,Immeuble,53,50°39'18.792''N,3°1'43.608''E,25,3692167,20.0,"45,9"
0590990206,27/08/2025,26/09/2025,,"1, rue Andre Chenier",,,59328,LAMBERSART,1499120,oui,,Immeuble,53,50°39'18.792''N,3°1'43.608''E,25,3692169,130.0,"45,9"
0590990206,27/08/2025,26/09/2025,,"1, rue Andre Chenier",,,59328,LAMBERSART,1499120,oui,,Immeuble,53,50°39'18.792''N,3°1'43.608''E,25,3692171,240.0,"45,9"
0590990206,27/08/2025,26/09/2025,,"1, rue Andre Chenier",,,59328,LAMBERSART,1499120,oui,,Immeuble,53,50°39'18.792''N,3°1'43.608''E,25,6776485,240.0,"45,5"
0590990206,27/08/2025,26/09/2025,,"1, rue Andre Chenier",,,59328,LAMBERSART,1499120,oui,,Immeuble,53,50°39'18.792''N,3°1'43.608''E,25,6776481,20.0,"45,5"
0590990206,27/08/2025,26/09/2025,,"1, rue Andre Chenier",,,59328,LAMBERSART,1499120,oui,,Immeuble,53,50°39'18.792''N,3°1'43.608''E,25,6776483,130.0,"45,5"
0590990200,02/09/2025,03/10/2025,,RUE PIERRE DE COUBERTIN,,,59324,JEUMONT,1482213,non,,Immeuble,"19,3",50°17'26.196''N,4°6'4.356''E,141,3643272,60.0,18
0590990200,02/09/2025,03/10/2025,,RUE PIERRE DE COUBERTIN,,,59324,JEUMONT,1482213,non,,Immeuble,"19,3",50°17'26.196''N,4°6'4.356''E,141,3643276,300.0,"17,8"
0590990200,02/09/2025,03/10/2025,,RUE PIERRE DE COUBERTIN,,,59324,JEUMONT,1482213,non,,Immeuble,"19,3",50°17'26.196''N,4°6'4.356''E,141,3643274,150.0,18
0590990195,23/07/2025,22/08/2025,,Rue de Lannoy,,,59512,ROUBAIX,1474030,non,,Immeuble,"24,8",50°40'36''N,3°12'1''E,33,3620857,120.0,"22,5"
0590990195,23/07/2025,22/08/2025,,Rue de Lannoy,,,59512,ROUBAIX,1474030,non,,Immeuble,"24,8",50°40'36''N,3°12'1''E,33,3620855,0.0,"22,5"
0590990195,23/07/2025,22/08/2025,,Rue de Lannoy,,,59512,ROUBAIX,1474030,non,,Immeuble,"24,8",50°40'36''N,3°12'1''E,33,3620859,240.0,"22,8"
0590990184,26/08/2025,26/09/2025,,4 Chaussée Marcelin Berthelot,SARL Vandenplas,,59599,TOURCOING,703365,oui,,Bâtiment,25,50°43'25''N,3°10'57''E,30,3575332,240.0,11
0590990184,26/08/2025,26/09/2025,,4 Chaussée Marcelin Berthelot,SARL Vandenplas,,59599,TOURCOING,703365,oui,,Bâtiment,25,50°43'25''N,3°10'57''E,30,3575328,0.0,11
0590990184,26/08/2025,26/09/2025,,4 Chaussée Marcelin Berthelot,SARL Vandenplas,,59599,TOURCOING,703365,oui,,Bâtiment,25,50°43'25''N,3°10'57''E,30,3575330,130.0,11
0590990179,25/06/2025,25/07/2025,,RUE DE MAUBEUGE,,,59350,LILLE,1454227,non,,Immeuble,"23,8",50°37'26''N,3°4'18''E,24,3567339,110.0,"21,8"
0590990179,25/06/2025,25/07/2025,,RUE DE MAUBEUGE,,,59350,LILLE,1454227,non,,Immeuble,"23,8",50°37'26''N,3°4'18''E,24,3567341,240.0,"21,8"
0590990179,25/06/2025,25/07/2025,,RUE DE MAUBEUGE,,,59350,LILLE,1454227,non,,Immeuble,"23,8",50°37'26''N,3°4'18''E,24,3567337,0.0,"21,8"
0590990175,25/06/2025,25/07/2025,,rue du Docteur Huart,,,59350,LILLE,1454432,oui,,Immeuble,"19,2",50°38'4''N,3°6'55''E,28,3567315,240.0,"17,2"
0590990175,25/06/2025,25/07/2025,,rue du Docteur Huart,,,59350,LILLE,1454432,oui,,Immeuble,"19,2",50°38'4''N,3°6'55''E,28,3567313,120.0,"17,2"
0590990175,25/06/2025,25/07/2025,,rue du Docteur Huart,,,59350,LILLE,1454432,oui,,Immeuble,"19,2",50°38'4''N,3°6'55''E,28,3567317,350.0,"14,9"
0590990175,25/06/2025,25/07/2025,,rue du Docteur Huart,,,59350,LILLE,1454432,oui,,Immeuble,"19,2",50°38'4''N,3°6'55''E,28,6779946,120.0,"18,5"
0590990175,25/06/2025,25/07/2025,,rue du Docteur Huart,,,59350,LILLE,1454432,oui,,Immeuble,"19,2",50°38'4''N,3°6'55''E,28,6779948,240.0,"18,5"
0590990175,25/06/2025,25/07/2025,,rue du Docteur Huart,,,59350,LILLE,1454432,oui,,Immeuble,"19,2",50°38'4''N,3°6'55''E,28,6779944,350.0,"15,5"
0590990170,23/06/2025,25/07/2025,,14 BD JEANNE D'ARC,Résidence de la porte d'Arras,,59178,DOUAI,1281891,oui,,Immeuble,27,50°21'59''N,3°4'0''E,28,6980913,130.0,"19,6"
0590990170,23/06/2025,25/07/2025,,14 BD JEANNE D'ARC,Résidence de la porte d'Arras,,59178,DOUAI,1281891,oui,,Immeuble,27,50°21'59''N,3°4'0''E,28,3556301,130.0,20
0590990170,23/06/2025,25/07/2025,,14 BD JEANNE D'ARC,Résidence de la porte d'Arras,,59178,DOUAI,1281891,oui,,Immeuble,27,50°21'59''N,3°4'0''E,28,3556303,230.0,20
0590990170,23/06/2025,25/07/2025,,14 BD JEANNE D'ARC,Résidence de la porte d'Arras,,59178,DOUAI,1281891,oui,,Immeuble,27,50°21'59''N,3°4'0''E,28,3556299,20.0,20
0590990170,23/06/2025,25/07/2025,,14 BD JEANNE D'ARC,Résidence de la porte d'Arras,,59178,DOUAI,1281891,oui,,Immeuble,27,50°21'59''N,3°4'0''E,28,6980911,20.0,"19,6"
0590990170,23/06/2025,25/07/2025,,14 BD JEANNE D'ARC,Résidence de la porte d'Arras,,59178,DOUAI,1281891,oui,,Immeuble,27,50°21'59''N,3°4'0''E,28,6980915,230.0,"19,6"
0590990165,15/07/2025,18/08/2025,,50 RUE ALEXANDRE DESROUSSEAUX,,,59350,LILLE,1449655,oui,,Immeuble,46,50°37'44''N,3°0'17''E,22,3550752,120.0,"25,2"
0590990165,15/07/2025,18/08/2025,,50 RUE ALEXANDRE DESROUSSEAUX,,,59350,LILLE,1449655,oui,,Immeuble,46,50°37'44''N,3°0'17''E,22,3550754,240.0,"25,2"
0590990165,15/07/2025,18/08/2025,,50 RUE ALEXANDRE DESROUSSEAUX,,,59350,LILLE,1449655,oui,,Immeuble,46,50°37'44''N,3°0'17''E,22,3550750,30.0,"25,2"
0590990165,15/07/2025,18/08/2025,,50 RUE ALEXANDRE DESROUSSEAUX,,,59350,LILLE,1449655,oui,,Immeuble,46,50°37'44''N,3°0'17''E,22,7666145,30.0,30
0590990165,15/07/2025,18/08/2025,,50 RUE ALEXANDRE DESROUSSEAUX,,,59350,LILLE,1449655,oui,,Immeuble,46,50°37'44''N,3°0'17''E,22,7666147,120.0,30
0590990165,15/07/2025,18/08/2025,,50 RUE ALEXANDRE DESROUSSEAUX,,,59350,LILLE,1449655,oui,,Immeuble,46,50°37'44''N,3°0'17''E,22,7666149,240.0,30
0590990150,28/08/2025,26/09/2025,,1 rue Pierre de Geyter,Résidence Georges Bizet,,59350,LILLE,1440320,oui,,Immeuble,56,50°38'19.212''N,3°0'30.312''E,23,6759792,270.0,"46,8"
0590990150,28/08/2025,26/09/2025,,1 rue Pierre de Geyter,Résidence Georges Bizet,,59350,LILLE,1440320,oui,,Immeuble,56,50°38'19.212''N,3°0'30.312''E,23,3522362,0.0,"46,8"
0590990150,28/08/2025,26/09/2025,,1 rue Pierre de Geyter,Résidence Georges Bizet,,59350,LILLE,1440320,oui,,Immeuble,56,50°38'19.212''N,3°0'30.312''E,23,6759790,120.0,"46,8"
0590990150,28/08/2025,26/09/2025,,1 rue Pierre de Geyter,Résidence Georges Bizet,,59350,LILLE,1440320,oui,,Immeuble,56,50°38'19.212''N,3°0'30.312''E,23,3522366,270.0,"46,8"
0590990150,28/08/2025,26/09/2025,,1 rue Pierre de Geyter,Résidence Georges Bizet,,59350,LILLE,1440320,oui,,Immeuble,56,50°38'19.212''N,3°0'30.312''E,23,3522364,120.0,"46,8"
0590990150,28/08/2025,26/09/2025,,1 rue Pierre de Geyter,Résidence Georges Bizet,,59350,LILLE,1440320,oui,,Immeuble,56,50°38'19.212''N,3°0'30.312''E,23,6759788,0.0,"46,8"
0590990149,25/06/2025,25/07/2025,,310 RUE DES FUSILLES,,,59009,VILLENEUVE-D'ASCQ,1435742,oui,,Bâtiment,"31,8",50°36'31''N,3°9'57''E,39,3508826,0.0,26
0590990149,25/06/2025,25/07/2025,,310 RUE DES FUSILLES,,,59009,VILLENEUVE-D'ASCQ,1435742,oui,,Bâtiment,"31,8",50°36'31''N,3°9'57''E,39,7837284,240.0,"26,8"
0590990149,25/06/2025,25/07/2025,,310 RUE DES FUSILLES,,,59009,VILLENEUVE-D'ASCQ,1435742,oui,,Bâtiment,"31,8",50°36'31''N,3°9'57''E,39,3508828,100.0,26
0590990149,25/06/2025,25/07/2025,,310 RUE DES FUSILLES,,,59009,VILLENEUVE-D'ASCQ,1435742,oui,,Bâtiment,"31,8",50°36'31''N,3°9'57''E,39,3508830,240.0,26
0590990149,25/06/2025,25/07/2025,,310 RUE DES FUSILLES,,,59009,VILLENEUVE-D'ASCQ,1435742,oui,,Bâtiment,"31,8",50°36'31''N,3°9'57''E,39,7837282,100.0,"26,8"
0590990149,25/06/2025,25/07/2025,,310 RUE DES FUSILLES,,,59009,VILLENEUVE-D'ASCQ,1435742,oui,,Bâtiment,"31,8",50°36'31''N,3°9'57''E,39,7837280,0.0,"26,8"
0590990148,25/08/2025,26/09/2025,,rue des Pins,,,59009,VILLENEUVE-D'ASCQ,1435738,oui,,Immeuble,"38,5",50°37'5''N,3°8'51''E,32,6776474,350.0,"36,9"
0590990148,25/08/2025,26/09/2025,,rue des Pins,,,59009,VILLENEUVE-D'ASCQ,1435738,oui,,Immeuble,"38,5",50°37'5''N,3°8'51''E,32,3508822,230.0,"36,5"
0590990148,25/08/2025,26/09/2025,,rue des Pins,,,59009,VILLENEUVE-D'ASCQ,1435738,oui,,Immeuble,"38,5",50°37'5''N,3°8'51''E,32,3508820,120.0,"36,5"
0590990148,25/08/2025,26/09/2025,,rue des Pins,,,59009,VILLENEUVE-D'ASCQ,1435738,oui,,Immeuble,"38,5",50°37'5''N,3°8'51''E,32,3508824,350.0,"36,5"
0590990148,25/08/2025,26/09/2025,,rue des Pins,,,59009,VILLENEUVE-D'ASCQ,1435738,oui,,Immeuble,"38,5",50°37'5''N,3°8'51''E,32,6776472,230.0,"36,9"
0590990148,25/08/2025,26/09/2025,,rue des Pins,,,59009,VILLENEUVE-D'ASCQ,1435738,oui,,Immeuble,"38,5",50°37'5''N,3°8'51''E,32,6776470,120.0,"36,9"
0590990146,07/08/2025,05/09/2025,,Impasse Jean Jaures ,,,59343,LESQUIN,1433744,non,,Immeuble,"20,3",50°34'51''N,3°5'26''E,51,3502632,270.0,"18,3"
0590990146,07/08/2025,05/09/2025,,Impasse Jean Jaures ,,,59343,LESQUIN,1433744,non,,Immeuble,"20,3",50°34'51''N,3°5'26''E,51,3502628,0.0,"18,3"
0590990146,07/08/2025,05/09/2025,,Impasse Jean Jaures ,,,59343,LESQUIN,1433744,non,,Immeuble,"20,3",50°34'51''N,3°5'26''E,51,3502630,140.0,"18,3"
0590990146,07/08/2025,05/09/2025,,Impasse Jean Jaures ,,,59343,LESQUIN,1433744,non,,Immeuble,"20,3",50°34'51''N,3°5'26''E,51,7188914,0.0,"17,8"
0590990146,07/08/2025,05/09/2025,,Impasse Jean Jaures ,,,59343,LESQUIN,1433744,non,,Immeuble,"20,3",50°34'51''N,3°5'26''E,51,7188916,140.0,"17,8"
0590990146,07/08/2025,05/09/2025,,Impasse Jean Jaures ,,,59343,LESQUIN,1433744,non,,Immeuble,"20,3",50°34'51''N,3°5'26''E,51,7188918,270.0,"17,8"
0590990145,26/08/2025,26/09/2025,Ravennes les Francs,77 r d'amsterdam,Ets. VERHAEGHE INDUSTRIES,,59090,BONDUES,730686,oui,,Bâtiment,44,50°43'4''N,3°7'59''E,43,3482069,240.0,"27,4"
0590990145,26/08/2025,26/09/2025,Ravennes les Francs,77 r d'amsterdam,Ets. VERHAEGHE INDUSTRIES,,59090,BONDUES,730686,oui,,Bâtiment,44,50°43'4''N,3°7'59''E,43,3482071,345.0,"27,4"
0590990145,26/08/2025,26/09/2025,Ravennes les Francs,77 r d'amsterdam,Ets. VERHAEGHE INDUSTRIES,,59090,BONDUES,730686,oui,,Bâtiment,44,50°43'4''N,3°7'59''E,43,3482067,120.0,"27,4"
0590990143,22/07/2025,22/08/2025,,2 RUE DE ROUBAIX,,,59350,LILLE,1436971,non,,Immeuble,27,50°38'15''N,3°4'3''E,20,3513900,0.0,25
0590990143,22/07/2025,22/08/2025,,2 RUE DE ROUBAIX,,,59350,LILLE,1436971,non,,Immeuble,27,50°38'15''N,3°4'3''E,20,3513902,90.0,25
0590990143,22/07/2025,22/08/2025,,2 RUE DE ROUBAIX,,,59350,LILLE,1436971,non,,Immeuble,27,50°38'15''N,3°4'3''E,20,3513904,230.0,25
0590990140,13/08/2025,12/09/2025,,28 à 36 r du commerce,SLE Habitat,,59507,RONCHIN,1415458,oui,,Immeuble,"22,7",50°36'33''N,3°5'0''E,34,3443167,240.0,"19,9"
0590990140,13/08/2025,12/09/2025,,28 à 36 r du commerce,SLE Habitat,,59507,RONCHIN,1415458,oui,,Immeuble,"22,7",50°36'33''N,3°5'0''E,34,3443169,340.0,"19,9"
0590990140,13/08/2025,12/09/2025,,28 à 36 r du commerce,SLE Habitat,,59507,RONCHIN,1415458,oui,,Immeuble,"22,7",50°36'33''N,3°5'0''E,34,3443165,120.0,"19,9"
0590990140,13/08/2025,12/09/2025,,28 à 36 r du commerce,SLE Habitat,,59507,RONCHIN,1415458,oui,,Immeuble,"22,7",50°36'33''N,3°5'0''E,34,6776460,240.0,"22,2"
0590990140,13/08/2025,12/09/2025,,28 à 36 r du commerce,SLE Habitat,,59507,RONCHIN,1415458,oui,,Immeuble,"22,7",50°36'33''N,3°5'0''E,34,6776458,120.0,"22,2"
0590990140,13/08/2025,12/09/2025,,28 à 36 r du commerce,SLE Habitat,,59507,RONCHIN,1415458,oui,,Immeuble,"22,7",50°36'33''N,3°5'0''E,34,6776462,340.0,"22,2"
0590990139,28/08/2025,26/09/2025,,3 RUE DES FRERES LUMIERE,,,59360,LOOS,1414979,oui,,Immeuble,33,50°36'34''N,3°0'33''E,24,3442132,0.0,"28,9"
0590990139,28/08/2025,26/09/2025,,3 RUE DES FRERES LUMIERE,,,59360,LOOS,1414979,oui,,Immeuble,33,50°36'34''N,3°0'33''E,24,3442136,250.0,"28,9"
0590990139,28/08/2025,26/09/2025,,3 RUE DES FRERES LUMIERE,,,59360,LOOS,1414979,oui,,Immeuble,33,50°36'34''N,3°0'33''E,24,3442134,130.0,"28,9"
0590990139,28/08/2025,26/09/2025,,3 RUE DES FRERES LUMIERE,,,59360,LOOS,1414979,oui,,Immeuble,33,50°36'34''N,3°0'33''E,24,6743621,130.0,"28,4"
0590990139,28/08/2025,26/09/2025,,3 RUE DES FRERES LUMIERE,,,59360,LOOS,1414979,oui,,Immeuble,33,50°36'34''N,3°0'33''E,24,6743619,0.0,"29,4"
0590990139,28/08/2025,26/09/2025,,3 RUE DES FRERES LUMIERE,,,59360,LOOS,1414979,oui,,Immeuble,33,50°36'34''N,3°0'33''E,24,6743623,250.0,"29,4"
0590990137,10/07/2025,08/08/2025,,117 Rue Montgolfier,,,59512,ROUBAIX,2844038,oui,,Bâtiment,34,50°40'56''N,3°11'12''E,29,3429183,120.0,"32,6"
0590990137,10/07/2025,08/08/2025,,117 Rue Montgolfier,,,59512,ROUBAIX,2844038,oui,,Bâtiment,34,50°40'56''N,3°11'12''E,29,3429181,0.0,"32,6"
0590990137,10/07/2025,08/08/2025,,117 Rue Montgolfier,,,59512,ROUBAIX,2844038,oui,,Bâtiment,34,50°40'56''N,3°11'12''E,29,3429185,240.0,"32,6"
0590990134,23/07/2025,22/08/2025,,33 BOULEVARD DE LA LIBERTE,,,59350,LILLE,1395487,oui,,Immeuble,30,50°38'10''N,3°3'16''E,20,3373112,150.0,28
0590990134,23/07/2025,22/08/2025,,33 BOULEVARD DE LA LIBERTE,,,59350,LILLE,1395487,oui,,Immeuble,30,50°38'10''N,3°3'16''E,20,3373114,240.0,28
0590990134,23/07/2025,22/08/2025,,33 BOULEVARD DE LA LIBERTE,,,59350,LILLE,1395487,oui,,Immeuble,30,50°38'10''N,3°3'16''E,20,6776449,0.0,"27,5"
0590990134,23/07/2025,22/08/2025,,33 BOULEVARD DE LA LIBERTE,,,59350,LILLE,1395487,oui,,Immeuble,30,50°38'10''N,3°3'16''E,20,3373110,0.0,28
0590990134,23/07/2025,22/08/2025,,33 BOULEVARD DE LA LIBERTE,,,59350,LILLE,1395487,oui,,Immeuble,30,50°38'10''N,3°3'16''E,20,6776451,150.0,"27,5"
0590990134,23/07/2025,22/08/2025,,33 BOULEVARD DE LA LIBERTE,,,59350,LILLE,1395487,oui,,Immeuble,30,50°38'10''N,3°3'16''E,20,6776453,240.0,"27,5"
0590990132,23/07/2025,22/08/2025,,17 Avenue Simone,,,59368,LA MADELEINE,1388273,oui,,Immeuble,29,50°38'55''N,3°4'32''E,27,3350955,30.0,"25,1"
0590990132,23/07/2025,22/08/2025,,17 Avenue Simone,,,59368,LA MADELEINE,1388273,oui,,Immeuble,29,50°38'55''N,3°4'32''E,27,3350959,230.0,"26,2"
0590990132,23/07/2025,22/08/2025,,17 Avenue Simone,,,59368,LA MADELEINE,1388273,oui,,Immeuble,29,50°38'55''N,3°4'32''E,27,3350957,140.0,"26,2"
0590990128,28/08/2025,07/11/2025,,88 avenue Kennedy,,,59599,TOURCOING,1379436,oui,,Immeuble,"34,5",50°43'53''N,3°8'43''E,32,3316035,0.0,"32,3"
0590990128,28/08/2025,07/11/2025,,88 avenue Kennedy,,,59599,TOURCOING,1379436,oui,,Immeuble,"34,5",50°43'53''N,3°8'43''E,32,3316037,120.0,"32,3"
0590990128,28/08/2025,07/11/2025,,88 avenue Kennedy,,,59599,TOURCOING,1379436,oui,,Immeuble,"34,5",50°43'53''N,3°8'43''E,32,3316039,250.0,"32,3"
0590990126,13/08/2025,12/09/2025,,292 bd  gambetta,,,59599,TOURCOING,703337,oui,,Immeuble,"33,5",50°42'23''N,3°9'33''E,39,3172553,240.0,"27,1"
0590990126,13/08/2025,12/09/2025,,292 bd  gambetta,,,59599,TOURCOING,703337,oui,,Immeuble,"33,5",50°42'23''N,3°9'33''E,39,3172551,110.0,"28,1"
0590990126,13/08/2025,12/09/2025,,292 bd  gambetta,,,59599,TOURCOING,703337,oui,,Immeuble,"33,5",50°42'23''N,3°9'33''E,39,3172549,0.0,"27,6"
0590990122,26/08/2025,07/11/2025,,160 A BD D'HALLUIN,,,59599,TOURCOING,1327230,oui,,Immeuble,26,50°44'8''N,3°7'59''E,21,3094668,130.0,"16,1"
0590990122,26/08/2025,07/11/2025,,160 A BD D'HALLUIN,,,59599,TOURCOING,1327230,oui,,Immeuble,26,50°44'8''N,3°7'59''E,21,3094666,10.0,"16,1"
0590990122,26/08/2025,07/11/2025,,160 A BD D'HALLUIN,,,59599,TOURCOING,1327230,oui,,Immeuble,26,50°44'8''N,3°7'59''E,21,3094670,280.0,"16,1"
0590990119,25/08/2025,26/09/2025,,24-38 bd  Albert 1er,,,59009,VILLENEUVE-D'ASCQ,1286849,oui,,Immeuble,36,50°39'27''N,3°8'18''E,23,3079861,160.0,"32,6"
0590990119,25/08/2025,26/09/2025,,24-38 bd  Albert 1er,,,59009,VILLENEUVE-D'ASCQ,1286849,oui,,Immeuble,36,50°39'27''N,3°8'18''E,23,3079859,60.0,"32,6"
0590990119,25/08/2025,26/09/2025,,24-38 bd  Albert 1er,,,59009,VILLENEUVE-D'ASCQ,1286849,oui,,Immeuble,36,50°39'27''N,3°8'18''E,23,3079863,290.0,"30,3"
0590990119,25/08/2025,26/09/2025,,24-38 bd  Albert 1er,,,59009,VILLENEUVE-D'ASCQ,1286849,oui,,Immeuble,36,50°39'27''N,3°8'18''E,23,8415425,60.0,"33,5"
0590990119,25/08/2025,26/09/2025,,24-38 bd  Albert 1er,,,59009,VILLENEUVE-D'ASCQ,1286849,oui,,Immeuble,36,50°39'27''N,3°8'18''E,23,8415427,160.0,"33,5"
0590990119,25/08/2025,26/09/2025,,24-38 bd  Albert 1er,,,59009,VILLENEUVE-D'ASCQ,1286849,oui,,Immeuble,36,50°39'27''N,3°8'18''E,23,8415423,290.0,"31,2"
0590990118,13/08/2025,07/11/2025,,34b  av du colysée,Rés Le Colisée,,59328,LAMBERSART,806251,oui,,Immeuble,33,50°38'17.124''N,3°1'54.696''E,21,3064368,260.0,28
0590990118,13/08/2025,07/11/2025,,34b  av du colysée,Rés Le Colisée,,59328,LAMBERSART,806251,oui,,Immeuble,33,50°38'17.124''N,3°1'54.696''E,21,3064366,120.0,28
0590990118,13/08/2025,07/11/2025,,34b  av du colysée,Rés Le Colisée,,59328,LAMBERSART,806251,oui,,Immeuble,33,50°38'17.124''N,3°1'54.696''E,21,3064370,350.0,"28,1"
0590990118,13/08/2025,07/11/2025,,34b  av du colysée,Rés Le Colisée,,59328,LAMBERSART,806251,oui,,Immeuble,33,50°38'17.124''N,3°1'54.696''E,21,7613872,120.0,"27,5"
0590990118,13/08/2025,07/11/2025,,34b  av du colysée,Rés Le Colisée,,59328,LAMBERSART,806251,oui,,Immeuble,33,50°38'17.124''N,3°1'54.696''E,21,7613876,350.0,"27,5"
0590990118,13/08/2025,07/11/2025,,34b  av du colysée,Rés Le Colisée,,59328,LAMBERSART,806251,oui,,Immeuble,33,50°38'17.124''N,3°1'54.696''E,21,7613874,260.0,"27,5"
0590990116,23/06/2025,25/07/2025,,60 r jean bart,,,59646,WASQUEHAL,681188,oui,,Immeuble,"29,1",50°39'57.996''N,3°7'50.916''E,23,2994154,240.0,"27,6"
0590990116,23/06/2025,25/07/2025,,60 r jean bart,,,59646,WASQUEHAL,681188,oui,,Immeuble,"29,1",50°39'57.996''N,3°7'50.916''E,23,2994150,0.0,"27,6"
0590990116,23/06/2025,25/07/2025,,60 r jean bart,,,59646,WASQUEHAL,681188,oui,,Immeuble,"29,1",50°39'57.996''N,3°7'50.916''E,23,2994152,120.0,"27,6"
0590990114,23/06/2025,25/07/2025,,2 rue Guillaume de Mortagne,rue Henri Mansard,,59599,TOURCOING,1292161,oui,,Immeuble,34,50°44'11''N,3°10'33''E,39,2942242,240.0,"30,1"
0590990114,23/06/2025,25/07/2025,,2 rue Guillaume de Mortagne,rue Henri Mansard,,59599,TOURCOING,1292161,oui,,Immeuble,34,50°44'11''N,3°10'33''E,39,2942240,120.0,"30,1"
0590990114,23/06/2025,25/07/2025,,2 rue Guillaume de Mortagne,rue Henri Mansard,,59599,TOURCOING,1292161,oui,,Immeuble,34,50°44'11''N,3°10'33''E,39,2942238,20.0,"30,1"
0590990113,26/08/2025,26/09/2025,,584 Avenue de Dunkerque,cheminée,,59350,LILLE,1281439,oui,,Bâtiment,35,50°38'50''N,3°0'34''E,27,2903247,260.0,"31,9"
0590990113,26/08/2025,26/09/2025,,584 Avenue de Dunkerque,cheminée,,59350,LILLE,1281439,oui,,Bâtiment,35,50°38'50''N,3°0'34''E,27,2903243,10.0,"31,9"
0590990113,26/08/2025,26/09/2025,,584 Avenue de Dunkerque,cheminée,,59350,LILLE,1281439,oui,,Bâtiment,35,50°38'50''N,3°0'34''E,27,2903245,120.0,"31,9"
0590990112,30/06/2025,07/11/2025,,Rue de SUFFREN,Cheminée,,59339,LEERS,1283154,oui,,Bâtiment,30,50°41'18''N,3°13'25''E,21,2877939,200.0,24
0590990112,30/06/2025,07/11/2025,,Rue de SUFFREN,Cheminée,,59339,LEERS,1283154,oui,,Bâtiment,30,50°41'18''N,3°13'25''E,21,2877935,20.0,24
0590990112,30/06/2025,07/11/2025,,Rue de SUFFREN,Cheminée,,59339,LEERS,1283154,oui,,Bâtiment,30,50°41'18''N,3°13'25''E,21,2877937,110.0,24
0590990111,10/07/2025,08/08/2025,,"66, r littré",Hotel BALLADINS,,59350,LILLE,639128,oui,,Immeuble,21,50°37'34''N,3°3'6''E,23,2871426,100.0,"19,1"
0590990111,10/07/2025,08/08/2025,,"66, r littré",Hotel BALLADINS,,59350,LILLE,639128,oui,,Immeuble,21,50°37'34''N,3°3'6''E,23,2871430,330.0,"19,1"
0590990111,10/07/2025,08/08/2025,,"66, r littré",Hotel BALLADINS,,59350,LILLE,639128,oui,,Immeuble,21,50°37'34''N,3°3'6''E,23,2871428,220.0,"19,1"
0590990111,10/07/2025,08/08/2025,,"66, r littré",Hotel BALLADINS,,59350,LILLE,639128,oui,,Immeuble,21,50°37'34''N,3°3'6''E,23,7787976,330.0,20
0590990111,10/07/2025,08/08/2025,,"66, r littré",Hotel BALLADINS,,59350,LILLE,639128,oui,,Immeuble,21,50°37'34''N,3°3'6''E,23,7787974,220.0,20
0590990111,10/07/2025,08/08/2025,,"66, r littré",Hotel BALLADINS,,59350,LILLE,639128,oui,,Immeuble,21,50°37'34''N,3°3'6''E,23,7787972,100.0,20
0590990110,26/08/2025,26/09/2025,,38 RUE MAURICE SARRAUT,,,59599,TOURCOING,1216936,non,,Bâtiment,"27,2",50°44'9''N,3°9'38''E,38,2702403,130.0,"25,2"
0590990110,26/08/2025,26/09/2025,,38 RUE MAURICE SARRAUT,,,59599,TOURCOING,1216936,non,,Bâtiment,"27,2",50°44'9''N,3°9'38''E,38,2702405,240.0,"25,2"
0590990110,26/08/2025,26/09/2025,,38 RUE MAURICE SARRAUT,,,59599,TOURCOING,1216936,non,,Bâtiment,"27,2",50°44'9''N,3°9'38''E,38,2702401,30.0,"25,2"
0590990109,26/06/2025,25/07/2025,,15 r de la bienfaisance,La caisse d'épargne et de prévoyance de FLANDRES,,59599,TOURCOING,478582,oui,,Immeuble,44,50°43'27''N,3°9'29''E,41,2702395,25.0,"27,4"
0590990109,26/06/2025,25/07/2025,,15 r de la bienfaisance,La caisse d'épargne et de prévoyance de FLANDRES,,59599,TOURCOING,478582,oui,,Immeuble,44,50°43'27''N,3°9'29''E,41,2702397,140.0,"27,4"
0590990109,26/06/2025,25/07/2025,,15 r de la bienfaisance,La caisse d'épargne et de prévoyance de FLANDRES,,59599,TOURCOING,478582,oui,,Immeuble,44,50°43'27''N,3°9'29''E,41,2702399,240.0,"27,4"
0590990108,30/06/2025,04/08/2025,,"3, pl léonard de vinci",Résidence Sylvestre Verhulst,,59350,LILLE,629955,oui,,Immeuble,33,50°36'35''N,3°2'24''E,33,7658031,120.0,"25,6"
0590990108,30/06/2025,04/08/2025,,"3, pl léonard de vinci",Résidence Sylvestre Verhulst,,59350,LILLE,629955,oui,,Immeuble,33,50°36'35''N,3°2'24''E,33,2656756,120.0,"24,4"
0590990108,30/06/2025,04/08/2025,,"3, pl léonard de vinci",Résidence Sylvestre Verhulst,,59350,LILLE,629955,oui,,Immeuble,33,50°36'35''N,3°2'24''E,33,2656754,0.0,"24,4"
0590990108,30/06/2025,04/08/2025,,"3, pl léonard de vinci",Résidence Sylvestre Verhulst,,59350,LILLE,629955,oui,,Immeuble,33,50°36'35''N,3°2'24''E,33,2656758,270.0,"24,4"
0590990108,30/06/2025,04/08/2025,,"3, pl léonard de vinci",Résidence Sylvestre Verhulst,,59350,LILLE,629955,oui,,Immeuble,33,50°36'35''N,3°2'24''E,33,7658029,0.0,"25,6"
0590990108,30/06/2025,04/08/2025,,"3, pl léonard de vinci",Résidence Sylvestre Verhulst,,59350,LILLE,629955,oui,,Immeuble,33,50°36'35''N,3°2'24''E,33,7658033,270.0,"25,6"
0590990104,23/06/2025,25/07/2025,,r jean froissart,Résidence Brun Pain,,59599,TOURCOING,703377,oui,,Immeuble,30,50°43'30''N,3°8'49''E,47,2600499,230.0,"22,4"
0590990104,23/06/2025,25/07/2025,,r jean froissart,Résidence Brun Pain,,59599,TOURCOING,703377,oui,,Immeuble,30,50°43'30''N,3°8'49''E,47,2600497,120.0,"22,4"
0590990104,23/06/2025,25/07/2025,,r jean froissart,Résidence Brun Pain,,59599,TOURCOING,703377,oui,,Immeuble,30,50°43'30''N,3°8'49''E,47,2600501,340.0,"22,4"
0590990103,30/06/2025,04/08/2025,,R de la halle,Pl d'armes,,59606,VALENCIENNES,599393,oui,,Immeuble,"32,5",50°21'27''N,3°31'28''E,25,2479696,30.0,"29,8"
0590990103,30/06/2025,04/08/2025,,R de la halle,Pl d'armes,,59606,VALENCIENNES,599393,oui,,Immeuble,"32,5",50°21'27''N,3°31'28''E,25,2479700,240.0,"29,8"
0590990103,30/06/2025,04/08/2025,,R de la halle,Pl d'armes,,59606,VALENCIENNES,599393,oui,,Immeuble,"32,5",50°21'27''N,3°31'28''E,25,2479698,120.0,"29,8"
0590990103,30/06/2025,04/08/2025,,R de la halle,Pl d'armes,,59606,VALENCIENNES,599393,oui,,Immeuble,"32,5",50°21'27''N,3°31'28''E,25,9112707,240.0,"31,5"
0590990103,30/06/2025,04/08/2025,,R de la halle,Pl d'armes,,59606,VALENCIENNES,599393,oui,,Immeuble,"32,5",50°21'27''N,3°31'28''E,25,9112703,30.0,"31,5"
0590990103,30/06/2025,04/08/2025,,R de la halle,Pl d'armes,,59606,VALENCIENNES,599393,oui,,Immeuble,"32,5",50°21'27''N,3°31'28''E,25,9112705,120.0,"31,5"
0590990102,23/06/2025,25/07/2025,,1 R JULES VALLÈS,,,59360,LOOS,832004,oui,,Immeuble,48,50°36'15''N,3°2'43''E,38,2354770,15.0,"45,2"
0590990102,23/06/2025,25/07/2025,,1 R JULES VALLÈS,,,59360,LOOS,832004,oui,,Immeuble,48,50°36'15''N,3°2'43''E,38,2354772,150.0,"45,2"
0590990102,23/06/2025,25/07/2025,,1 R JULES VALLÈS,,,59360,LOOS,832004,oui,,Immeuble,48,50°36'15''N,3°2'43''E,38,2354774,285.0,"45,2"
0590990102,23/06/2025,25/07/2025,,1 R JULES VALLÈS,,,59360,LOOS,832004,oui,,Immeuble,48,50°36'15''N,3°2'43''E,38,8493390,15.0,"46,2"
0590990102,23/06/2025,25/07/2025,,1 R JULES VALLÈS,,,59360,LOOS,832004,oui,,Immeuble,48,50°36'15''N,3°2'43''E,38,8493394,285.0,"46,2"
0590990102,23/06/2025,25/07/2025,,1 R JULES VALLÈS,,,59360,LOOS,832004,oui,,Immeuble,48,50°36'15''N,3°2'43''E,38,8493392,150.0,"46,2"
0590990101,26/08/2025,26/09/2025,,R Lalau,Res St Roch,,59386,MARQUETTE-LEZ-LILLE,737866,oui,,Immeuble,35,50°40'24''N,3°4'10''E,19,2347860,0.0,"28,6"
0590990101,26/08/2025,26/09/2025,,R Lalau,Res St Roch,,59386,MARQUETTE-LEZ-LILLE,737866,oui,,Immeuble,35,50°40'24''N,3°4'10''E,19,2347862,110.0,"27,6"
0590990101,26/08/2025,26/09/2025,,R Lalau,Res St Roch,,59386,MARQUETTE-LEZ-LILLE,737866,oui,,Immeuble,35,50°40'24''N,3°4'10''E,19,2347864,210.0,"28,6"
0590990096,22/07/2025,22/08/2025,,5 PL DU MARECHAL LECLERC,,,59350,LILLE,644302,oui,,Immeuble,31,50°37'42.960''N,3°2'36.528''E,20,2179103,0.0,"28,1"
0590990096,22/07/2025,22/08/2025,,5 PL DU MARECHAL LECLERC,,,59350,LILLE,644302,oui,,Immeuble,31,50°37'42.960''N,3°2'36.528''E,20,6599591,0.0,"27,6"
0590990096,22/07/2025,22/08/2025,,5 PL DU MARECHAL LECLERC,,,59350,LILLE,644302,oui,,Immeuble,31,50°37'42.960''N,3°2'36.528''E,20,2179105,120.0,"28,8"
0590990096,22/07/2025,22/08/2025,,5 PL DU MARECHAL LECLERC,,,59350,LILLE,644302,oui,,Immeuble,31,50°37'42.960''N,3°2'36.528''E,20,2179107,240.0,"29,6"
0590990096,22/07/2025,22/08/2025,,5 PL DU MARECHAL LECLERC,,,59350,LILLE,644302,oui,,Immeuble,31,50°37'42.960''N,3°2'36.528''E,20,6599595,240.0,"29,1"
0590990096,22/07/2025,22/08/2025,,5 PL DU MARECHAL LECLERC,,,59350,LILLE,644302,oui,,Immeuble,31,50°37'42.960''N,3°2'36.528''E,20,6599593,120.0,"28,3"
0590990091,10/09/2025,10/10/2025,,13 BD PAUL BEZIN ,RES CHARLES QUINT,,59122,CAMBRAI,81132,oui,,Immeuble,41,50°10'22''N,3°14'26''E,64,2150682,300.0,35
0590990091,10/09/2025,10/10/2025,,13 BD PAUL BEZIN ,RES CHARLES QUINT,,59122,CAMBRAI,81132,oui,,Immeuble,41,50°10'22''N,3°14'26''E,64,2150680,210.0,35
0590990091,10/09/2025,10/10/2025,,13 BD PAUL BEZIN ,RES CHARLES QUINT,,59122,CAMBRAI,81132,oui,,Immeuble,41,50°10'22''N,3°14'26''E,64,2150676,30.0,35
0590990091,10/09/2025,10/10/2025,,13 BD PAUL BEZIN ,RES CHARLES QUINT,,59122,CAMBRAI,81132,oui,,Immeuble,41,50°10'22''N,3°14'26''E,64,2150678,120.0,35
0590990089,26/06/2025,25/07/2025,,47 r Thiers,,,59599,TOURCOING,703379,oui,,Immeuble,"28,7",50°43'3''N,3°9'35''E,39,2102102,110.0,22
0590990089,26/06/2025,25/07/2025,,47 r Thiers,,,59599,TOURCOING,703379,oui,,Immeuble,"28,7",50°43'3''N,3°9'35''E,39,2102100,0.0,22
0590990089,26/06/2025,25/07/2025,,47 r Thiers,,,59599,TOURCOING,703379,oui,,Immeuble,"28,7",50°43'3''N,3°9'35''E,39,2102104,240.0,22
0590990088,23/07/2025,22/08/2025,,420 rue des nation unies,,,59512,ROUBAIX,2141651,oui,,Immeuble,24,50°41'41''N,3°10'21''E,36,2102096,150.0,"22,8"
0590990088,23/07/2025,22/08/2025,,420 rue des nation unies,,,59512,ROUBAIX,2141651,oui,,Immeuble,24,50°41'41''N,3°10'21''E,36,2102098,250.0,"22,8"
0590990088,23/07/2025,22/08/2025,,420 rue des nation unies,,,59512,ROUBAIX,2141651,oui,,Immeuble,24,50°41'41''N,3°10'21''E,36,2102094,20.0,"22,8"
0590990088,23/07/2025,22/08/2025,,420 rue des nation unies,,,59512,ROUBAIX,2141651,oui,,Immeuble,24,50°41'41''N,3°10'21''E,36,8718910,250.0,24
0590990088,23/07/2025,22/08/2025,,420 rue des nation unies,,,59512,ROUBAIX,2141651,oui,,Immeuble,24,50°41'41''N,3°10'21''E,36,8718908,150.0,24
0590990088,23/07/2025,22/08/2025,,420 rue des nation unies,,,59512,ROUBAIX,2141651,oui,,Immeuble,24,50°41'41''N,3°10'21''E,36,8718906,20.0,24
0590990087,10/07/2025,08/08/2025,,80 r de cassel- r stephenson,,,59512,ROUBAIX,549902,oui,,Immeuble,"25,3",50°42'1''N,3°10'2''E,44,2092463,300.0,"23,8"
0590990087,10/07/2025,08/08/2025,,80 r de cassel- r stephenson,,,59512,ROUBAIX,549902,oui,,Immeuble,"25,3",50°42'1''N,3°10'2''E,44,2092459,30.0,"23,8"
0590990087,10/07/2025,08/08/2025,,80 r de cassel- r stephenson,,,59512,ROUBAIX,549902,oui,,Immeuble,"25,3",50°42'1''N,3°10'2''E,44,2092461,130.0,"23,8"
0590990087,10/07/2025,08/08/2025,,80 r de cassel- r stephenson,,,59512,ROUBAIX,549902,oui,,Immeuble,"25,3",50°42'1''N,3°10'2''E,44,7708880,30.0,"24,8"
0590990087,10/07/2025,08/08/2025,,80 r de cassel- r stephenson,,,59512,ROUBAIX,549902,oui,,Immeuble,"25,3",50°42'1''N,3°10'2''E,44,7708884,300.0,"24,8"
0590990087,10/07/2025,08/08/2025,,80 r de cassel- r stephenson,,,59512,ROUBAIX,549902,oui,,Immeuble,"25,3",50°42'1''N,3°10'2''E,44,7708882,130.0,"24,8"
0590990086,26/06/2025,25/07/2025,,pl Edouard Roussel,all des Saules,74c rue de la Perche,59512,ROUBAIX,805711,oui,,Immeuble,40,50°41'14''N,3°9'47''E,40,2090212,120.0,"27,7"
0590990086,26/06/2025,25/07/2025,,pl Edouard Roussel,all des Saules,74c rue de la Perche,59512,ROUBAIX,805711,oui,,Immeuble,40,50°41'14''N,3°9'47''E,40,6776414,210.0,"27,2"
0590990086,26/06/2025,25/07/2025,,pl Edouard Roussel,all des Saules,74c rue de la Perche,59512,ROUBAIX,805711,oui,,Immeuble,40,50°41'14''N,3°9'47''E,40,2090210,30.0,"33,6"
0590990086,26/06/2025,25/07/2025,,pl Edouard Roussel,all des Saules,74c rue de la Perche,59512,ROUBAIX,805711,oui,,Immeuble,40,50°41'14''N,3°9'47''E,40,2090214,210.0,"27,7"
0590990086,26/06/2025,25/07/2025,,pl Edouard Roussel,all des Saules,74c rue de la Perche,59512,ROUBAIX,805711,oui,,Immeuble,40,50°41'14''N,3°9'47''E,40,6776412,120.0,"27,2"
0590990086,26/06/2025,25/07/2025,,pl Edouard Roussel,all des Saules,74c rue de la Perche,59512,ROUBAIX,805711,oui,,Immeuble,40,50°41'14''N,3°9'47''E,40,6776416,30.0,"34,4"
0590990085,11/07/2025,18/08/2025,,231 r des piats,,,59599,TOURCOING,703367,non,,Immeuble,30,50°43'37''N,3°10'30''E,33,2081704,355.0,"29,9"
0590990085,11/07/2025,18/08/2025,,231 r des piats,,,59599,TOURCOING,703367,non,,Immeuble,30,50°43'37''N,3°10'30''E,33,2081702,200.0,"29,9"
0590990085,11/07/2025,18/08/2025,,231 r des piats,,,59599,TOURCOING,703367,non,,Immeuble,30,50°43'37''N,3°10'30''E,33,2081700,110.0,"29,9"
0590990084,22/07/2025,22/08/2025,,1 AVENUE WILLY BRANDT,,,59350,LILLE,991329,non,,Immeuble,"60,2",50°38'13''N,3°4'27''E,20,2081636,150.0,"53,6"
0590990084,22/07/2025,22/08/2025,,1 AVENUE WILLY BRANDT,,,59350,LILLE,991329,non,,Immeuble,"60,2",50°38'13''N,3°4'27''E,20,2081634,10.0,"53,6"
0590990084,22/07/2025,22/08/2025,,1 AVENUE WILLY BRANDT,,,59350,LILLE,991329,non,,Immeuble,"60,2",50°38'13''N,3°4'27''E,20,6523585,230.0,"53,2"
0590990084,22/07/2025,22/08/2025,,1 AVENUE WILLY BRANDT,,,59350,LILLE,991329,non,,Immeuble,"60,2",50°38'13''N,3°4'27''E,20,2081638,240.0,"53,6"
0590990084,22/07/2025,22/08/2025,,1 AVENUE WILLY BRANDT,,,59350,LILLE,991329,non,,Immeuble,"60,2",50°38'13''N,3°4'27''E,20,6523583,140.0,"53,2"
0590990084,22/07/2025,22/08/2025,,1 AVENUE WILLY BRANDT,,,59350,LILLE,991329,non,,Immeuble,"60,2",50°38'13''N,3°4'27''E,20,6523581,10.0,"53,2"
0590990082,25/08/2025,26/09/2025,,3 RUE BREVE,,,59009,VILLENEUVE-D'ASCQ,982648,non,,Immeuble,"29,7",50°37'35''N,3°7'56''E,27,2063152,250.0,"28,8"
0590990082,25/08/2025,26/09/2025,,3 RUE BREVE,,,59009,VILLENEUVE-D'ASCQ,982648,non,,Immeuble,"29,7",50°37'35''N,3°7'56''E,27,2063154,340.0,"28,8"
0590990082,25/08/2025,26/09/2025,,3 RUE BREVE,,,59009,VILLENEUVE-D'ASCQ,982648,non,,Immeuble,"29,7",50°37'35''N,3°7'56''E,27,2063150,115.0,"28,8"
0590990081,28/07/2025,29/08/2025,,121/139 r de lacroix,,,59512,ROUBAIX,806175,oui,,Bâtiment,31,50°41'51.288''N,3°10'59.160''E,26,2032056,110.0,"24,8"
0590990081,28/07/2025,29/08/2025,,121/139 r de lacroix,,,59512,ROUBAIX,806175,oui,,Bâtiment,31,50°41'51.288''N,3°10'59.160''E,26,2032058,245.0,"24,8"
0590990081,28/07/2025,29/08/2025,,121/139 r de lacroix,,,59512,ROUBAIX,806175,oui,,Bâtiment,31,50°41'51.288''N,3°10'59.160''E,26,2032054,0.0,"24,8"
0590990081,28/07/2025,29/08/2025,,121/139 r de lacroix,,,59512,ROUBAIX,806175,oui,,Bâtiment,31,50°41'51.288''N,3°10'59.160''E,26,7188908,0.0,"24,8"
0590990081,28/07/2025,29/08/2025,,121/139 r de lacroix,,,59512,ROUBAIX,806175,oui,,Bâtiment,31,50°41'51.288''N,3°10'59.160''E,26,7188904,110.0,"24,8"
0590990081,28/07/2025,29/08/2025,,121/139 r de lacroix,,,59512,ROUBAIX,806175,oui,,Bâtiment,31,50°41'51.288''N,3°10'59.160''E,26,7188906,245.0,"24,8"
0590990078,31/07/2025,29/08/2025,,4-14 r st-sauveur,,,59350,LILLE,641477,oui,,Immeuble,45,50°37'58.728''N,3°4'12.864''E,19,2018023,210.0,"43,4"
0590990078,31/07/2025,29/08/2025,,4-14 r st-sauveur,,,59350,LILLE,641477,oui,,Immeuble,45,50°37'58.728''N,3°4'12.864''E,19,2018025,340.0,"39,9"
0590990078,31/07/2025,29/08/2025,,4-14 r st-sauveur,,,59350,LILLE,641477,oui,,Immeuble,45,50°37'58.728''N,3°4'12.864''E,19,2018021,120.0,"43,4"
0590990078,31/07/2025,29/08/2025,,4-14 r st-sauveur,,,59350,LILLE,641477,oui,,Immeuble,45,50°37'58.728''N,3°4'12.864''E,19,9206536,120.0,"42,7"
0590990078,31/07/2025,29/08/2025,,4-14 r st-sauveur,,,59350,LILLE,641477,oui,,Immeuble,45,50°37'58.728''N,3°4'12.864''E,19,9206538,210.0,"43,3"
0590990078,31/07/2025,29/08/2025,,4-14 r st-sauveur,,,59350,LILLE,641477,oui,,Immeuble,45,50°37'58.728''N,3°4'12.864''E,19,9206534,340.0,"42,2"
0590990077,28/08/2025,26/09/2025,,ZAC LES EPIS,RES ALEXIA,,59569,SIN-LE-NOBLE,716435,oui,,Immeuble,75,50°20'38.040''N,3°6'4.788''E,43,2004727,300.0,"53,3"
0590990077,28/08/2025,26/09/2025,,ZAC LES EPIS,RES ALEXIA,,59569,SIN-LE-NOBLE,716435,oui,,Immeuble,75,50°20'38.040''N,3°6'4.788''E,43,2004723,90.0,"53,3"
0590990077,28/08/2025,26/09/2025,,ZAC LES EPIS,RES ALEXIA,,59569,SIN-LE-NOBLE,716435,oui,,Immeuble,75,50°20'38.040''N,3°6'4.788''E,43,2004725,210.0,"53,3"
0590990077,28/08/2025,26/09/2025,,ZAC LES EPIS,RES ALEXIA,,59569,SIN-LE-NOBLE,716435,oui,,Immeuble,75,50°20'38.040''N,3°6'4.788''E,43,6770807,300.0,"53,3"
0590990077,28/08/2025,26/09/2025,,ZAC LES EPIS,RES ALEXIA,,59569,SIN-LE-NOBLE,716435,oui,,Immeuble,75,50°20'38.040''N,3°6'4.788''E,43,6770803,90.0,"53,3"
0590990077,28/08/2025,26/09/2025,,ZAC LES EPIS,RES ALEXIA,,59569,SIN-LE-NOBLE,716435,oui,,Immeuble,75,50°20'38.040''N,3°6'4.788''E,43,6770805,210.0,"53,3"
0590990076,13/08/2025,12/09/2025,,"22,r paul ramadier",Résidence Winston CHURCHILL,,59350,LILLE,474796,oui,,Immeuble,"38,5",50°38'57''N,3°3'45''E,21,1998030,0.0,"29,2"
0590990076,13/08/2025,12/09/2025,,"22,r paul ramadier",Résidence Winston CHURCHILL,,59350,LILLE,474796,oui,,Immeuble,"38,5",50°38'57''N,3°3'45''E,21,1998034,230.0,32
0590990076,13/08/2025,12/09/2025,,"22,r paul ramadier",Résidence Winston CHURCHILL,,59350,LILLE,474796,oui,,Immeuble,"38,5",50°38'57''N,3°3'45''E,21,1998032,120.0,"31,7"
0590990075,30/06/2025,04/08/2025,,3-5 r gosselet,,,59350,LILLE,610917,oui,,Immeuble,37,50°37'34.680''N,3°3'55.224''E,23,1991223,150.0,"26,9"
0590990075,30/06/2025,04/08/2025,,3-5 r gosselet,,,59350,LILLE,610917,oui,,Immeuble,37,50°37'34.680''N,3°3'55.224''E,23,1991221,0.0,"26,9"
0590990075,30/06/2025,04/08/2025,,3-5 r gosselet,,,59350,LILLE,610917,oui,,Immeuble,37,50°37'34.680''N,3°3'55.224''E,23,1991225,240.0,"26,9"
0590990074,24/06/2025,25/07/2025,,101 bd de l'Abbé Lemire,,,59295,HAZEBROUCK,494203,oui,,Bâtiment,33,50°43'36''N,2°32'28''E,32,1978640,40.0,"32,2"
0590990074,24/06/2025,25/07/2025,,101 bd de l'Abbé Lemire,,,59295,HAZEBROUCK,494203,oui,,Bâtiment,33,50°43'36''N,2°32'28''E,32,1978644,255.0,"32,2"
0590990074,24/06/2025,25/07/2025,,101 bd de l'Abbé Lemire,,,59295,HAZEBROUCK,494203,oui,,Bâtiment,33,50°43'36''N,2°32'28''E,32,1978642,160.0,"32,2"
0590990070,26/06/2025,25/07/2025,,11 BD LACORDAIRE,Hôpital Victor Provo,,59512,ROUBAIX,473742,oui,,Immeuble,52,50°40'47.280''N,3°10'26.508''E,45,1961314,30.0,"29,3"
0590990070,26/06/2025,25/07/2025,,11 BD LACORDAIRE,Hôpital Victor Provo,,59512,ROUBAIX,473742,oui,,Immeuble,52,50°40'47.280''N,3°10'26.508''E,45,1961318,220.0,"29,3"
0590990070,26/06/2025,25/07/2025,,11 BD LACORDAIRE,Hôpital Victor Provo,,59512,ROUBAIX,473742,oui,,Immeuble,52,50°40'47.280''N,3°10'26.508''E,45,6759781,120.0,"29,3"
0590990070,26/06/2025,25/07/2025,,11 BD LACORDAIRE,Hôpital Victor Provo,,59512,ROUBAIX,473742,oui,,Immeuble,52,50°40'47.280''N,3°10'26.508''E,45,1961316,120.0,"29,3"
0590990070,26/06/2025,25/07/2025,,11 BD LACORDAIRE,Hôpital Victor Provo,,59512,ROUBAIX,473742,oui,,Immeuble,52,50°40'47.280''N,3°10'26.508''E,45,6759779,30.0,"29,3"
0590990070,26/06/2025,25/07/2025,,11 BD LACORDAIRE,Hôpital Victor Provo,,59512,ROUBAIX,473742,oui,,Immeuble,52,50°40'47.280''N,3°10'26.508''E,45,6759783,220.0,"29,3"
0590990069,25/06/2025,25/07/2025,,"16, 18 R D'AGUESSEAU",,,59350,LILLE,641468,oui,,Immeuble,48,50°37'49''N,3°5'31''E,25,1961308,70.0,"40,4"
0590990069,25/06/2025,25/07/2025,,"16, 18 R D'AGUESSEAU",,,59350,LILLE,641468,oui,,Immeuble,48,50°37'49''N,3°5'31''E,25,1961310,180.0,"40,4"
0590990069,25/06/2025,25/07/2025,,"16, 18 R D'AGUESSEAU",,,59350,LILLE,641468,oui,,Immeuble,48,50°37'49''N,3°5'31''E,25,1961312,310.0,"40,4"
0590990067,16/09/2025,17/10/2025,,9/11 R GERARD DE PERFONTAINE,,,59606,VALENCIENNES,501429,oui,,Immeuble,46,50°22'8''N,3°30'46''E,35,1959967,45.0,"36,3"
0590990067,16/09/2025,17/10/2025,,9/11 R GERARD DE PERFONTAINE,,,59606,VALENCIENNES,501429,oui,,Immeuble,46,50°22'8''N,3°30'46''E,35,1959971,300.0,"36,3"
0590990067,16/09/2025,17/10/2025,,9/11 R GERARD DE PERFONTAINE,,,59606,VALENCIENNES,501429,oui,,Immeuble,46,50°22'8''N,3°30'46''E,35,1959969,135.0,"36,3"
0590990067,16/09/2025,17/10/2025,,9/11 R GERARD DE PERFONTAINE,,,59606,VALENCIENNES,501429,oui,,Immeuble,46,50°22'8''N,3°30'46''E,35,6798441,135.0,"36,3"
0590990067,16/09/2025,17/10/2025,,9/11 R GERARD DE PERFONTAINE,,,59606,VALENCIENNES,501429,oui,,Immeuble,46,50°22'8''N,3°30'46''E,35,6798439,45.0,"35,1"
0590990067,16/09/2025,17/10/2025,,9/11 R GERARD DE PERFONTAINE,,,59606,VALENCIENNES,501429,oui,,Immeuble,46,50°22'8''N,3°30'46''E,35,6798443,300.0,"36,3"
0590990066,26/08/2025,26/09/2025,,37 R WINSTON CHURCHILL,,,59512,ROUBAIX,554558,oui,,Immeuble,48,50°41'22''N,3°10'49''E,27,1949499,0.0,"38,4"
0590990066,26/08/2025,26/09/2025,,37 R WINSTON CHURCHILL,,,59512,ROUBAIX,554558,oui,,Immeuble,48,50°41'22''N,3°10'49''E,27,1949501,100.0,"38,4"
0590990066,26/08/2025,26/09/2025,,37 R WINSTON CHURCHILL,,,59512,ROUBAIX,554558,oui,,Immeuble,48,50°41'22''N,3°10'49''E,27,1949503,240.0,"38,4"
0590990064,13/08/2025,12/09/2025,Tour Emery,1B  R JACOBSEN,RES ROOSEVELT,,59183,DUNKERQUE,469697,oui,,Immeuble,65,51°2'16''N,2°23'18''E,3,1949487,0.0,"48,1"
0590990064,13/08/2025,12/09/2025,Tour Emery,1B  R JACOBSEN,RES ROOSEVELT,,59183,DUNKERQUE,469697,oui,,Immeuble,65,51°2'16''N,2°23'18''E,3,1949489,110.0,"48,1"
0590990064,13/08/2025,12/09/2025,Tour Emery,1B  R JACOBSEN,RES ROOSEVELT,,59183,DUNKERQUE,469697,oui,,Immeuble,65,51°2'16''N,2°23'18''E,3,1949491,270.0,"47,8"
0590990063,25/08/2025,26/09/2025,,Bd Victor Hugo,,,59183,DUNKERQUE,705460,oui,,Immeuble,51,51°1'43.500''N,2°22'51.996''E,3,1946043,240.0,"48,3"
0590990063,25/08/2025,26/09/2025,,Bd Victor Hugo,,,59183,DUNKERQUE,705460,oui,,Immeuble,51,51°1'43.500''N,2°22'51.996''E,3,1946041,90.0,"48,3"
0590990063,25/08/2025,26/09/2025,,Bd Victor Hugo,,,59183,DUNKERQUE,705460,oui,,Immeuble,51,51°1'43.500''N,2°22'51.996''E,3,1946045,340.0,"48,3"
0590990058,19/09/2025,07/11/2025,,pl carpeaux,Résidence Carpeaux,,59606,VALENCIENNES,805379,oui,,Immeuble,29,50°21'34''N,3°31'0''E,23,1939682,270.0,"22,3"
0590990058,19/09/2025,07/11/2025,,pl carpeaux,Résidence Carpeaux,,59606,VALENCIENNES,805379,oui,,Immeuble,29,50°21'34''N,3°31'0''E,23,1939680,120.0,"23,7"
0590990058,19/09/2025,07/11/2025,,pl carpeaux,Résidence Carpeaux,,59606,VALENCIENNES,805379,oui,,Immeuble,29,50°21'34''N,3°31'0''E,23,1939678,30.0,"23,7"
0590990058,19/09/2025,07/11/2025,,pl carpeaux,Résidence Carpeaux,,59606,VALENCIENNES,805379,oui,,Immeuble,29,50°21'34''N,3°31'0''E,23,6798428,120.0,"21,6"
0590990058,19/09/2025,07/11/2025,,pl carpeaux,Résidence Carpeaux,,59606,VALENCIENNES,805379,oui,,Immeuble,29,50°21'34''N,3°31'0''E,23,6798426,30.0,"21,6"
0590990058,19/09/2025,07/11/2025,,pl carpeaux,Résidence Carpeaux,,59606,VALENCIENNES,805379,oui,,Immeuble,29,50°21'34''N,3°31'0''E,23,6798430,270.0,"21,8"
0590990056,27/06/2025,25/07/2025,,r r de la 2éme db entrée n° 1,,,59527,SAINT-ANDRE-LEZ-LILLE,914951,non,,Immeuble,27,50°40'8.040''N,3°3'6.912''E,19,1936844,140.0,"22,7"
0590990056,27/06/2025,25/07/2025,,r r de la 2éme db entrée n° 1,,,59527,SAINT-ANDRE-LEZ-LILLE,914951,non,,Immeuble,27,50°40'8.040''N,3°3'6.912''E,19,1936842,0.0,"25,3"
0590990056,27/06/2025,25/07/2025,,r r de la 2éme db entrée n° 1,,,59527,SAINT-ANDRE-LEZ-LILLE,914951,non,,Immeuble,27,50°40'8.040''N,3°3'6.912''E,19,1936846,240.0,26
0590990056,27/06/2025,25/07/2025,,r r de la 2éme db entrée n° 1,,,59527,SAINT-ANDRE-LEZ-LILLE,914951,non,,Immeuble,27,50°40'8.040''N,3°3'6.912''E,19,6782228,0.0,"26,5"
0590990056,27/06/2025,25/07/2025,,r r de la 2éme db entrée n° 1,,,59527,SAINT-ANDRE-LEZ-LILLE,914951,non,,Immeuble,27,50°40'8.040''N,3°3'6.912''E,19,6782226,140.0,"23,5"
0590990056,27/06/2025,25/07/2025,,r r de la 2éme db entrée n° 1,,,59527,SAINT-ANDRE-LEZ-LILLE,914951,non,,Immeuble,27,50°40'8.040''N,3°3'6.912''E,19,6782230,240.0,"26,5"
0590990055,30/06/2025,07/11/2025,,15 chem des Vieux Arbres,,,59009,VILLENEUVE-D'ASCQ,3204622,oui,,Immeuble,"39,7",50°37'8.580''N,3°7'46.776''E,35,1932520,350.0,"39,1"
0590990055,30/06/2025,07/11/2025,,15 chem des Vieux Arbres,,,59009,VILLENEUVE-D'ASCQ,3204622,oui,,Immeuble,"39,7",50°37'8.580''N,3°7'46.776''E,35,1932524,240.0,"39,1"
0590990055,30/06/2025,07/11/2025,,15 chem des Vieux Arbres,,,59009,VILLENEUVE-D'ASCQ,3204622,oui,,Immeuble,"39,7",50°37'8.580''N,3°7'46.776''E,35,1932522,140.0,"39,1"
0590990055,30/06/2025,07/11/2025,,15 chem des Vieux Arbres,,,59009,VILLENEUVE-D'ASCQ,3204622,oui,,Immeuble,"39,7",50°37'8.580''N,3°7'46.776''E,35,6759771,140.0,"39,1"
0590990055,30/06/2025,07/11/2025,,15 chem des Vieux Arbres,,,59009,VILLENEUVE-D'ASCQ,3204622,oui,,Immeuble,"39,7",50°37'8.580''N,3°7'46.776''E,35,6759773,240.0,"39,1"
0590990055,30/06/2025,07/11/2025,,15 chem des Vieux Arbres,,,59009,VILLENEUVE-D'ASCQ,3204622,oui,,Immeuble,"39,7",50°37'8.580''N,3°7'46.776''E,35,6759769,350.0,"39,1"
0590990053,27/06/2025,04/08/2025,,r nungesser,Résidence Nungesser,,59291,HAUTMONT,806227,oui,,Immeuble,20,50°14'36''N,3°55'3''E,160,1930104,255.0,"14,1"
0590990053,27/06/2025,04/08/2025,,r nungesser,Résidence Nungesser,,59291,HAUTMONT,806227,oui,,Immeuble,20,50°14'36''N,3°55'3''E,160,1930100,0.0,"14,1"
0590990053,27/06/2025,04/08/2025,,r nungesser,Résidence Nungesser,,59291,HAUTMONT,806227,oui,,Immeuble,20,50°14'36''N,3°55'3''E,160,1930102,90.0,"14,1"
0590990052,28/07/2025,29/08/2025,,17 R du Président Vincent Auriol,,,59650,WATTRELOS,805566,oui,,Immeuble,30,50°42'15''N,3°14'10''E,35,1928836,120.0,"27,6"
0590990052,28/07/2025,29/08/2025,,17 R du Président Vincent Auriol,,,59650,WATTRELOS,805566,oui,,Immeuble,30,50°42'15''N,3°14'10''E,35,6776406,270.0,"27,3"
0590990052,28/07/2025,29/08/2025,,17 R du Président Vincent Auriol,,,59650,WATTRELOS,805566,oui,,Immeuble,30,50°42'15''N,3°14'10''E,35,1928838,270.0,28
0590990052,28/07/2025,29/08/2025,,17 R du Président Vincent Auriol,,,59650,WATTRELOS,805566,oui,,Immeuble,30,50°42'15''N,3°14'10''E,35,1928834,0.0,"28,4"
0590990052,28/07/2025,29/08/2025,,17 R du Président Vincent Auriol,,,59650,WATTRELOS,805566,oui,,Immeuble,30,50°42'15''N,3°14'10''E,35,6776404,0.0,"27,3"
0590990052,28/07/2025,29/08/2025,,17 R du Président Vincent Auriol,,,59650,WATTRELOS,805566,oui,,Immeuble,30,50°42'15''N,3°14'10''E,35,6776402,120.0,"26,9"
0590990049,26/08/2025,07/11/2025,,18 R Léon Dubled,Aux extremités de 2 batiments exterieurs sur les3 accolés,,59606,VALENCIENNES,2854952,non,,Immeuble,28,50°21'12''N,3°29'27''E,49,1920767,240.0,"27,3"
0590990049,26/08/2025,07/11/2025,,18 R Léon Dubled,Aux extremités de 2 batiments exterieurs sur les3 accolés,,59606,VALENCIENNES,2854952,non,,Immeuble,28,50°21'12''N,3°29'27''E,49,6798416,90.0,"27,9"
0590990049,26/08/2025,07/11/2025,,18 R Léon Dubled,Aux extremités de 2 batiments exterieurs sur les3 accolés,,59606,VALENCIENNES,2854952,non,,Immeuble,28,50°21'12''N,3°29'27''E,49,1920769,350.0,"27,3"
0590990049,26/08/2025,07/11/2025,,18 R Léon Dubled,Aux extremités de 2 batiments exterieurs sur les3 accolés,,59606,VALENCIENNES,2854952,non,,Immeuble,28,50°21'12''N,3°29'27''E,49,1920765,90.0,"27,3"
0590990049,26/08/2025,07/11/2025,,18 R Léon Dubled,Aux extremités de 2 batiments exterieurs sur les3 accolés,,59606,VALENCIENNES,2854952,non,,Immeuble,28,50°21'12''N,3°29'27''E,49,6798420,240.0,28
0590990049,26/08/2025,07/11/2025,,18 R Léon Dubled,Aux extremités de 2 batiments exterieurs sur les3 accolés,,59606,VALENCIENNES,2854952,non,,Immeuble,28,50°21'12''N,3°29'27''E,49,6798418,350.0,"27,9"
0590990047,10/07/2025,08/08/2025,,13 r du luxembourg,,,59512,ROUBAIX,905377,non,,Bâtiment,"29,4",50°41'33.756''N,3°9'31.068''E,29,1919371,110.0,"28,4"
0590990047,10/07/2025,08/08/2025,,13 r du luxembourg,,,59512,ROUBAIX,905377,non,,Bâtiment,"29,4",50°41'33.756''N,3°9'31.068''E,29,1919369,0.0,"28,4"
0590990047,10/07/2025,08/08/2025,,13 r du luxembourg,,,59512,ROUBAIX,905377,non,,Bâtiment,"29,4",50°41'33.756''N,3°9'31.068''E,29,6759758,110.0,"28,9"
0590990047,10/07/2025,08/08/2025,,13 r du luxembourg,,,59512,ROUBAIX,905377,non,,Bâtiment,"29,4",50°41'33.756''N,3°9'31.068''E,29,6759756,0.0,"28,9"
0590990047,10/07/2025,08/08/2025,,13 r du luxembourg,,,59512,ROUBAIX,905377,non,,Bâtiment,"29,4",50°41'33.756''N,3°9'31.068''E,29,1919373,250.0,"28,4"
0590990047,10/07/2025,08/08/2025,,13 r du luxembourg,,,59512,ROUBAIX,905377,non,,Bâtiment,"29,4",50°41'33.756''N,3°9'31.068''E,29,6759760,250.0,"28,9"
0590990046,26/06/2025,25/07/2025,,87 r pierre brosselette,,,59512,ROUBAIX,905491,oui,,Immeuble,"46,4",50°40'17''N,3°11'36''E,39,1919363,70.0,"43,3"
0590990046,26/06/2025,25/07/2025,,87 r pierre brosselette,,,59512,ROUBAIX,905491,oui,,Immeuble,"46,4",50°40'17''N,3°11'36''E,39,1919365,210.0,"43,3"
0590990046,26/06/2025,25/07/2025,,87 r pierre brosselette,,,59512,ROUBAIX,905491,oui,,Immeuble,"46,4",50°40'17''N,3°11'36''E,39,1919367,305.0,"43,3"
0590990046,26/06/2025,25/07/2025,,87 r pierre brosselette,,,59512,ROUBAIX,905491,oui,,Immeuble,"46,4",50°40'17''N,3°11'36''E,39,8861265,305.0,"43,5"
0590990046,26/06/2025,25/07/2025,,87 r pierre brosselette,,,59512,ROUBAIX,905491,oui,,Immeuble,"46,4",50°40'17''N,3°11'36''E,39,8861263,210.0,"43,5"
0590990046,26/06/2025,25/07/2025,,87 r pierre brosselette,,,59512,ROUBAIX,905491,oui,,Immeuble,"46,4",50°40'17''N,3°11'36''E,39,8861261,70.0,"43,5"
0590990043,26/08/2025,26/09/2025,,9001 Av. de Jussieu,Tour du Fer à Cheval,,59512,ROUBAIX,478474,oui,,Immeuble,61,50°40'14''N,3°9'15''E,26,1921730,240.0,"49,6"
0590990043,26/08/2025,26/09/2025,,9001 Av. de Jussieu,Tour du Fer à Cheval,,59512,ROUBAIX,478474,oui,,Immeuble,61,50°40'14''N,3°9'15''E,26,1921728,120.0,"49,6"
0590990043,26/08/2025,26/09/2025,,9001 Av. de Jussieu,Tour du Fer à Cheval,,59512,ROUBAIX,478474,oui,,Immeuble,61,50°40'14''N,3°9'15''E,26,1921732,350.0,"49,6"
0590990039,23/07/2025,22/08/2025,,29 r eugene jacquet,,,59350,LILLE,633574,oui,,Immeuble,"38,6",50°38'17''N,3°5'0''E,24,1914324,120.0,34
0590990039,23/07/2025,22/08/2025,,29 r eugene jacquet,,,59350,LILLE,633574,oui,,Immeuble,"38,6",50°38'17''N,3°5'0''E,24,1914326,240.0,38
0590990039,23/07/2025,22/08/2025,,29 r eugene jacquet,,,59350,LILLE,633574,oui,,Immeuble,"38,6",50°38'17''N,3°5'0''E,24,1914322,0.0,34
0590990039,23/07/2025,22/08/2025,,29 r eugene jacquet,,,59350,LILLE,633574,oui,,Immeuble,"38,6",50°38'17''N,3°5'0''E,24,7458064,240.0,"38,2"
0590990039,23/07/2025,22/08/2025,,29 r eugene jacquet,,,59350,LILLE,633574,oui,,Immeuble,"38,6",50°38'17''N,3°5'0''E,24,7458062,120.0,"38,2"
0590990039,23/07/2025,22/08/2025,,29 r eugene jacquet,,,59350,LILLE,633574,oui,,Immeuble,"38,6",50°38'17''N,3°5'0''E,24,7458060,0.0,"38,2"
0590990038,25/06/2025,25/07/2025,,132 r Leon Gambetta,,,59350,LILLE,902903,non,,Immeuble,"23,1",50°37'47''N,3°3'20''E,21,1914320,240.0,"22,2"
0590990038,25/06/2025,25/07/2025,,132 r Leon Gambetta,,,59350,LILLE,902903,non,,Immeuble,"23,1",50°37'47''N,3°3'20''E,21,1914316,0.0,"22,2"
0590990038,25/06/2025,25/07/2025,,132 r Leon Gambetta,,,59350,LILLE,902903,non,,Immeuble,"23,1",50°37'47''N,3°3'20''E,21,1914318,120.0,"22,2"
0590990036,25/06/2025,25/07/2025,,20 r de seclin,,,59350,LILLE,639108,oui,,Immeuble,24,50°37'17''N,3°3'44''E,26,1908259,250.0,"23,1"
0590990036,25/06/2025,25/07/2025,,20 r de seclin,,,59350,LILLE,639108,oui,,Immeuble,24,50°37'17''N,3°3'44''E,26,1908257,120.0,"23,1"
0590990036,25/06/2025,25/07/2025,,20 r de seclin,,,59350,LILLE,639108,oui,,Immeuble,24,50°37'17''N,3°3'44''E,26,1908255,0.0,"23,1"
0590990036,25/06/2025,25/07/2025,,20 r de seclin,,,59350,LILLE,639108,oui,,Immeuble,24,50°37'17''N,3°3'44''E,26,9306937,250.0,"22,4"
0590990036,25/06/2025,25/07/2025,,20 r de seclin,,,59350,LILLE,639108,oui,,Immeuble,24,50°37'17''N,3°3'44''E,26,9306935,120.0,"22,4"
0590990036,25/06/2025,25/07/2025,,20 r de seclin,,,59350,LILLE,639108,oui,,Immeuble,24,50°37'17''N,3°3'44''E,26,9306933,0.0,"22,4"
0590990034,26/08/2025,26/09/2025,,30/34 r pierre curie,,,59527,SAINT-ANDRE-LEZ-LILLE,474681,oui,,Immeuble,26,50°39'40''N,3°2'41''E,20,1906956,330.0,"18,3"
0590990034,26/08/2025,26/09/2025,,30/34 r pierre curie,,,59527,SAINT-ANDRE-LEZ-LILLE,474681,oui,,Immeuble,26,50°39'40''N,3°2'41''E,20,1906952,120.0,"18,3"
0590990034,26/08/2025,26/09/2025,,30/34 r pierre curie,,,59527,SAINT-ANDRE-LEZ-LILLE,474681,oui,,Immeuble,26,50°39'40''N,3°2'41''E,20,1906954,230.0,"16,6"
0590990034,26/08/2025,26/09/2025,,30/34 r pierre curie,,,59527,SAINT-ANDRE-LEZ-LILLE,474681,oui,,Immeuble,26,50°39'40''N,3°2'41''E,20,6776384,120.0,"18,6"
0590990034,26/08/2025,26/09/2025,,30/34 r pierre curie,,,59527,SAINT-ANDRE-LEZ-LILLE,474681,oui,,Immeuble,26,50°39'40''N,3°2'41''E,20,6776386,330.0,"18,6"
0590990034,26/08/2025,26/09/2025,,30/34 r pierre curie,,,59527,SAINT-ANDRE-LEZ-LILLE,474681,oui,,Immeuble,26,50°39'40''N,3°2'41''E,20,6776382,230.0,"17,5"
0590990033,25/08/2025,26/09/2025,,3 bd  du dr calmette,,,59350,LILLE,637927,oui,,Immeuble,"40,8",50°37'46.956''N,3°4'37.920''E,25,1906948,100.0,"40,7"
0590990033,25/08/2025,26/09/2025,,3 bd  du dr calmette,,,59350,LILLE,637927,oui,,Immeuble,"40,8",50°37'46.956''N,3°4'37.920''E,25,1906946,10.0,"40,7"
0590990033,25/08/2025,26/09/2025,,3 bd  du dr calmette,,,59350,LILLE,637927,oui,,Immeuble,"40,8",50°37'46.956''N,3°4'37.920''E,25,1906950,240.0,"40,7"
0590990031,31/07/2025,29/08/2025,,"26, r Georges CLEMENCEAU",imm tour clemenceau,,59350,LILLE,442586,oui,,Immeuble,"49,9",50°37'17''N,3°4'46''E,26,1906916,0.0,"39,5"
0590990031,31/07/2025,29/08/2025,,"26, r Georges CLEMENCEAU",imm tour clemenceau,,59350,LILLE,442586,oui,,Immeuble,"49,9",50°37'17''N,3°4'46''E,26,1906918,110.0,"39,5"
0590990031,31/07/2025,29/08/2025,,"26, r Georges CLEMENCEAU",imm tour clemenceau,,59350,LILLE,442586,oui,,Immeuble,"49,9",50°37'17''N,3°4'46''E,26,1906920,260.0,"39,5"
0590990031,31/07/2025,29/08/2025,,"26, r Georges CLEMENCEAU",imm tour clemenceau,,59350,LILLE,442586,oui,,Immeuble,"49,9",50°37'17''N,3°4'46''E,26,6779927,110.0,"38,5"
0590990031,31/07/2025,29/08/2025,,"26, r Georges CLEMENCEAU",imm tour clemenceau,,59350,LILLE,442586,oui,,Immeuble,"49,9",50°37'17''N,3°4'46''E,26,6779929,260.0,"38,5"
0590990031,31/07/2025,29/08/2025,,"26, r Georges CLEMENCEAU",imm tour clemenceau,,59350,LILLE,442586,oui,,Immeuble,"49,9",50°37'17''N,3°4'46''E,26,6779925,0.0,"38,5"
0590990030,10/07/2025,08/08/2025,,25 R de l'Architecte Cordonnier,,,59350,LILLE,637623,oui,,Immeuble,43,50°38'5.640''N,3°2'36.312''E,20,1908351,30.0,"32,6"
0590990030,10/07/2025,08/08/2025,,25 R de l'Architecte Cordonnier,,,59350,LILLE,637623,oui,,Immeuble,43,50°38'5.640''N,3°2'36.312''E,20,1908355,210.0,"32,6"
0590990030,10/07/2025,08/08/2025,,25 R de l'Architecte Cordonnier,,,59350,LILLE,637623,oui,,Immeuble,43,50°38'5.640''N,3°2'36.312''E,20,1908353,120.0,"32,6"
0590990030,10/07/2025,08/08/2025,,25 R de l'Architecte Cordonnier,,,59350,LILLE,637623,oui,,Immeuble,43,50°38'5.640''N,3°2'36.312''E,20,7305992,120.0,"33,1"
0590990030,10/07/2025,08/08/2025,,25 R de l'Architecte Cordonnier,,,59350,LILLE,637623,oui,,Immeuble,43,50°38'5.640''N,3°2'36.312''E,20,7305994,210.0,"33,1"
0590990030,10/07/2025,08/08/2025,,25 R de l'Architecte Cordonnier,,,59350,LILLE,637623,oui,,Immeuble,43,50°38'5.640''N,3°2'36.312''E,20,7305990,30.0,"33,1"
0590990027,23/07/2025,22/08/2025,,64 r carpeaux,,,59512,ROUBAIX,474738,oui,,Immeuble,29,50°40'36''N,3°11'2''E,31,1904370,240.0,28
0590990027,23/07/2025,22/08/2025,,64 r carpeaux,,,59512,ROUBAIX,474738,oui,,Immeuble,29,50°40'36''N,3°11'2''E,31,1904368,100.0,28
0590990027,23/07/2025,22/08/2025,,64 r carpeaux,,,59512,ROUBAIX,474738,oui,,Immeuble,29,50°40'36''N,3°11'2''E,31,1904366,0.0,28
0590990024,30/09/2025,31/10/2025,,6 QUAI DE MARSEILLE,imm sriem,,59512,ROUBAIX,767301,oui,,Immeuble,"56,3",50°42'22''N,3°10'54''E,30,1904348,30.0,"47,7"
0590990024,30/09/2025,31/10/2025,,6 QUAI DE MARSEILLE,imm sriem,,59512,ROUBAIX,767301,oui,,Immeuble,"56,3",50°42'22''N,3°10'54''E,30,1904350,120.0,"47,7"
0590990024,30/09/2025,31/10/2025,,6 QUAI DE MARSEILLE,imm sriem,,59512,ROUBAIX,767301,oui,,Immeuble,"56,3",50°42'22''N,3°10'54''E,30,1904352,240.0,"47,7"
0590990020,13/08/2025,12/09/2025,,47 Bd Léon Jouhaux,Tour de Tilleul,,59650,WATTRELOS,805586,oui,,Immeuble,63,50°42'50.868''N,3°10'30.684''E,39,1887043,40.0,"47,7"
0590990020,13/08/2025,12/09/2025,,47 Bd Léon Jouhaux,Tour de Tilleul,,59650,WATTRELOS,805586,oui,,Immeuble,63,50°42'50.868''N,3°10'30.684''E,39,7349580,40.0,"47,7"
0590990020,13/08/2025,12/09/2025,,47 Bd Léon Jouhaux,Tour de Tilleul,,59650,WATTRELOS,805586,oui,,Immeuble,63,50°42'50.868''N,3°10'30.684''E,39,1887047,240.0,"47,7"
0590990020,13/08/2025,12/09/2025,,47 Bd Léon Jouhaux,Tour de Tilleul,,59650,WATTRELOS,805586,oui,,Immeuble,63,50°42'50.868''N,3°10'30.684''E,39,1887045,140.0,"47,7"
0590990020,13/08/2025,12/09/2025,,47 Bd Léon Jouhaux,Tour de Tilleul,,59650,WATTRELOS,805586,oui,,Immeuble,63,50°42'50.868''N,3°10'30.684''E,39,7349584,240.0,"47,7"
0590990020,13/08/2025,12/09/2025,,47 Bd Léon Jouhaux,Tour de Tilleul,,59650,WATTRELOS,805586,oui,,Immeuble,63,50°42'50.868''N,3°10'30.684''E,39,7349582,140.0,"47,7"
0590990019,23/07/2025,07/11/2025,,r des frères lumière 11,,,59544,SAINT-SAULVE,885769,non,,Immeuble,"30,1",50°21'58''N,3°33'30''E,40,1879310,0.0,28
0590990019,23/07/2025,07/11/2025,,r des frères lumière 11,,,59544,SAINT-SAULVE,885769,non,,Immeuble,"30,1",50°21'58''N,3°33'30''E,40,1879312,130.0,28
0590990019,23/07/2025,07/11/2025,,r des frères lumière 11,,,59544,SAINT-SAULVE,885769,non,,Immeuble,"30,1",50°21'58''N,3°33'30''E,40,1879314,240.0,28
0590990019,23/07/2025,07/11/2025,,r des frères lumière 11,,,59544,SAINT-SAULVE,885769,non,,Immeuble,"30,1",50°21'58''N,3°33'30''E,40,6798406,130.0,"28,9"
0590990019,23/07/2025,07/11/2025,,r des frères lumière 11,,,59544,SAINT-SAULVE,885769,non,,Immeuble,"30,1",50°21'58''N,3°33'30''E,40,6798408,240.0,"28,9"
0590990019,23/07/2025,07/11/2025,,r des frères lumière 11,,,59544,SAINT-SAULVE,885769,non,,Immeuble,"30,1",50°21'58''N,3°33'30''E,40,6798404,0.0,"28,9"
0590990017,10/07/2025,08/08/2025,,r lenoir/r pr. lamaze,OPHLM Bât.3,,59350,LILLE,671351,oui,,Immeuble,55,50°37'10.668''N,3°2'4.956''E,23,1879300,120.0,47
0590990017,10/07/2025,08/08/2025,,r lenoir/r pr. lamaze,OPHLM Bât.3,,59350,LILLE,671351,oui,,Immeuble,55,50°37'10.668''N,3°2'4.956''E,23,7305979,0.0,"45,7"
0590990017,10/07/2025,08/08/2025,,r lenoir/r pr. lamaze,OPHLM Bât.3,,59350,LILLE,671351,oui,,Immeuble,55,50°37'10.668''N,3°2'4.956''E,23,1879302,240.0,47
0590990017,10/07/2025,08/08/2025,,r lenoir/r pr. lamaze,OPHLM Bât.3,,59350,LILLE,671351,oui,,Immeuble,55,50°37'10.668''N,3°2'4.956''E,23,1879298,0.0,"45,8"
0590990017,10/07/2025,08/08/2025,,r lenoir/r pr. lamaze,OPHLM Bât.3,,59350,LILLE,671351,oui,,Immeuble,55,50°37'10.668''N,3°2'4.956''E,23,7305981,120.0,"45,7"
0590990017,10/07/2025,08/08/2025,,r lenoir/r pr. lamaze,OPHLM Bât.3,,59350,LILLE,671351,oui,,Immeuble,55,50°37'10.668''N,3°2'4.956''E,23,7305983,240.0,"45,7"
0590990016,23/06/2025,25/07/2025,,"70,72 R D'ARCOLE",,,59350,LILLE,445795,oui,,Immeuble,49,50°37'22''N,3°2'47''E,24,1879718,0.0,"43,3"
0590990016,23/06/2025,25/07/2025,,"70,72 R D'ARCOLE",,,59350,LILLE,445795,oui,,Immeuble,49,50°37'22''N,3°2'47''E,24,1879720,120.0,"43,3"
0590990016,23/06/2025,25/07/2025,,"70,72 R D'ARCOLE",,,59350,LILLE,445795,oui,,Immeuble,49,50°37'22''N,3°2'47''E,24,1879722,240.0,"43,3"
0590990016,23/06/2025,25/07/2025,,"70,72 R D'ARCOLE",,,59350,LILLE,445795,oui,,Immeuble,49,50°37'22''N,3°2'47''E,24,6776374,240.0,"42,5"
0590990016,23/06/2025,25/07/2025,,"70,72 R D'ARCOLE",,,59350,LILLE,445795,oui,,Immeuble,49,50°37'22''N,3°2'47''E,24,6776376,120.0,"43,8"
0590990016,23/06/2025,25/07/2025,,"70,72 R D'ARCOLE",,,59350,LILLE,445795,oui,,Immeuble,49,50°37'22''N,3°2'47''E,24,6776372,0.0,"42,5"
0590990014,26/06/2025,25/07/2025,,6 pl rosette de mey,Rés. Tourville,,59350,LILLE,629974,oui,,Immeuble,34,50°37'48''N,3°1'31''E,23,7305967,0.0,33
0590990014,26/06/2025,25/07/2025,,6 pl rosette de mey,Rés. Tourville,,59350,LILLE,629974,oui,,Immeuble,34,50°37'48''N,3°1'31''E,23,1866127,100.0,"30,5"
0590990014,26/06/2025,25/07/2025,,6 pl rosette de mey,Rés. Tourville,,59350,LILLE,629974,oui,,Immeuble,34,50°37'48''N,3°1'31''E,23,1866129,250.0,"30,5"
0590990014,26/06/2025,25/07/2025,,6 pl rosette de mey,Rés. Tourville,,59350,LILLE,629974,oui,,Immeuble,34,50°37'48''N,3°1'31''E,23,1866125,0.0,"30,5"
0590990014,26/06/2025,25/07/2025,,6 pl rosette de mey,Rés. Tourville,,59350,LILLE,629974,oui,,Immeuble,34,50°37'48''N,3°1'31''E,23,7305969,100.0,33
0590990014,26/06/2025,25/07/2025,,6 pl rosette de mey,Rés. Tourville,,59350,LILLE,629974,oui,,Immeuble,34,50°37'48''N,3°1'31''E,23,7305971,250.0,33
0590990013,25/08/2025,26/09/2025,,3 PL GAY LUSSAC,,,59606,VALENCIENNES,453836,oui,,Immeuble,"31,9",50°21'17.136''N,3°30'8.784''E,43,1866121,100.0,"27,7"
0590990013,25/08/2025,26/09/2025,,3 PL GAY LUSSAC,,,59606,VALENCIENNES,453836,oui,,Immeuble,"31,9",50°21'17.136''N,3°30'8.784''E,43,1866119,0.0,"27,7"
0590990013,25/08/2025,26/09/2025,,3 PL GAY LUSSAC,,,59606,VALENCIENNES,453836,oui,,Immeuble,"31,9",50°21'17.136''N,3°30'8.784''E,43,1866123,230.0,"27,7"
0590990013,25/08/2025,26/09/2025,,3 PL GAY LUSSAC,,,59606,VALENCIENNES,453836,oui,,Immeuble,"31,9",50°21'17.136''N,3°30'8.784''E,43,6782217,0.0,"28,2"
0590990013,25/08/2025,26/09/2025,,3 PL GAY LUSSAC,,,59606,VALENCIENNES,453836,oui,,Immeuble,"31,9",50°21'17.136''N,3°30'8.784''E,43,6782219,100.0,"28,2"
0590990013,25/08/2025,26/09/2025,,3 PL GAY LUSSAC,,,59606,VALENCIENNES,453836,oui,,Immeuble,"31,9",50°21'17.136''N,3°30'8.784''E,43,6782221,230.0,"28,2"
0590990012,23/07/2025,22/08/2025,,2 R ST-JUST,rue de la convention,,59350,LILLE,547949,oui,,Immeuble,"31,1",50°38'8.952''N,3°5'39.840''E,23,1863347,240.0,"29,3"
0590990012,23/07/2025,22/08/2025,,2 R ST-JUST,rue de la convention,,59350,LILLE,547949,oui,,Immeuble,"31,1",50°38'8.952''N,3°5'39.840''E,23,1863345,120.0,"29,3"
0590990012,23/07/2025,22/08/2025,,2 R ST-JUST,rue de la convention,,59350,LILLE,547949,oui,,Immeuble,"31,1",50°38'8.952''N,3°5'39.840''E,23,1863343,0.0,"29,3"
0590990011,23/07/2025,22/08/2025,,8 Mail Lamartine,,,59410,MONS-EN-BAROEUL,582564,oui,,Immeuble,87,50°38'38.184''N,3°6'47.628''E,36,1863341,330.0,"43,8"
0590990011,23/07/2025,22/08/2025,,8 Mail Lamartine,,,59410,MONS-EN-BAROEUL,582564,oui,,Immeuble,87,50°38'38.184''N,3°6'47.628''E,36,1863339,240.0,"43,8"
0590990011,23/07/2025,22/08/2025,,8 Mail Lamartine,,,59410,MONS-EN-BAROEUL,582564,oui,,Immeuble,87,50°38'38.184''N,3°6'47.628''E,36,1863337,120.0,"43,8"
0590990011,23/07/2025,22/08/2025,,8 Mail Lamartine,,,59410,MONS-EN-BAROEUL,582564,oui,,Immeuble,87,50°38'38.184''N,3°6'47.628''E,36,6737061,120.0,"43,8"
0590990011,23/07/2025,22/08/2025,,8 Mail Lamartine,,,59410,MONS-EN-BAROEUL,582564,oui,,Immeuble,87,50°38'38.184''N,3°6'47.628''E,36,6737065,330.0,"43,8"
0590990011,23/07/2025,22/08/2025,,8 Mail Lamartine,,,59410,MONS-EN-BAROEUL,582564,oui,,Immeuble,87,50°38'38.184''N,3°6'47.628''E,36,6737063,240.0,"43,8"
0590990008,13/08/2025,12/09/2025,,70-72 façade de l'Esplanade,,,59350,LILLE,639734,oui,,Immeuble,36,50°38'41''N,3°3'7''E,20,1828485,10.0,"24,9"
0590990008,13/08/2025,12/09/2025,,70-72 façade de l'Esplanade,,,59350,LILLE,639734,oui,,Immeuble,36,50°38'41''N,3°3'7''E,20,1828489,240.0,"24,9"
0590990008,13/08/2025,12/09/2025,,70-72 façade de l'Esplanade,,,59350,LILLE,639734,oui,,Immeuble,36,50°38'41''N,3°3'7''E,20,1828487,105.0,"24,9"
0590990007,26/08/2025,26/09/2025,,"1, allée des Coquelicots",Tour Verdun,,59410,MONS-EN-BAROEUL,1607592,oui,,Immeuble,"34,1",50°38'17''N,3°6'9''E,27,1828483,240.0,"25,8"
0590990007,26/08/2025,26/09/2025,,"1, allée des Coquelicots",Tour Verdun,,59410,MONS-EN-BAROEUL,1607592,oui,,Immeuble,"34,1",50°38'17''N,3°6'9''E,27,1828479,0.0,"25,8"
0590990007,26/08/2025,26/09/2025,,"1, allée des Coquelicots",Tour Verdun,,59410,MONS-EN-BAROEUL,1607592,oui,,Immeuble,"34,1",50°38'17''N,3°6'9''E,27,1828481,110.0,"25,8"
0590990007,26/08/2025,26/09/2025,,"1, allée des Coquelicots",Tour Verdun,,59410,MONS-EN-BAROEUL,1607592,oui,,Immeuble,"34,1",50°38'17''N,3°6'9''E,27,6737054,240.0,"28,2"
0590990007,26/08/2025,26/09/2025,,"1, allée des Coquelicots",Tour Verdun,,59410,MONS-EN-BAROEUL,1607592,oui,,Immeuble,"34,1",50°38'17''N,3°6'9''E,27,6737050,0.0,"28,2"
0590990007,26/08/2025,26/09/2025,,"1, allée des Coquelicots",Tour Verdun,,59410,MONS-EN-BAROEUL,1607592,oui,,Immeuble,"34,1",50°38'17''N,3°6'9''E,27,6737052,110.0,"28,2"
0590990005,02/07/2025,07/11/2025,LE BOIS DINOIR,R DE NOYELLES - D29,Ancienne Briquetterie,,59476,PROVILLE,438720,oui,,Bâtiment,"25,2",50°9'16''N,3°12'13''E,72,1817374,230.0,"12,5"
0590990005,02/07/2025,07/11/2025,LE BOIS DINOIR,R DE NOYELLES - D29,Ancienne Briquetterie,,59476,PROVILLE,438720,oui,,Bâtiment,"25,2",50°9'16''N,3°12'13''E,72,1817372,110.0,"12,5"
0590990005,02/07/2025,07/11/2025,LE BOIS DINOIR,R DE NOYELLES - D29,Ancienne Briquetterie,,59476,PROVILLE,438720,oui,,Bâtiment,"25,2",50°9'16''N,3°12'13''E,72,1817370,20.0,"12,5"
0590990002,22/07/2025,22/08/2025,,100 r pierre dubois,,,59178,DOUAI,806203,oui,,Bâtiment,"24,7",50°22'28''N,3°5'11''E,26,1817356,240.0,"20,7"
0590990002,22/07/2025,22/08/2025,,100 r pierre dubois,,,59178,DOUAI,806203,oui,,Bâtiment,"24,7",50°22'28''N,3°5'11''E,26,1817354,120.0,"20,3"
0590990002,22/07/2025,22/08/2025,,100 r pierre dubois,,,59178,DOUAI,806203,oui,,Bâtiment,"24,7",50°22'28''N,3°5'11''E,26,6776365,240.0,21
0590990002,22/07/2025,22/08/2025,,100 r pierre dubois,,,59178,DOUAI,806203,oui,,Bâtiment,"24,7",50°22'28''N,3°5'11''E,26,6776367,340.0,21
0590990002,22/07/2025,22/08/2025,,100 r pierre dubois,,,59178,DOUAI,806203,oui,,Bâtiment,"24,7",50°22'28''N,3°5'11''E,26,1817352,340.0,"20,3"
0590990002,22/07/2025,22/08/2025,,100 r pierre dubois,,,59178,DOUAI,806203,oui,,Bâtiment,"24,7",50°22'28''N,3°5'11''E,26,6776363,120.0,21
